6fe06564c1c305405523bc08bc75342d84272e16	912ed1efad265d8a8f56aaabcabc8f7b171c2baa
623e9b79d6e2a16f818d37abefc6bce9cca154eb	2fd57543a0a3580d0733705608e49f0fb0420ce2
20585aad3680d0f7e1cba277fdf6aa5faacdf656	e610e76608f0d4fc06681bb29584b4617ba87a8c
f73e65201c3904fb6b84a04fbe658ea7ffbb6bce	5e72d51b6ec0bbb4bbdac86efce7cedf96816f3a
58ad1c4335cf00efa447e88fa1061cbdd079096f	9696393bb7ec82d41cc806ae5b3326d43ca0d98b
af8087191c60478ac5aa5d5e60a0fd87b5051fee	ef45a9b47fba5f4c82bace6978bc354a4900a175
d835c845c1b7d8a38bdcace53d4249deeedc808d	ffecb586a5053c4b6958970946e4a8fe8f62ebf7
ea1d8f611b8465d726d1b4c5089ab62e071d426a	0a7d6c80e057c0f8feef0fda4fc04afcd342020e
6db6ea66c398b9208ccfa825eaf75668eb167423	0fbca85462689c1ea72f7f1af511540ff873aeba
9d4bb6d3a777b81febd5b94d9d3432a43b55e531	e4079d4687e4a0315c2d14a533481cf3d453561c
33073b4821ac84df6699b183d343d8d00311538f	151c5ad71e7818312b93b6748847f3aa2d6bdd9f
76263ee0bdbf68f7d1d2d47fae77d0e5d85ab660	c7a1ef19313b3210029c55f18308ca7f09f51b74
8ca9c224435ffd466f3d195cca7f149b5f8926dc	ac8d41167161d3d645beeb6a6d44447ff2d6c291
68a80decc3f1a11e5eba2a6e65c03e1e788203a9	6578fc29a6c413daea524fcd900c91243b00620b
32920be34efc006473c58d02629e91b01aa4351e	2ce70add45a603f4e792fc2022822ec189d2dbc1
514798c91c2d0c5cc69e574e7f95703086ef0021	65fe909d7257e11fd34961397649e9a4a89f5348
0f45b9c0aeda2e58ecb49cb160613b72bac75e52	9167595c7fbfb6209aead847ce464c217101294f
dba72539dc672b5016b551d1a9f0428591233da1	4dff25c907a512d63e880aa2ba075dda15aa5470
d02154fc8664fb7073814e159420e927a8f111fc	91577eaa291fc721aaee5ab17948d6e676f572d7
036d21cdd0cd19a16b1efb7ae1fc5d7f49d8b8da	300b167b40bcf4d0541f610e6c3acd3aa585101c
d5b6de3fee4b85d087f70629985e92240a205928	e145e14d1b4c18121d41247f14836c04f76db5c2
5c3799df0bd38e7843931f044cb84d9878fc55c6	282a99c94b021eb68aab47a76c6436442d012474
babb41934d9c752e2a0fde4bb62a64ddbe04c80a	59f645f50d36e64e1b67b6de6f74727821bb6774
e7b220d3cf2b2f7c4665c53858f3f588daa08177	64ce7558bdaf7bde77dff01bdafb2c088590b43a
0efc73e17ccb4f0a22f41308363163d4a3d81e3a	9df3072b069b5f414a7ce0f6861f8d908c9ef267
bfdc8aae0cfaa27dc11f51ce68ec83bbe6b1c088	42c9326287d10dcce6b869981361afbcf338fca6
9a7e87b6b74e41e4725cdb478f3677970311bd8d	1f85dbc94a19543d4645a6c0ccf613f229f2b09c
9d507234697b201caf86cffec158b620b6b382b9	7ddf5d986ed01501879335b06f56ff03431dfd10
36d940307047d0148e2ac8ab24eb086605197abe	ed6cf760d0c2afcee72fe31e233ca0413b2ab872
76206ee92faf781986b208f1497c426c7b616a5c	777fea0ae58a740dcc24af223bc14b8873d19cb1
d29a86146a360f7aae04ef09110b29282028d669	e190398b4f177ce9d9523ab8c921e5971880db4f
e06c081f4497355754779a0a1467546b8c4b594f	8735b1d156a9335045d5835647c090fd0ec219e1
6209724c0d8f68bfc297c195fff85b495f2493d4	17b176a18d6c4e814bef72ff2cd54a5e794ab696
1aa5a6369d7bf76565fff67f90a39782d36f9b58	42926537659255cb5146ef187c4019c82f03acc6
060bdc9cce9ecb8751c632442ce3fb3f9215d1a6	2937cb71ece919cf5c8437dcb5ce21488a258d58
ea830b2ab65ed42c6bfb7a2e991c17160713472a	607a27e6cb6aabd5f561935df77c6d130243226b
1c6559b11248231b279acf47b0530fe89b5f98b1	b0e93f894dc70ca97e91bc687a17f8421425cdf5
9ef0d447fa5e7c2da897b62fa274e1a5c360244e	ada9305a78177acc2c130131e12b96eab82d58a2
9a69a82599de6fef82d94acd17161af457d4c021	91cf89fc868763f1afe077c80709d2f077fed00e
842239abcd41fd53a296f8a1bffeeb93b8409394	6cadb1a6f5f2d97c1be64b51c05cbb540cc8e978
89327321257a53b8c81cdf24924037a49214d4d1	0cb7f35c1f9064a14d046da90016bc76bad46b61
5fc8c109cde595e0a0ffc83fabd1584942d14ff3	8cbc00fc3e6e4848190ed09f89225c2cf598c7aa
a46fada9e42f8a9907676c777cd9e463ee2fe15e	ec65ec82bf15957ff03bd8ef4d1e491a5c70d362
a884ea728e27e2395ed341e08de5714e24bcf77f	ece318f9d29e43ec6b87f62a25e3f1e784691c09
2b8376aa10f23c55b031470efab6add4b7f43b9b	93823c3d01d664bcf6d1da125f8be4a60f7ee1be
1af701ea38181560a2d166613fd6f9294bdeb8b6	e4327dca9ed6ae7cf0be6a11db8bd6f2a1ba506b
997ddc2f1d4abe5cc6a6b780b2cc017ec50676b5	2bf7ffbf8b3723df52a6c469d3037c10be46e49f
772a4e13236d6884f17c7f6703edb85e04421b5e	fb51b50756fc999448a2b15f5211e4956d840179
2bc55a650c240b02cedd8dd90ed8375747e37743	c35faabf402a4da93b8c31cdfad941b8b1528ffc
37d0f7b5b9524f7fedb082ddc906e551ce59e77e	e2d7ac1bee8c0c147b4582ac78f39d503283cf70
10c1dc6b328018776c24d2979119dac8265f52ba	d017b5bb45068e7f35aa2223676dcb5a6f658c7e
34635341daac51bc41fe868246a6e558bd6fdd04	4d7b7c1690fdbe575ffa863edf2263b0ab4e23fb
958dbda46265ee14dd05f8257d0c431c38036483	8fb4083a318e3cfde39b403d644b3485f3486c97
348211d61946038bc567f812fcb80d251b12471b	8b2b765bebdca7d767b36b308a3e4a11505915e4
a9ce020328f5e62aeba7f277b60c25c3523f060d	53464bfc5478943e892ef6743bb49ebecf7dfe89
4c2891fe78f5f180dfe035c06ae9ab9f0821cf7e	6b495134c3d8f878596a7ff87c3956196009cbd9
f81cb232671f27d167e085043e63882688dd1923	e053cc73335e56a4ffe1a1f0a9c1e9aa86ada624
0aa20275f17ffd41f8d43856884744ee85e25918	2aa9e9329f65ceec28c3bb6e459b16a66e0f5a55
405a51b933241531cfdc0641f1f58155feaf55c1	6927861bf4659171561260dda7b18a0d6a326f8b
8beb2c8653e09292fd4c3a035213bde8ad1b20f8	63942d26072e6b5590d961411e9cec189491c948
d36a045f76cae03fb0f2e787b051301d40335989	1292a85a5e102ff86f2a5974ad8181e1d2d68f1d
d2e48942dcfd2a0f7b292ac6293da4c0e92af4f6	060b743bbaf577fd5046bcabb1c693e9815bb266
9b1bce28b7ca13561eaf720727e19f2625c60ea1	d8b190f7647e65a41f605882a19520566a786f8e
6a2f5aab5bc5c55a91ffc723f58799cb422b2042	933857930ae3b50b21dfa1b6bd7f98d58c99d684
af14c377f9cd5ed36f676b5d7a0ac5fb9685d779	eef6bafffd2514debf4e8db87b90074d76e0c5ad
7a006f2bce111c8e1a42b7452ccbdf16301bb5bd	317ce06e9b7f774ae8ba21221a3d4f20d177f300
e1472e17bcdcdc1dfd8c6509536a268be8403aa9	1112e7c9b48adf4d230bbad0d37a185e9e707f19
a5c206708fcc61529990742fe5192e9e7e810dbd	245b1321bb470ec8676f924c674c6d557f1a73fd
fa12897d732f75cfd5039b0729c447135b96b72c	01a56cc2ad731f9dbefee4f5eaa94237cea75373
d2d1047706732ca39e756ab72e1740227b1233cc	d3280effe1338183e1a0cdcb7c2fd29f01ca3dad
3369d25ebbf0db2b2657df8a57c88e42c7f14b21	5df4541cfb4e03c1e226f36577d6857179551265
d17d3463bf09594ed4b19ce8c5ab720253d894ac	f70af240f4853c4601ce86064f56cd71c89c0f8e
6bb013efa8b39b634d0c25e21161db55dc93bcbe	0dc2d1ff9a82dc1f5c542e21646324a4f320cafd
4f0897c7bab7e1fd78d6d1abad2dc13545f86b20	ca4e24c296acbd1f45fdff8361aceab26357fec1
a89de80af58679a4c8212d40c92c4bfc1113ec97	70755e19bbc6491fc75266eb8cc87c409c09a4c6
4779e9f3736a893b096017145bf6f317acd23ba8	34b327525d214d9338844d6ea97dbccdbd9865e5
8581736857e65d1bf6944f622262036af6695ac8	220cdd599de0cf6420840d15f65f3331390c4b48
6444457f571cde829a55ce89fa17c0d33d5f3ff4	2442b238af31b8538bb29576fb705cfc6a7bb014
cf70d2e98611140c3791afae9cfaade58601e64f	fbde2415dd8af74eaf929de9c566ee3a2f2e7806
5e99dc9474dd07f6f13b813332068406b23a6bab	19e7fd8ca03b404ded5169503dc441bdf25d28e8
4e778cd43ee6c98e9c72f1eb54793f5f1746f295	20c2cfe208ee372e5a6c1e3a1edbf80d0d72cdaf
197c54d642dbaf649db0a8fdf6a77795037915fa	8548c9d433d1a50bb40bfe081faa3966d15682e1
29c659e761e8aa49b8e4b55f795fe690239478f8	a036cd4e6a0d126da5c55dd31dbfbe18a467890e
bcd99d233aea432ad61d5659baddc4118852acc1	a15acd85e322df3eefee419a9cfa6b9a4e163693
08dd827695869abea499ac5b0cb4c74741ed5dbf	53095c6a30bf949e3562a49d945cbfec23473dfa
94c29481f780be53c08d4fa72ea4f1f2a0133a1b	bdbf6e8588d8ceae7fdcc5c1f6d9f3413ad93668
12f127cddcc5d62f6e2ecd715ff6cf6f9a671e6c	09964183c8d287cba94e008c5c2eaaa095545318
738a33fd8fd4933a076997d6212eb812ef3189bc	ad319bd3b45e2896e55e50a16c26e5be487b152d
c8cff452d1e1b6bcbf954eb5472ed31ba5690638	3e63f4ee41f7842944698e39d810069fff66e8fa
a18b1f050748bc22deccd42ebb0e9144e0931181	e47570e4bf3e013c0166c85bc150cfd8bb2c3e7c
565039c670c1548e0fbd9ceba2bda68350f2a973	9b6a50ce11a13cf424b612c9ebcaf796f9a6f3b5
414df0b48cb0b881e643413075aefe782f2ada32	912778dd6e8b857faec0b3ee41d139cf8b091808
7154e442a769a7e88486d28b9858ad521e925436	3ad00deadf3e09c9dcd48dfff900365ed40439a6
282417c9bc31ed05fc9da701d2943900ada44d25	0dce34bf20bcbfbc6e1d17ea5ab8701d7ce26d01
c4d19a66b45b8532068fe5735ea0fa8dbb89f00a	1a920197dc06f1aab77cd1211065be97b711edd4
778748374e662c10f1c9fca61e9b7663d4b9a2ac	8eb2c5a4d5a643bdfcdbc2959a4695a91c5d3cc2
9f8dd7d25e7dd084ebd9ad70f933b4049897b0e5	be1ac695eef925aec7d96de2b24ffa1d93f88e29
a34d4382383e229cce24a82646e735b260e98662	bb45258b107c9510a87d1c15d2fabe5ae5c16714
5f07bd38ad6baf0345f59e8b212476aba8352fb9	6ddf85564278c5e0918224413f2cb998268b6e3b
f55979a021cabd9fae73533fd6603be393fb9f93	d186254aa07354494183bf3bfa90b3b1b2b32480
ecaa5c9cd93a4c87eb77cac1d47fa704f6fcc808	d148d8cad438655448985b4bf9352aebf9d1ec18
52f37b3779484058e1cc28017ecb38ac25bb1ece	e1d873b31088a1fb7bdc392f6493277044155b45
f7ff107320679bae067b04e12dbac360c9bce0c9	9f8d1a46d0fe7ccb2249206f96d290d75178035f
dbf726459b4335559e35b6a78c3f3ad104efa973	28b5cf88e54631a0c9326fe6993aa66d3e1fa202
53fcf575254ff42c69c99b4cab6126cfaaca09b3	890bdc5bd967a25bd5dce2607c1398564e957942
7f287602e7b73fd697db18fde43c5c452ca71ef1	05c214e15fbdbcda0029acf9773217caee7d8de9
6517e4214e2def72299e9edb24f07f8abcb30fab	ba6e3daa16784178794fb289ed0365f4f2893c81
0540a7d07cfa9c15d66e04415736ed79cf65a293	163d6c595b5d7e9d56854120c16fda2ff0961232
c90fcef37e815d7a333a7011c9e97eddc7dfe485	82950f982ae2fb265985215a1a956bbe46a8a1e6
0dc002d487fefdc24e102ac7bb947be317fa9a48	8ce22abd7479aa9eee20e8fe86bfc4c49dc36395
18e33c46a85d753b4d49da6688cd45097d09f7dc	b067d3a1b2bbc40d0a4bb8675fe6245c908eb4d4
9ee1beeb5b52182c58c6f477c80c781ebc399882	87fcc9105f230dd5378da91277649274f0480d2b
8bcf42221a8380bca20dc310c5697feed660cd1a	9f7b7c8981b880f98dafa175a61704b22979de08
e09da9034a2521a0ae29ee78dd8a2f9a4a1416d1	1a32274e0f10573c4204e1e22a4d38b7b6e7b8c6
413810cbe007fe651c76fbdd59cfa499e1fac502	0d28c26dc5b2ef61ab1cf496da5cf0adad98a22b
54ab4f24c12b6be46a166a4a5283c5a42c9bf0dd	5b0a33c7700dc2601322ffb66c953f4b6f1c4334
d6c49b58d451953bed9381c048b8ec56a574cc67	635851a8874d5e988cb948a0fd6796e80718d224
2125c7e8fa627487616e8b696d6b784a5191fd01	4f443b18c1c16a440391e6beca11b4644ce06405
926a85f70cb3bb9f35c8f4dcd760df2759c9875f	2b47425dd71591a09798ff3f3ebdad22efc4df2d
ccae38a61f27a7a38a641315ab813903cd9f3d8e	c2acd85c5a307cb25c9f1c0d6b05f2e9f1938592
783cb3acffb7d6879db51d4db453f149a1ad2c4e	379b21161e328ea25c5eafc9c01d8110c9912ecb
0088cc1f0dfe865c2f342c6fc29a0addd6e12a08	2772f99de5527ea766f3243a78b99ad7967ec6ae
43929a7ada1af8de823f14c95b228b9f622ea442	6686fd34637a7c69263ec49e0a7e1d60e41b5a4d
92f66565611d01b8b37c34b27879de57c514b078	99e6aa8c2bf4eea8dc983df2880e99bfd10c1776
133239af92b68f64e93bd2e1ca9d6b7d4bfb4393	7b184cf5f417e3e455ab0877bde2fb2ca302297a
f7877868a09aed5ff090e9aeb6ce0d3581e182b0	f12f446187f4a0f0c99bf0106b48ef8cb72be03d
4fb443f88f716aa4c56639c150a2c3cc27e7b693	0d2239106f176ec058286e8fccf8e82669c15f9e
3d9dfb703b284a53990d77aab98d391bb8778a8e	5f56f02c3324f8d4c73f2ef820d9b6e176e4266c
c19f9d1a86b11eb0d897ca91156ec7239db16def	06bbc8283f40f93b099efcd7e6379752e935af35
0ed447865164f6bf75d53e84684183317bb4e915	9fa1b906eee1d5147ab78ec1cf5f2132c9e65006
dd05ec139c27dea1f3949ce322fe7afd2448e78d	78b3a6c0eb193b3af1ab41b06cc18a30b3a53f5a
fc052a2087f4609768da637c6d954b4fb3436502	4494c96285f93650c76f4c8cc2cecaad6e0859a1
185bf2ef0f40fea81cf76526df7e85b1499b4638	8c7b230d912dac2f809006460788b9c4322a097d
7df5967b4a8527eb466515d2966a001ac79ac0e8	9e20e7c74f3e5b55cfc394dda51068ee03cd59b2
b7087354483a0889f86a1e615e971197d17f595a	a8fdc36caeb006a8f7b9a19aa6c4750dddb52e99
52656783e43d158ec8ce711c7bcd3c761eb28f96	e57e6614aa44073e878d712dc576147690c778b5
855fadf72451e399d1a6faa31d0aa1fe0cfc572f	acbe11adaaa32d6db29766d7cce4229ca9b0c6f8
24e2ed92966ee8b26de1b16c958263e7c5b283f1	aaaefb00b9798a4941e78129af2c3275af6412ab
4d0fd8e53c9a8b4c229780c632f0ec5745bf57d7	38d539094c6068a2a7246175cf93af6df7d625d5
dc666c2b12b2029328f317d64cb497c56330c5f7	c2e34cf6f8dea3f5b03337e19f68a84caf9caba0
e33285ffce87ffa250ad6cb57aeba69a7dac0d6c	58d53cc61dd2040da2dd951339544d8ca2881dea
03d6317c49784a825de7326654fd0f85db66f1b9	6a8f1c483db6487f2776792b7b11d425492d15ac
a05c017f719d1ca4007178880e069ae1b91d5336	808ab6c83af58db8857fc8f03d80447e6b151707
0e4cfe38e7212b7b2ff172ccb0a564d444404a35	908653330b98bd597efa1de55f0b64479e3c0e7e
7e08923b63027a81814f5f9db60501b144e8c13a	994cc243a47b1258797a65e2d06680e57d21b75f
ffcfe2fb00c07080607fc550124c25148badbed0	aac61e52205f7f60adbe34ef9b97f78516e1a2dd
d60e53522b2ab72da43d16194dcf17a61881c231	54d14f37aa474314cea2a7c00f5d09ae33438501
c34f24b7c48ec8c690726d4c49483bc6fae73320	d8581d9ba627bd561d830a652dae73eac9a9e188
9699a84c604da98b6d26e4e594c66196f421b2e5	849e5c2b1e5abc0e48da3e250da945ac765a12f1
0021c8086f212769f3b5dc580083b4f81d52993a	87e9675a50cdd73e542e685db964c226a3603b63
880361a02af15dc5480da7bd7b05f21c82dbd90e	b89f813d75723485ff8282d104d3a7e7c78935cb
3945d0db65f85b056e1abfd9ec273db00512dfc0	64de969275844c712c2244195781290caeffe513
71e65dfc3b4929b3903147a6b27bf84b08c1d054	43f4048acd2e4a88984bf8ab72a8a4f86068b114
fe9e85c2f5a9d91f60cc8002e37bbfc3b035aaa8	b710b89a9753b32039d0a0c3c40d8a694f1e1a32
14853729faeb44c11ece24003f7c464a9992d44a	31607821ece91735a50a6d88ea22e30592295cce
b03c4a0a25db6bf2bf615e082c16a8fa9b1cf6af	cc8b85a6ccaf8c39f6a3e510c791d8e14825cc4b
3a2c6dfa2e21ee7bc15d09656aa5e3d5f2dbee4b	3963d74cb3b173116b66bf525ff10e12965ac238
99f388dfef49908dd1f96a210c332700a69bca66	57bbc0a57de447f3ca933e116002f2d02b74a6d0
769c38a3472447830bdb473b1af4d13723f56ce5	1ecafaadca84c0a94b42acaaa631933f1f32a096
4bee5e16b87bfb9eeb12f4eeed1c4a9b19a89033	da9d70f85bdc051b570a91095c482e53b595da66
ebd0ac803dbc693acd4c06ec179ca3e3c68d2701	14e8742e167251e2f0e0dd3e587e637ec3232c0f
9eac23bbd39fdcf9d90e96e99487d4a3625b22e8	d959ae12ef0ddd53ad27d84dce16db1543779e99
18ae47ed854870d357d96a33b2ddd066a7e1af77	21ac1665bdfa534784078b6902720a8e29cc0708
b7567be8ebbd7a12109914f32e20ac62ba3bbb13	2de575c1a973ea5a25c8cb35a14975c7e6458c13
c85732584a3a4a5646341f73e7f0abe5747ab186	b1a927afb01734f1a0986244d6ca0eddf1598d9a
fb1661656d09a9ac5086a88320afee36777b43c0	17d15d5d8d09e6c7d1420255f2c5404f81def6e5
b420baa1b0f0ee566a15f047099aa00e7babb80a	0a3a2d0643b0846573a90597bfee9a6882e85e3e
2f37af5d1ba53c0ff7a4af838a5075586662effd	35cb269491ed5f723583d4b8a7d5a39648789e9d
2cf00f71939964e7900c9d2c3a69185b784c7741	61a5846b9b2721767cd9591af942f46f33630e39
87239613f549fb4eb15b5f299b640342a2a1cbac	29f6d0962ba22303575621c9e36d18191acf32ed
00a9773fe611f150e14fd62e09c331907f3ce15c	f93e00058b3edcb1f879771e2494bc0b3386f03b
b0722319b338bcbae414e3ae7668a0b49d8e7bae	a84aa6d9f507d92ac1376a5f557c19fe614cf2ad
831deedb0318410d3d07e77114ba22ffe448107c	a4ab63691d40b41cd54d97539be47fe10c52c9ab
2bf881147b454f1e40f4359be3b7548b5422560d	12574e9c5a6f86c6e9ab5283570b16ebecab0524
7bda30bb0f0702d8a403006df5c6ccfbc258f579	35d1d39e1174134b1716e1bad461a99304944312
13057f1e2d5b33d3e37e6597ec6ab1db48f185de	39f39f6e3046297b7c7440e5ecb09f6a5b9808a9
0bf951da1b518320a25d9115b99c47efd493528d	7ac9c9569e158aba950fb0a103188c7a4b4398e3
6adeee56aa40ee5f8c950f065e3d7c7befaadc11	8ef564ca61885b0d14091a2295439543bbf76f92
0df2f27dd05551c1f3b6e0d6c0b4ba34ca1c532a	36c0bd7c241a80b85476030d6aed00c0025fab61
2a3a01cfb751e399f9c3720183e387440610d493	d6a2a863ac6240594d6743e828352b6931fc4509
46469d1191c5df6907e3ac30b9f954baf8ab4d42	b55c82ec76a2da4377b4d7965ef0f7eafe4560c5
205236001ec368537df61ba3ecb976ef0c1d2452	e70f3d2c8527ca159231f11405be52604008504c
a8670d0b4cb98a22d9aeee54ae8d41b26028c26e	4560c1b36510eb24b75d25c29e9fd04b48c508cd
e530b2792211de98def293cbf3cd264b076472ec	5ae7957fe87d80f1b71a5df24a2acda9207d4da8
b822c203d086247f291f5266cf9483003a704bb5	b51d3cbe5c013517318c873ddb90c034896b574b
68a1473bd07618ff79381c99591aabbf455c4306	9ca7421d5688aebb8731d5ed79f775c2f2965da6
6c9819d1d24599dd234e7fe0afdae91566735bc5	6ebb5799a2273053a2b5c61532efa2689c0eea0c
a63afef6cdb0c5ee21be215dd73eec928d2897d1	89b4b2c2552e5f19496f2dedb67f25a303a7397c
b397e2d6261b3ec6a41245dc9791609fb822a2d8	5b609b239e8664936fa0baab67dd7363c9c4146a
f5e6caa2994861aa276cf01550bc7e0e9de62f4d	ce868bf297c1211a5fef0bf9b6e5da47a4097aac
9935d05299ef1896b1673418c4e9a7012f036916	944b4acb17933ab1ee11451aa8350f2832541997
828f991ca413e0fc4a3e004bdf5d6733f58a660a	a804916ef539c057e5bd87854e3a071f057d3097
d72eef223873d796ec6ca104ab0788abbba9df12	6b860151896f9c35c405cf55422a0485ece65555
5838cb29af7c89948abaded981c4e2a5a1abf984	d93b68560569af34f7e6da8c76e345b9fcd6e469
a324baea067049f736bfcdd66f59fdf6e9cbfd41	21c162934e86a2349d24b7d46010f79846aa880e
fdfb8e28a0e225eccff863ad66f4e1ac9579a13a	4a95e0aebcc9d87782864d4f6e1c6e0da9eb8e6b
4b84e06021deaeccf0ce0eb9c72dd15ed6075d20	71620e41d7fc539131715536c9172d16a5d0b488
180de00601014e692344bce284d29cb24a1708b7	4e53af5539bacd30fd0e6c17a09acd994ff7cf69
7d8740d8683eebb776627812e0aa86875a3371e6	540d7cb9468a926ea829b687c0ed2c7513135874
be47e64ac1c538e83182a2429de5d9f317b53271	e966daea2eb49eb841131ae602b7e62704909778
05a8dab6ec4c6a570767b1c7b11c97d99be828af	c6234271794cb8a1760386accafed7107dd031cd
06542db7d1eb2ac6ebbdcb7722731d0f4cabc143	aac3408086ced9ddb733a83ae8d519f0f0420fe5
2122e33ba6bcb5716d351ae4ee0e1c15c67b7fa4	5381be0b0abeadd7a01777bf0a0866e237157d00
68ba037f96569f4be5ff7963df515ff36ca1dfd3	ff82118d8aa4f227312b9d563a461ccf944f559b
ed7af7fb6bf624a6cc5f5c3c84ab175ce12d9228	a5ae6ec229775acd25237c1ab7ed47379e400922
4310e5a83b77bc59c327fe8de2795e9a803e6e44	5761c24f733ad55f5b599d76fd54452a18e11fdc
0867773a0d0f03a991c6c45b7cae5fa99f921784	df4a23e7a73dd004282bc800950a6f2375ae3bd1
0e381ecff357f86e78b55218a43215db4665bca8	016641668894f5a0c75bfbcaddcbe6fbada24271
9d10eeca0df8197f42e2f1fe8060dbb974995b45	ab176f1674cf257b8fbfe2e5c807929a9d5432e9
aa6b6710f655464ec42d0f64fe0e0c929038942e	dbe6dd17cbbdfb57b60c9851497a7e0237aecd7f
7e860c207bf1ced7a19de72cafc2af22c92fe45c	381566567221b4a4e63918c5b621b4c963daa5d0
23a2f79280d825f553dfb4f59ea39d047ba3c11d	e52aae555a91c3b96dc12fb98f25aa84d71e3a42
ed97530f581decb74613b719ed2c55e98ea29d3f	c205c387de0bfe927083856730e4ddea7f086c6c
f96fa3d282b9723e7f37d4b36a709eea888036e6	5ab49bdcb71ff102378b4072a41272205b6c4275
e01dcc1850bd15a1619a6a8ac28bbd691bff5b66	ad3e0629aced9982728ea2a51a2bb3567aac9a47
982c1bc198b6e230310eaaaaecb5284e25da792e	b9bca9668270cdd0203d1d692e495ea5f4d6609f
b71783a73d4b87d7e0944e9a4f77263b5ec8fdc6	aeda3c66c9bbb7fdfa2486a10a3ceb37f22b267d
36cc9959ee152329e2d57e8e16aebdccded0f76a	c4b11ad42bb1952103d6d58d85057e9e15952a65
dac8782018de5d7ca23f10ac211f72608d2d79a6	6e1dbfdf1bb8d48648218b66ab9f69af21df668f
5e200d84021f7e757388194ddd18233e720d022d	64d940152ad7d6b31c5880c2ac85335a6bb2c3b6
e03a3ba33357c16e31bc4df386e9853ae7300a96	1f18bc6845834dfb3fd7c484234ea6ec3950a3ac
fc82ff46ccd354c934e10796e6b7cef1a11f13b0	d579bda026cad37bbfe3e5a67f1fe78035446649
f1979a65031af09f3db3c189326c5a4c503c5444	22d46966cdcc8cbc12b3a1cc96a044e97501878b
a1d1c022e5a0d2ff2870bc476c6c591b0f94a32a	bcc715a72411f527994cf13eac0e864f604e056c
038dcdd7edf52cf00bb8173d3d8522a490dd97cb	d110567e9c6814eef01450d5cc6ffb2fb6326ad5
7463bce0c55cb5bbc7ba0bc0c1090c251d067905	31060e78f5a997f85d23e1b011754708e59bc0cc
fc17b9835d1f2ee3ca445ea9155f9e1280fe34f1	41fe3e18d3dedefa00111cec6722a5dbf4db320b
e3a0edbf63a0b812b8262c1cd61f32d9c03d421c	bc1b3d1f458193f894c0b33da454f29f5bfba79f
82e34fc80e507da8428955724064fc473ea904fa	b53d1f062ff698f9da3468817865b89828c0ba4f
8a8cf546dcc95e503db7f6bc0811a7479c2d451a	7c6e6512edb5d9f1f6a09b1cbb1a8aaa69e00739
b5491f47559902e3c6a23995d095e8d36a1524fc	aaad7c14b61a8bac1fef69155a59929896ec21ee
e11fd5dbff103815e4378697e45d082a9c051ff6	194c57e2cdc6cbda832f76dfda36b0b2329def5c
088948836f9aeb5f8ac2f69dacf8e2a472e36a9d	754f8da77d5b63d0c052c54860371ba78e19e570
35faef8027244c15927fe831aec9945dcf54221b	4f999d461431c70a0dcef1528d8cf24c6aae329d
6648d095fc777150b1df032a94aa5f31d562cb86	c0609ce0dfc6041fd851ffb3192528fb804ae698
5025caea4f56914f942739bb2f09582c8e8da99a	cd66ddb5710ff8608ef2b1a7f1e39485244bd6cd
d19b0dc251452cc46596eeb46790b32cef2ebf02	bdb5451d0b7f8db87ba35406c22e860a0e4d6434
952ce449952d18330a4dfac91b2896242e60973a	bb21a854c46179ce987d249de33128df1309f0f2
7b0b02fbdb586a23dca338b2b72c6693b32d03f1	b703fb917ba7267d7e9cc7afbc5c292b2cac7872
5ac0fe8fa7ce3856763ceaf2f9c6be78ef818faf	0eef008740b833b0e4de395c22c050460f35f246
8ed330159eabc4103b5a63e88e9985a549120628	4c71abb50c67462beb0bfa4167f755dfb2c9b6f5
7bb83df455c62e722f96241b8c54df89b3065734	a4331b8d745971fdc1be33bba5513ab16105e2d3
31aa3ac3973a187ffd5fad9f9b9ceb11c001c387	e395f3ddac995ec462374900c120f7aa7153470d
01bf6665de675fe0a3677e78ba8f3b96979ff0e9	b1b1b280fcce13ac7670e80d8902d41618e5c7b3
a3092d3c2656195d4e4daf09701c549ebc19de14	4af1568d22b3315e83f5371114392f19b645dfc9
456ff982806af3d0bd583d9ac5d52cbd0507646c	a8c303cde3676a7edb3a727ecf86549655f050a7
f6960536e364bf3c77705d4b5edbc025473a846e	8eaefaa3a4327131607dc5277bc5478f56eb3e80
9df757eecdee816f6eec2fa8297ea3de6a9688b2	b7169ac8985d51f6647a7ef914ab9bf2f2f8e6ac
a3dfe49d35c4f5be1408ae367090ad06008ebe0b	dc308cc7110826971641242a1e516dc257da4da2
c4feab88092a9bad8a1f66adffd6d69b7c8840dc	d53cb5de8b46919ac6d2e40e3d0225de0fdf9321
49193bfa464f30eaf64de932cbf6addc3a16f187	5fa5b107bc832e7a7b1ad9cd9ad2ddb5ba3b8b67
ef35c879bd5ba34c76e424b27c4a32a26712c849	88bfee3968b1c39f8f455abac8c3af0270b9c9bf
d528107293899039dc974b121c5bc715279f2d63	e64b0163f0c85310315ccdeeeb3439f40de42037
197797724c6dcd41a915c39a45584add1533c8e3	6f736cbaa5d5bdf9562b76813dbaf1b138762af2
8813f2870ad576c97e9d4635e11b89cb714b0eeb	6747234b0601957fb51fa25cda4d34c44bac5c84
212833d1b4df4acdb80e32d7fb9a5b64478aa08e	b2d3c1b590e67475595d771eac4d9782bdc744e8
b9f927b72276bec49e2723e14b2269175cf1817d	50bd5ceaafa3b637c6ae60816e6ca3963cbeae1b
11070dcf6c2720f3ab7932f84b5ea2a2c64a57ea	5266d99bebc9b8de4e3c022f527d8f3ed50818d4
0417ac3d5676d739a5b50396ff58fe516e01d0b8	aa540df3cfd8fc0741e813175a87728178a69e98
4b9a30616f8b51a3692957501bf81716d4a953fa	6ec722bfe33c2683858d22754b60c05a9275954b
321cd36450a8244d8b0a072f463d2920c889307e	485a842488512f2555557fbeb59102044e16912c
f39586096bb1df6567078e1674a85ff3ffa05c32	cda07f763985eaed68f7cc29f3407add3c566ffe
f861a8b0f4a3bc87b0446634e134c77f6926866d	4987a9b5b9e03a2d847fd3f62074b63145e8b65f
5b224c248eab8d852eea3094fb11e84795d07265	a5ec33cb659d23d6ceb61a1314a5508453932479
85cb5517ea276c005b01c35f55ee18c04881111e	cfb9853c0dc10fb37bd80529f9efacaa55497a25
b6adcbbe7aa3ae65feb80580deb49805ffae38c5	64746c436f937791146127ab298800f209ea99de
16ee8f74d4daa4d9e63f98789ee1c29e4cdab724	8e87c2ee93918f6e14cfa836b39c6a481e64a570
08d8499e036e39a19f79b05ba8238715e4147202	b02b5be2c5d17c56ec4c04fb4b28ace2a4e42504
dc6d42a4934e270a8993065a762b4cccbfc71d9b	32ba4085b2ac8091d878a5c15cacc3c3cbd4ea32
bcf89e9b47dff83d11a3044ce51cb93fa5082b91	5908fe1f96ef238265a43276e88a755372586de6
ffa074e47fbc5cadd35f45f27028d7e4f5a3692a	91927f089970c8c77628654afb68227ca3a34adc
a84802de67e21c4a18ef9b6a0bc485480f099e4c	dbdbf4993f5d77ff30bd7c4fd0e4ba950e7ea6a7
9b03389b7459c06f89300d8988af77bd3d489e50	3b8d8b1d5eb595a3bdc1367a91492f3987d107d5
a7b0b6f1e8945316267b3955021229fa9226c195	a2df089cf344333a9d19b132e86782a11e49b73f
27c29c615495198c742db0e9fbb714aa90707451	8333ba2a66a0b2f381846cce86495ca1593779eb
ee05b1b87fe60d626bb321fe78149b578e3cb033	db54988b975e8196bf93b62c17df690f334697c8
9d2beeefbc9aac58ba3ebaa4199107c903ae6fca	c8e7d6df2da1dbf23f978de5c69e24e0e80e03fb
32692c20c09c1d8fb9365dfc4eb501fca254fe6f	57d73c749c7084af1bda174ec3784e5528606691
87c7b3c0d80ad71f6cfc5a6dccc0fb0242e29066	18f0fb3a364dff8b4299176996f697536fcdb86c
7570e9b9a91cdda2fc26cab5f0f637139042fdd8	b687bb9c92dbe12263a4ba8a1ddbec2a2ad28c53
3564c17020f34b1de95df9431c50827c7aaaac25	05e3d472fd5930f2e41d53e9a5cb6991c67007bc
ae66902079af16755a6c0a3ffae82c7ffbe5ffc6	a0e3848bce2495b9f9075ce9a150deaf261b49cc
a3d1b42f302108da23e59db2b1006cd826fb28a8	f0c78bff3b177d7d120f6de5bde1a804a0545d1b
1b82c7a3c9f9443a6cf2ac5cb5c57c02be1b1c4a	a9b7a78fd8e5aca34ee45bedf54c97623b2a4f76
e7b88bacc543b270985af6dec6532a82bbb15553	85fa35c7e8d61a632afbe07ac57ac096bb726518
bb16e2286d9ab98d599cc24b61893fa8b5885cdb	2e2d82bbc9bdb95cc2bd78be8d7e9ff878c20f3f
7e5c313aa56528719049c728e1f18353a79ec19f	5f5a2115c87385d6d327b578cd063710ced37d05
abae79e116888e5269bfbd3a7239a48c1030d6d8	8de33f6278c23fd06a8466d02f7ea1a1979d217c
df19c3fe059dbb15c233c8f5c7704dfebfb8af28	5ba5464883bac48b1b82981cb6bd0d869762cc67
66ef58d88d2faa17c3b32a517ff331c762c10da2	cf3b680fbdab3c09306137e84e4b4059db3018dd
e1542a970a800ea50bb5ffff82a08274af28356d	922e9683085328ac27d6b302bd1a311e6cce01f1
3d27aa56b164e47e089fc56da3bbef1aeaedbc26	8b0d0228fdbd5c80f50a59a6b041eafbf92e7e37
8d1f7a3a632d2b732bc13979d46ee66f05ed3cbd	d391734be4f0811775984c29af0d3f23e75acf42
3ce43cfe4cd383851cea2295a4cd2b1927244dd0	622f447956802b91019e7f3d60ab4b2db49b652d
9d81ab23a631aa3331a24bb401909a1e932f880d	c3558157b8b4049ec1ad8a6b8f5f14f5001f6f5d
a8f3b381f6bf48cd1cc8c9e1aef7e30f5065a4b3	b55366a2e9c15424a29988077ee82b06abc586be
734ffbf4642174125b5fbc7259f9bae7670b00b0	0bd28848a8cadcecfaf5552571a02e5a5764154a
ffe3ff5b9f3c6914a9edd239c40d30bd95350ff6	9e8fa9891544e1fbe9122ad79f65548f0110e6f5
c22a97c0624d6a288da62d483628843f1244c7d8	445957fea74947bcb9afdeaa518df45afb95a792
7a21c50aedef46f38a805a141362d81eab2e2796	53e9851cea22197593f3dc70c2452a37ec8e2258
33de73a1e0151b2d1a8ac867c9e983291a717fcf	af9abd0439a3668910ee82cd3e4ebc47a19ae5a2
0f99b488d6389bb7cde684004c2528bb800c9415	89e7d1568e0ca6f7faaf8a875cd58219004fcd8f
43dc8dd212df41d128d19d56bfcdf8ec0c787b87	8d30d35b9526e7decc8c85dbc39dfba03d612163
26e5b06027f184243ce66765eb661644d7776fee	02bf56e0d420fb75d0b91e964b17f6db799c85c0
30874b43858a235446026e9317a475f29e22a4de	522209ff2bebaf6c9249f8d97e45aa67e236e3e5
f56630d6f312846ce0f757406ff3f8fd4d73ae16	392edfe3f9ca83786cec767ad0f8788ebc83871f
5365ae28d63b3d7ea1a34e40acf8fe0cf91d1ad8	9428a063026ce7f2d81660c3a711df231f8dea5d
bb7a3f186e13f4b6dde46ac4e06d326cc7c7f8c6	da1da013a91c2787703072f5e1d146704f74c74f
7c059cae58abb73e5dc6ae2e26587b9c5f045c23	988ce6c1375321fd561f494c76b4551018a3d385
f75476f13f6b49f52d5a3d738266ef07a73a03a2	3a5ff7e72b5c388a6041db9282b2c3396050ae17
c19c63c60602a7e8af8bf90bf12424c4ea83db7b	17693b46321f1352ef12ed325b654e6ea83bd9d0
f0f93050cce0f3f1e1a1ca1f838e234e769619cf	b95c2232013e956e7068a1984c7c2d2733a0db3e
0534e0b6e25125ce7b1164f0ccadb5ec15de85f4	0aced8ee1b96937c9db265f1335c47867c3d2bf9
e14c0b6d3514231ce4c631484771de334a038a1c	546178ba1ba41879f57c431080e52a2c3f0f9ff8
8276c4cd747c3900f5e29ff0e01c3fa779dd745e	89cc7c12ef209e837ed471d0ca0673db5833df44
27fbe585945ce99349e335beb731576e3911140e	2b99624fad06a24e419c2400a40e43ac23cb38ec
58a4a23562290470d726a8aa8d8c9bdf52dfbce0	96c7569d6f04b3d1964aa0259e62e02b4c2a9711
6ec59f5b68e6f466577966781325ce6073799d5d	c695028c5a808cd9b4aefbd3f63a865c90b42a4e
2a22d2e03ee2678b584c538936ccf687533f39b6	2e19214b31454855f32d26221ac0ec704c5e8500
a81dd0cadf4d2b9719e5cedc9d1a193dc43a33b3	ed3f9f3f78e848902608adffcde42d9fe5aef4d0
ba88f498b2532079f75b223149d38dc6a4bf92f4	3116cafba3df64f5730128d21acd689060ced151
39adac0dfc19940f403f2fa550bc33eb92403dcf	2af1439e98b98049d901622f22e3645b5fe2f125
86b9a88ffc295c0871a2004e6331df5dddb72d23	9371340b6cac3491bafc7f2dd38c4f7929b5a912
c1c701cf369134632a0e427f6e4cda1d9826492a	8644c71cdc903715bc1b3db021b7433688151417
409f1154cdad983774b0f561d7c32891aa91a698	2af1bfc4e9148d06f9296c6613c6b634c794454f
f3186534c2a41db340c84e0b0788add9e4830727	1084399634f649935db20b9b91c1b58e1bef168e
3e30fee3ec62e64e2cc34a21d49dbdb9bebd3252	e27d58711124baf375d1399dbef4842649f903d5
8c428ca2b1a9ba801c202f9ed44e695fadba053c	386e95a70eaa2c0bf0bbfd874b147e724f285d27
be7144af7a64f600b370af812eeba66bc278f107	143f869a979402b53bf4cf94833964c2f8f40fe5
982d035965f2c0491f242cb3bdb70023ab5a85b0	122d691c202a57fb1456cc8452d73033ffd6653f
930a66c09a35ae8520c99424a1bf8723f3487d17	58050da3c7722bc1cb0a38ac92bc7566dc44af46
b60750812940cd3c695b2e1f27bdba9eb7762e22	e5c24e9b0b626638f5f74832dc6641340a6b523d
b883523f2be6eb8787749a80a8aada5877494422	a10078557d2af55a3a1b80ee01c61c23960d4421
1057d32872caa0df6cf8a0f3c07f30fbd5a5cf89	36f2bf932254c29c41499ebbc9c747f4dee53c54
3a7448d8828afc0f49b77cb4ddb1bcd69c7b4262	4e10b38342e93182345f6c5a59b28a27e29d611b
2842f0e89c301af0df40cf73e9bd86785625a237	daac668d11ac1de430004ed15b3631d212ae5ffa
67b877f8d630c0a9ca478173a7dd9b84f0785e09	1d1c868759157915d216687f8730ccb82a22eb36
d139ac278dbf579e18546a3fe6df06ffe006b9a2	8a6e5f3cc615de059f367fc90f30b430a438b569
191c6d728161eeb513ca80aa2eb5042b4b472ee1	3dea03fd55e0affd4d508f9c5e394c6a580d05b9
c3d1959e80a67b8e2b254a49369aa6d363db711e	d2b34f1cfad0c563c9fc7d97a25451a46a3e4905
2fe6d270a081104af63eb02e5791b10d010f155a	502998e680106fe129d293c6b3166c9379bae1d8
6a251c11dc8b571d0157e0a28ddf00a048a0b5a1	ffba0807270dbaa4431da48e808bde14ca7d1bbd
cd04ae8f8ddbe1caa5c4839527bccc9bd3d364be	67431b7c26d1a847caf2a30b460e008b74e481cb
9ea38017facc77c9618a1f64ca8850f27c05badf	f1fb74021ae83aa8feb7433d18c140723b175855
5423a5ab397bac23991eb3952a941ca2a4131198	f0f221faf93d03c2eca95b7b3bc754a7662a3b82
0d7e4d94fdd61ad647119359566cf4e991693471	bd7b1ed19f892247744bee06f58ea4733f351507
05760ddceacbe070f423027fce631a967bc0265e	35fe004216206d3fd89624ce656dd66639de4888
860acea3fb7f2714acfc1196d91caf7b6613298c	4e34d0091836240bf5ea632253401cbb57622d36
4ebd405353bca90cb1f592e0237213d28f45293e	b6f5007072027da5d70fe80370a86989eb30c07b
e278efedbb755618b05ebb608d2602bbd70318e3	060c03d7deccec829bbad92e11f90c996d016500
38eef0754e9160ba2a9c7c9c3e00d8269f8615d8	e233bdb27e83a599577bc7e37eca1fea8ba0f090
39457e1b5e5f9070b641d33229fed4278c9490d5	29ed018424b34d5e73b0d3302ba0e1db7d8aac1c
5bdb823bf27181d6201c17a47f199c696e5d2b1b	72be67d7848cd6970b8d364c78db537ec1e40042
adbe02291ff95f60590396890347790cae69fe95	40afe4f2b7c9fdf1e0ecac9615c235adca546f27
ca6871213d3141e34f9748bc2831ab818470a823	0fc4a0fdad5ef106c32d07e501fbc1ff10d1bc14
9e7e83545d6284a4beda7b79b9764aad0382cab7	3f85dcf87c09c863fc972499f9e5ffb5e0209b9a
a9e93a7a65f7d1b5c235d8dd9456ed439085ee81	a2873579e58ba6896b479bb39ba866fccffa810c
ee606f14a4c93c3c1f7ce3c1baa19649fdbf8275	7946a270100bde7c4e0606cede841fe900203b66
6e8dd7a1a565bd2769274733947b52179fa92d29	c87790a9e521140c425e36b73134a95960dfaed0
fe9b37116ac234d31cef1c81c6f85353223f01ae	5d2db3cca82458d46ac4c61b89e6447efc90b001
95b1f3e416657e6228dbe99185fc6600a5abe5e4	8d2aeee1e8198688b278e14998c7b25abfb62263
d387b77204eb0b893645009f9941e82abaee9c78	69b9761f9fbe6e35b3821962d74beef07e3e12b8
6c2d72a647b25c6364481b08c3ca4d8de52fac68	6a07c4cd05c82a1a85c7e6ff85794b1dbd899bdb
74edcd4d27cdd0a696e19a02afa41b44bee0f4d1	94df98f92458870c768b00390cbf551dd65b9f18
f0ea71e356e4a0bc106c18ad599cf4e8c27734bf	3dbcda7fa42267477fb2fd868eea1d5e6dd9ec12
d8377538b5f38a579b5068f7833fbf26515b70ed	8748b4f17a026809c8a1f3725c9e35a8e64e0aa5
370f01d5215adfba767d63ee4eb9e74aaf40a0dd	b4c1e52754d4df68aa6d3e02a3caaf03edc1d5da
71c478b5018a7dd48cb609af0caaa2a73fb63162	4346021b0485706a3d66d7d757033e3558bcb770
44d3db241bad3aee83d7ff1b87ef3901b38064ec	b717b2918411967b877b580b6c74549c69dd69da
e9555c3c1995064e03426c95a28a800850e98d0e	4dc036690268d44e9b4abdfd0d80482688dedcb5
dee011e0899c45984a6238a5b673bec6b708a9d7	940660d5a0b97cc80f6ec77e3eb34122efed8317
a6dcb84b9dbbd200cf0fd14a6e54bf20d26df1cb	544c1ab5e7ea7b3bcaada36d95a0f675982123ba
da28dc0bc1e2493cab306a144f37635d3885c410	370604fd8ee7ab50dd57ad60048dcde56499870f
526553a7e0a932b15deaeaeaaf776ade37470e50	fd523e5ff44827f4fc383c40941cedfa3ae8e4e0
df413a1c5826fabb83af861b1466e30309321776	9a3086bf1a6484e88dfdfb4c89adfa476c519a1f
e13ee444520ea6c9429db4723d95b3cbfdff52d7	5c2771f1033998203a1c3aa892a697f9ed034db8
dd3463062647d1acc5f6dc65565aafe87354a123	ef5ab67977c33364d900313822c4348d49e9f302
a2fb13860c3a089a6f9d104a56e59a82a32a8ddf	c8bc726c213632574c20b68dfbd1dd23a24f50cd
45e17ec0895d50c82f1a57d5aee6e3da64a271fb	d6110328c95d679538bf5916f4e99010476ae2f8
dd8065da69d40667399f00297bd84519670685b4	f16ea5c6d30a9262b07fa03100b3d43ef7b6afcb
d7d2e0ba41a4a931f639ff378587280cbfd7fde1	e3242635b51ee9a83af767b65603ec2a78a4d3cb
4d32e37d08e4afbc7bca683daf5ea47e11d0551f	a38c55f839d8f3f1538e10fe2619437821d78d82
a32c37c99e908310b0bc5b5eb67e3b4c63d33a5b	bf1a0d9b831d9bd904e1c12fdf945ab86b6c43a6
00a03bb595bd0688e64a16f551969307d8c034e2	9c9c5aa1d1e157b4b2d9c530dd2841d8244f1a6c
a515c2b6ff7bca03387e073e17b11a00b30c00d3	be88045e386d3a0c0af8ebec860ffef7383b8ade
3ef376c44f457d2f482c8ada061ea85aeb0aa581	ccfad21f049ec9002265d100156e72d5883b8b2c
a63288d72222d6e252be7eb4b5e5949e3993fae8	94cb90529ad369c6d046bad9faf1f5e99ca0c931
b51c68f6d0363746f683b6befd725dab140df63c
20c72dc661e119d76f9206a38dc655876413ea79
b23695011347e2ffaadfadd4366121930e2a536e
94fd7425851b915b569c5bfa3949d9bd0a9a8a98
afc4fc8f437ff81d41aa05cfb471c22b09d6add5	5d0e02b497c2d20aac9bfae126b325fcc3304bc5
ae69f142513c33953e2cfeb9896e1cdf96171275	1b4d9d35353538bde5c56ad01fbb98620a7caf04
a48ea03fc763f09c6b185f056f967cdada167768
dabafbf08c793a2af93079145ab369e411046049
dd0532e5635668c26343193c4dd1ab5cae6470e3
ac38d84cfe75ebbee5378886eec446d8ee28aa71	4b4ff0e3a1db2bff2cc21d0738ba42fa31c715c8
9d01fa1cd85588283aaf8d00102ce990ebbb8020	89b92d89f47779498db3aaf6eb7d2a824672b370
e6d072ba1aacb19cddf1594f7cec52b61506c7d0	aa0c9eea479797172c018254cc3f8b99d7c1e114
fac9d97b3913f767270b3d1f374b138e61e24b26	938d17b5718fcbdaf578a9a60d2446032e501f94
01436d02494c246aefe9d5391135f6e7822fac07
a73e977783d9afbf9fa373e5850b47caf140918f
dc7d3bb20e1088d6ae4cd1d9d77e810e34c8715e
765c8fff8c88848ee85c307ffe790fa315b59d60
b0ee72a98fb9b57d4d3a1145d2ddb03c126622a1
ffdd3cc3e45ac17122dd0221ca653919c9b196ce
777660f7319d016c580c738e1f1519ced86aa172
deaaf704a1e22838acdd9854ce42aa4443f66be9
d32dcb832b3325d653c6080c32a821cd9ab10cc9
0cad01f9a12c6151fbbb755f7dbcfe1df4d0ae45
108c99eef4f069b5e96c523babd66759ba2b55d6
6eadc848139513c96423436731998b2bafa86b76
45bd2a4b6291bcdafa77a19965c19fc9260cd921
e339191d0f20e688be4eb91c3752a493cb5906dd
c2d7e228563fdd6c5ba03ca687d835d7a803c508
00ff05c60f6a20847e8f80bc8f99ae2bde37d9fc
c79bdcd8e22517e41988273602dac5538181a0f7
67b85a1144a791c51e23fb11446b70f212a0c0ab
b5e96a3bd1c777ee01ccc0a68f3ff76ffe8dcdaa
5c1955b79943fabbef549d8e5b06465d3712a02f
d9850428b564af12013e0ff0e17afe0f11cafd55
ca0100c7e89f615872e09000af56aa0c6e61f695
fbd46146213ccec17cd0504695162754c0e79f7c
2d8489f1c6f132bc0b993a6d83e048b3f9ddbbb0
3b7380c6160c5c3e209459880ca396f4cf037a6c
09d283ab9e8b2522ca857648d631a5acba55b052
bbb1d145c4e752499513a3953660f37904abc9bd
1b0751a568ec74208140e973ac54c1a5f54da8d0
e2c1d58f73a223e1cd9be3e4f06a2289d20d68ec
0a2eb5eecdad669c47dd0fbc6e6d18bc53551256
76911c1b892bd2006abe8f4d47b984340b878ea8
6bef6e26e65de10ddc40f9c325d9f26515e84df4
3fa1f936b107bb55870f11ea97c0167eb3512637
204471ab40c9aa527923b1a59cb48b7d207fb2e4
2bbadb705efd628e0df0c123ba876d853526a3c2
41e6786c98ec4ad398a62d7cb6f55d16ee5f2812
d55265f6ccd990bd2d84feee810f8e648bf2a916
1c87e6dcd172a41cab817ae23a6fc0622087f075
8a0c0748669fb50ed2519cfc5e168743b515db0c
bbf600a50cdcdad36c67635b5b530b120afb834b
89c745421fd7fef96d6fde67713a796e6cb3964d
c742263dd2406306f4b036b4316a5e1ccd6effe5
3ed3bac5aa48660431df36be87e83419bfd3b087
3b92314b84c4087ab80ba8e8741445de422a8acf
f24b5ef174194e4164c34c2a7c7b5e8c70a13ef0
f8ef5551026a0f73fb4a31cb5e2b7a0234e78242
b23695011347e2ffaadfadd4366121930e2a536e
7702bc43fbf8b1b4b292937046ebfccc93097d20
839bc9d1443b4e7b2c7d39a87d038b145970bde6
7c180d2e825f5aca6aa2ecabd25576eb9b748911
f4d0d97ddb1ffdfcb26efcf8c4b6bcf47bbda92f
6aa1e9ef43e3e1e5f5812b8d69f94c49c6d4512b
5b26f99bea3210246b94a8479ab628830d2fe6ac
2b368263927ebc810144154c42f5cb6b2e9e1d7d
dd24cfe45b68fae3bf8e21b75f4d2a35349960ee
909552330c81f50579cc0b8d5456ad63e667028a
bb33d2ed38f7f33f9844aecd1dae99646d2f4931
24c3a47058711b256eebc6bc0d0729eb3eb6850b
d7454aa69cfb47f56169472ba2db2d1ece3fc02e
a48ea03fc763f09c6b185f056f967cdada167768
9037cafbfd4b3413885e704ab4835695f253fef7
f149b8324a66cf094316c8b9daa69a3ebe23b861
6d40c5f703687784715a02b373f525f34e148413
dabafbf08c793a2af93079145ab369e411046049
22b86a7e1b8738c31b82b45c98ff3ad601828155
5b3d87f2fc035fddfc00178fdee09263fe423d01
ebf05808ec32971fe67bcae0429bf4d47bce71c1
9e3780b1487d93e1dab6e08edd3de3b77c6cf854
dc89d459bd45cd561f703e991b1787572b998e1d
8d5d196aa3450da3120144476582972e4b1b40c9
89ac5c527135463aea0d15f30bfb5b5a206ec4f8
608ec4a767efdbdb935bd932be175adc3769dd14
3b07cb01f18b5f47cd5b6ba1978a79957c4c4939
d3dcc6c65964e9d97b33518e5f9c1e0a9cd653fe
94fd7425851b915b569c5bfa3949d9bd0a9a8a98
afc4fc8f437ff81d41aa05cfb471c22b09d6add5	c575718bfced5cbd8462d5465eb2eb1a8f6a34e1
626db3a953ce92f82ded5d5fb3ed1fac4af6d97d	ef0401290a9be425b6607270429703586e228afc
7e791661db23893c041fadcb43c5b9374b7fa7d2	cd2ca1bff69970034d0f551a3cca7e9cef113d8f
a2a764d3d1570a6a206dfd307c701cc2d545594d	c227d3010fbc93562828f454c21493f471ccd95c
01436d02494c246aefe9d5391135f6e7822fac07
a73e977783d9afbf9fa373e5850b47caf140918f
765c8fff8c88848ee85c307ffe790fa315b59d60
bb9909f7cb82a1aa8ec3bd6933188bda251897a1
777660f7319d016c580c738e1f1519ced86aa172
bbb1d145c4e752499513a3953660f37904abc9bd
1ca415c91d3b13dc093c5e26f336edb5066c16eb
aa3b200d727586f231698e539d5f2c04f9db7883
a0ae9877f84896988d5b35fdc14b580e96b080ab
839bc9d1443b4e7b2c7d39a87d038b145970bde6
7c180d2e825f5aca6aa2ecabd25576eb9b748911
f4d0d97ddb1ffdfcb26efcf8c4b6bcf47bbda92f	2f81bed4a9976503d0be5dba1e3cf96fd13a10f0
9cf833f56319ecead07736749f93b7b870948b65	98705c7d4078032fd023dfe161778a4d3fdd7949
0d75a9b939bb0d4a74ef054bd574075d7727e664	524289fb3a417d9c60f59537fdb3aacff6a026ba
f0ab81476b81d672f0f523e4ad3309ad1ce3c8dc	59c964d47e4fbdee2c898d2a18a27050112c9d76
cff1f22db403515c81e25a97fa4d0750a6b8b74c	ea9aa7a8fa1b628f5c34e08a6a5ca599383534f2
e33f97f9b76bb7a99482b6c9c19ab18405dc4233	e4608d902c2f99ecd46714641c722400500e8969
a44f54c8c9565f388e8538b8a53f7acf725d0942	93380fbf419c2c76bc80a5c86e572159f63c7519
ba049b5ed18515642daa5fd348b19e2061cf5782	9a7f2c21427782c38025422db24f5cca0517e6c9
00bb74d5846272fd38ccec8ae891f429c4facebd	d96a0d7bfb0b5003aa849dc1ee14e141189e0864
abf6a9f56ccd64791cc8fa4ae5f0e1319edfeae4	d4ca678c7f1f229936c09b5cb3deb02d3fe38827
db0790434af92887c0fe141247d74a66854a6161	efcaeb35052534c1ecedde3026333c090fcb9f4d
1fb709b474b498d0f6e4b5f876ddf3edf1620152	674adf7e1bf8d8962995c0ccd0bfbe4ad02b656a
016f97a5176170f1aebb24e79aea64439a096dc1	4c3ff8fbe3feecdd4ddf8cdf01a7f638a10f0b1b
392a9a5e5116ddc1742343e6cf72f93181129784	2b9fbcc8c0502d5496b0a7e01d15283e40183ab9
fb16457338558aa0fa8c7826677fdb9aceaee00f	81b1e9cdf7b18587c3db7928b06531287eef8a14
4fa732bef2fcbafe6ead372808bf0e718b079ec6	af19b7b5700d4c14d0c9ebd2e16d3115f81c3e04
baf5daaa00405a3137cbcb87515c81cbfbbaf590	eb3b09033e15ec3bb6e9747f78d1ab8d58255080
fcb10b4286f702f8243496aaea36773d40afb3b1	9f2e852f4f01d59e72b26c21957d7663645b8c16
3f759b0215fdbfb94e9aaf22f486529962a5a4a3	54a9de74ed37f1de87376945b7199171d3fbec25
f49a7f3d37cd4c3214d69b0e55ff0d4e17072f8d	0338cbe1d08e56677f5049fb162bb94c6c52e256
a63800425f68c970e9952217daee230ca0fa94c0	27413eb55ca9fb6509fdd358452924065e564908
d8cc3399325b7ee29efea786eb9517614e037e3a	fc4bf13ed110cac34798c9a4ac5d8ab73d3b2f4e
634fef1dddc7e6082d34869353048bc85bf85424	776d4bb4814cce425e96b85cfc0c4a0457750bcc
7ed45081f4eec926e7c957502181281e9039b780	5096ac91a2262deb39abb9bc5c70397812b07c55
fac035f0d364eada3d0a4eb83a2ea7b87aeb5af5	4b75589b16ed5a484da18c090456fc940e09e17d
3aeb5bfa8a8b0ab1d3c915ccccd5bebeba2dac27	e92dff18bac52c01e88a09b4911cf9436156ba74
a00b27090238e68cbf69eb37e77f7b63a80eae69	ec39567a4597297e4d4b1bea85f4405c2a104fdd
8a08ac4f62387de7f6e04e5029c2e9339b3b24b2	224c738f508a3bf0f09c9c7e537ddaabfbc1f178
1179893895a2e92cefbaff58c0f1d623fcfee48a	b789eef1dc6bcdc8852d8d4d9cd432665d45d31b
7ff0bfa8b1f4ce211b258cc30ad7767ba8928e1e	8345a1d7e14fd28277d2ce1dc7a87fdbd092bca6
34a2c38744ed132bc82ce371f6ad70655f804f9a	42484d6c7fc4976e5319ee6c028117c5b2fbd510
13198fbf59afe92f3e37cb093d1bfb5dbbb47cba	5c1d3ca86da07ab10a098615b872de45bff1c7b6
cab8f20e57101914cde312535b2cd7fd67853745	cfa392184512e96fb8d042b92010c19bc4f928b9
c1a04681413190d113be7f0820f3fd2fc2c2da47	190d9d1e68c38e397fa8da55d3c909e2e7ef3711
7438d7fd4f87438d0a284fbe4c9a61b5213b3434	59dca0bd25ae16148676e10d2c19edde9d82e320
0bc57f664565792089252237760cdd95c34b61dd	2ff3985c0a8fd628ab10b9ec9cd3d37512909c57
517c9860f2c4d2e0157cd35cff09ed9b9b7e6c8b	900a9f5e293e554c6e9785ee25cb998b33779f3c
d1115057df6ed12547ebb8275bc129717cdfa531	f5f6a8d09566f3ba977dd0a03353dd366cbf84a7
ad517931debd32ed8451add0426113aa2b76d53d	5f1bef94afb2fbdf4960e0d3258ab93ccf54970b
eb1387f095a700a69b1efd15a46321ad61d95181	5bd09951e4b6cf512d271b58769c71dc4475897c
a6023b400bc165a33609f88d722ebe98943b771e	1479dafb71334096a89275ec3aec09918c8db0af
5b3b6f296053385ee40d5454b06c85b425902a84	9aa7eab16ad37a1f4a7f3e54055e618f5a53fbf9
3f05ea512df0ade1ad68d24976feeff5f8f9e082	dd19d1cb6c4bdbb8ce7fbd5fe1ae193d6271dea9
9f8b88a4343c914b027af2f9dc78eca5e53974de	e22cd54061ece99368adc77552ac57dee89cfcdd
f71ed804db1cc80722822425e192c6b0245da966	ab287d2fc4388e24d7c590497cd352e4e47e324f
aefbc59c994a5cdf6c7450acf699f44b84a05002	3f8c58b85c37ff868d40035e47e1ecec11ec4c53
3e59e82f801b79eade24807cbf178bfaa37f7802	bf86de22efede1caa35ccb2acd73049173a756fc
eb88ed637f260878491dc23520b94c55058f8753	47ce7ddee7206f9f4067f4415e73883fe10f615b
77df5927d0186ca3d92829ebf31c743bd34ad117	c771ae6f08a3d141216974eeb1677a243de80ef8
8c3f3fd335ad315337b26b144497124615881e7e	deeeb09a2cd157e389b92e96caa21e2e2decd60c
f22db3e020ab85137e730586743f2bb7d711163a	f66b9146168a06482fe6953a18568a9e39856d5c
ab55a5714b68ad03c24c76de3771497790d1481a	558e8d17cb1d5709170a2f5f570421efa0d80f79
7442d8acf440dd30ee3275ed802f8563cc3ad469	18a29e58e822ec9d28962ef1f1bccfc1a4ac0b96
085d804816b8e3d688675bb0f580e34b2e9be3d7	5d3be1a8df230e1596fcf4d2735e794e5fbf797e
834d434d02ed367a5c1d566d4583119ae2592671	0273d2aa7a6a76b3635bd5ee48883eac9f09625b
c576baf90a5bef6c3d5d73e1189aa9ae2cc6db75	366fc15f38b3f3d45b284bb0706b502c5ab8e43e
3b643442cbfa8e2ad12e4b8e282d09049ca73e45	fced86f1f13d396511e449f2b2753e5e06381695
dd0cdd41b9dd256427f657a8c531a6277bc39842	6231b40d7cba097d6c6cffc4730bc27729ae6e3c
f5c482d2882e0d347bc336adb3bcf60cfbfa7385	f857f081476ab6341be61e485acf93d5ae97dd18
8795e244079278052aa1b7a2885f445f6e6b36f0	3a7f1cc54e5b024020b1f2ca56ebca5e905dedd5
c4cf3d4ec1de053f4fd30faf0696df6ceb4857cf	5d80b727678b9cc90d59895bc5c9f19d6734e78e
51025c33119dda9bcfeed6bc4509a1854624f24b	b605efd0e112e58497289edabc82b4bd4c468396
3036d85ff1d2d99c323182a8a1135ba73cc79762	f1ea985d25d4a0c4e20b98fc30879607d1cfa683
9adcfd66ea86cf4f8ff88698b4b2b9295f53d4ec	fd503073bce63deaa14722889d4ac66ca28d48af
3ef0310d018fbd54b8665078ebd4ae474e07ec87	57ac27dbb5dd0206eb7705fc4643f5e47bcef7be
83a26d9d3aef8d3ce55a0d393bda56f10a671b72	359dade5e4caf77d062e4989f545ca42529e3465
f5801405c16fed6278da1506f232cea32693601c	c7dc6f45038afb067858820cecdd1643f6db418a
247d56cba8403b7c0d484de0b27eaed93b609d88	ae396b57a7bc85a11ab07bdb6dfba028e5c4b270
8c20867d2da447d8c75e2328fa7360831ce8ba36	a1d7c66c171bc2751e2fc3f1969ff3c7bc874b18
78254844c7d309723a90a983bf8582f6efb61d8e	862c8bd62f01f1d27bc5c64c165f9a2e9bca8c34
259dbea539051d468cde55f15e87fa23503d3f71	541dd376574359de406f2d9721ba9a1c0289c04a
f4b5eb06d7082b67d63c5699a851905199b8daac	13f2f38906a2808e6f2473860125a8a506d8a4cf
7071f36fa60054fe4fb7ecc7ed10f55507a108b0	f89e0600e30b0d44ca1d90f321e07234dd3c7193
1a84b62621e922b197ac7f9411a4663e1700bf27	1f3f7e7344c12ce30d0da93eda7d24cded54d292
7ca58261174d9f6fe23c56da581b37d9c3aaaa83	22f64d50f041d825a57f37de2574f1ddacb426a2
2696b55393a5fadc450398e33c86e2478f63f736	f26d03b5c5a2c0db199f6082975df736b7d0d07a
d01f375ac8279414376b6372f5ba6348ad9ce8a7	e494f0f87d392c99c9a389df4a3b7c07814f010e
c6a6f7e32e2c4b076105c09b25252cf2af990b14	7c54abed4de002d5d4f4bb208f3f8a5f7e6614a8
083803244407e3df451b9381e5ca83d172e3a2a7	b96b3cfecea3b7a288e9685e02b03b17641414eb
1d76d67a08b0b37ec8584a3ba1445f647ec7c676	0b43d1b6aaa90f6ad3ba55141340fb9b93c9c0b3
57dc7a39dc1ced1eecd21765b0ffaeafb23e98e8	202b609cb5917866121fb04d7028d893ff23e63b
bbfc7b1516918737cfeec68b617e36b657e9f4ef	84229ec302595a79ef72315fa4f9b2b6502d3e0a
a09c1aba6e66c06f876e00c4809f0411a0738d86	f93d14b4643a7dddd22c2f8544725fdf57cfcfbc
92f8b57657d2188b3cf3b052489647fea8e03f4a	ed11466358614312fa2d841268b56f8bda5d3b8c
a32fa2a07de8cb878ed262cd6aaff5b20682561a	1798f093a6924daee376beb10d4855b023d43d8b
40d488492e783305682c4072a05fc0b60b8f170e	564d85fe86336919a2f850b8fbefb875d4408bcd
bc39c0c3d2e5cc394bcf90ec1dde291a45eba557	b4d2644ea1afc2abd8b5f3fb4e3f3e415f1ea3dd
9c7fc26f0570dfcc66cf7cf17efaf70fd3963d6e	f4291d7870283869f514a9d4d923221255bec373
89129e3fe84484da06f2c098c0190ea59313ef9e	37f48ac5c6b1d9fbc0676cf6c80243e5f27919cf
cdd5369582905de44b5a40140c12a1bf62fe6263	de1841a433cbc2827dd3a1785f42dd612e709790
21af0e4f9c90f4f35d7099254dadf6511b53d491	127e7fc4b07555e0a74b70bd263039dc2d63c969
4a804249f3fac89869de320876cd9e2f99610c74	85bd0d6f5de65048a4573e500891dfbf768eed60
8122f015859f3bce35c22e02ebbe5952854c76e6	3991b1968461f70dbeb3f4786a1a0ced0ccfbf36
6293333dafe6c8a13304a74f23eb2834780099ea	c7bd4d555d72b1e90bc51ba61376e8a104dd92e9
225d76efacae9511802a2fc9dae31d72c6dc2606	d6f6ef3502aea6d99b3e80ef82bdfb86abb8296b
68978db572f87e0fde438920659e9e85905d1907	571c59936e90877d6b4dcf069346e4447ad5dc90
6ceb3d4851e86c16d8e02e3c263ff707b1253f3f	f42c2a97905fdf27c1af82a18efc01c62ac9d017
e3c3e0ba50a6f55ba57c4b70333a64b13f15befe	c90aee2d11fd6d6ef9295cb4de095f41a4390d7c
99a95f3d22e02d15719f0ea3c6bfb8ce9cdc837f	e79022e88fe92023188df7287471bc494c137093
aceea22f23c2a49c89ae83fe60896d8d0ee1a08f	938d43ef41e43dd8a22995b17b339821fb6f7590
f6f4291eba2c286d861a9a2c8ce7abb86ff75c13	1e206cc21f5b29123593b4b081c0538093f508c0
7a078b5ac42513c044ee39d4ba3705eb59e279e0	2b884f717231237d24658f8728c2f15fa8f11d14
e39736b105930450f9cd0a3b5aae5453264f7e68	e15c7633538d522df06a26988f74048dcac66e63
bc038e6409c4f0eaf12bb00d6cfa1dc33ccfcfa9	aef76f7ca0231c7259c65be8cd2a33951cc5d340
a8713325ee7f6943098fab2eb1a952a73b77a871	9fbadbc27898133733da0cba7569d1a32f0b3249
82c914ed236e68f6ce7bbc3e9a619153674bfd86	41d2a484183832385a6c01359fc8b5c15ca7cb38
6f11f43eeaf338b5a352f002f14187996f38b01a	2b341dba2152d47bb51de85a09b816d96ab87417
429e421393ec29df02707c99816376516305a91d	c443a8df7b360cfbdc668c6df42b1bb68d4d81a7
cb71848920f6852ed3e7b7b558feb50159682a3b	4d8e808414bd31b454965dbeb918b11ce0296cfa
405377aec564ca7557f17624f75bebc9304349a1	595a18edb8eddd60be017e43a5818411c7d4f858
5743f4177900c798be94be08449d52c466a5392f	6a8d09e80ce4661789a00f893d2240288b59b6cd
e79baad45762b442f46935c5d8808ed870115216	d379fd0009fde1b224bcb1a3186e854b64fdf54f
9ae165bac2176163a8e394aa8823cfac317cdeb2	f70298f63ae25d9f3d49715c3d5f3eba2237f6a4
afa1e6037793d7572e744776fb8fe4a96a58f3fd	c5c792d5ef4cbf1d518db4f9e10f056645a88638
2cc0af52a50300b938d80895ce55b45236f4df6d	ce31c393f9bcc787669741ee20541a885d36ed53
93a008c5f32356f5306412257a96f6476b466c53	25bf4740a270a6d74c9205eb82135352f0a8a88d
5508e31c9094978957eb3f5103762aaac21cc4a1	f2f8ffd3cac6305cceb1f6421744ee557efbf8f1
e3fde21a3bc8aa551f78d7b94c4930fe3c473804	77a181e82d9eae148f40ca03fc62d6ed736f49df
589dc9cfdff682cf08f55c7529474660631971ee	3699ae18c379652bbdbe39b7d03d0179bceed3d6
eb8946a31049766eaaf867210cd1c5235a04636e	a9340408506dba471839d07d5a02797832f0afb7
6771ab74a551c7be4ba715d2ff9a174b66a5f5ee	ff80ddea677e1fb2c415e5b46359a9f4456e95bf
26a69ce9549871873997578871e7ce61a4508198	c7e080d1e8893e07382475e2ccb1d3a414e384f6
79249fa3f51205ba0825bd7c2e210fc388bc96e8	d47deb9f1d7d6a7c02ff8d45b6e0caf860964b80
3fdcbb992723182e54d8c5b30a2a8eb9678d08d7	b3dd80da4923dc30f524fc4762d8377218b5c8af
65e1969c28268e7f7fdd902f7b7a6b7d8ca9ffad	fe1aceb0465def8db9dbc805179d164c574def7f
467b6e33f3a175ad727670a35ec4497dcd466a52	c980dbe6ce9dbbea9cfde7a29432f7f59a05a475
37d9bb2d8bb46c1f22add1a9b897d122a01a039f	497d377275cfa0b06bec64dc49fa3447f18449b8
f5dc0de9fe0f095c612b9d5d3972e1a0e065a14f	879ceadc6f211f8ea5969890189eff53a24fc767
aed91003b0130bc9f8eed136345cf31e33f25e77	71cce5b3dc5093cc5a46db2f890608f741617c85
baf32ee3c48938c45626fa70bd1cb0cbe3df67b4	710351ba2340fc23bb412f6033a3d655a68ac81a
704764cb55d05ab649972b236bee6aeacc047847	d44cc03029a87a531e39272726868341b1dda2ce
1fff9482c520e599f2272b56b9720600bd3a55b2	86120b6c5d6e675eead3a1ac34a06694123f2a71
c30dd492cf2f45b3c8eb4a2bf728fe4cd698cf2a	e202641e8fe9d8af532f22b80c6ccc38c02cedea
dccb40fbbfbd426164adf21c0912a9f1a5518c5d	7c0af08b652c1f335e746eb162dd635db33c7f86
4727925e7aadd50c7c980dca467e86df2056fca4	be7560867ce0f30327cee618f12d47c30e903d13
ae422859020fe7618f641ffddf97c1c41df584dd	f2a66bb04071080ed46e26f18028dd36c353d65c
50eda199934f01f61c945b78d03506b2da67e102	858546c41f3701dbf4806c8a0175b421d99d760e
2a4837f568f594444670f312152a4b04699b1ec1	e1df0c16fd06929ae888b20eee00cd2e9a1c45a2
b432a190d16b508dd894e05a64129a60f8cc4ffa	2a4818e875da184a5afe01b614424ce1b3e8ac47
65ffd11ce3c54770aff0a6d74730d187580bc1c5	098254b34f016037fe2a985302c2088d77f83940
60400de51f75d279816ec302dc8911fdaab9bd92	2f29fe6df475b20b67118165aa8ba552f061d9ae
22aa2947eb11def7e014a83627b0ed2e065b1ad8	8e642da23d91a37ba4ea493965f7b4d1c3431b34
d589640cdefcb9f92405f5bd9c2e8fd9cccb9e50	c6d522a394600bad21847025d2bcbeecb6ff9ff6
3be052a781f8d437f7e7a68a15befc7c4c62b089	721e6c4dbb787130b815185842681ad0f0c52545
ede39699348010923aab728180e9e18617d7dc67	be6d6395670e54bc403c9180d0f8aa48c50de8f3
60f9eee5fa6996a5979bfa336a2afd24a3f007f5	04fc27ba17231038246a9c05ab65633af8fe1d8a
727fe212faca13ac1d6c742416ffdc88a87f1997	d19ea15796061b4afd3131c09bd47176e67996e3
1063c87e1d240bfd6e547feade10a8b1b5e844a8	591f7f04ac591c74cd50d98e1fa541623865906d
cd0b24bdc83d7df40b4e5a0b93e074618d422f7d	1965e236e92896636b93f9b558d4f50fd4eba970
4b92862961a7788bf2df1087b1837cdba648d1f8	b76ee92c5cc51908ab98722c679b1c751613a2b2
9b7eced5fe2e38f46c7b9a22fcdb80ed2d1069c4	953226a12bb91f33623167bd25b20bb8b4df3d7b
0a10a480617111d39d46518da019d39c74913cda	70d7eb4eae418159908d143bede54fb100f397c1
2c5f0119107ce7932526cba4cdaa1d3dbe881e8b	23a8f9afd453d83c3d94a40f2b1b85094a0a7090
569acb840cbb6db0299f859a204a469591597c65	1b405d86506e80f97d57065b35cfd70248329ceb
ee0b75492dde8c46186fca9669f6723c520effbb	ade12f2af1f80be245600d2e2faeb8953b055cf7
e79dc8839f18be2390f16f1f31923d059cf8eef3	4ca74d69f7de6f06c0c462558ea85b306cb7d261
e85dea3635eb5053c479e1dbc1436956f1a7d300	e2510d239a38659c025c8fd65445c2307a5d1607
bda4ce449b3ff230e2b91afcda41019fa925a1f1	95a4f780ff9904831a4833043ddd349f666b53ee
54d1eab986a65beb0a55f3378adcda4ef30b64b9	e0f6c63a8a781a606830f438b77ef4bb7a16a175
0238a74493f5d2ddd9827427162764008e7f1a86	e381640d8ed5744f26b0ecfa869fef103c116a66
902eed27ded1cd9049f575035cba0d60e6ad08c8	2933ad21d4d494a83490a962d855c2ed8a8561c2
74ae4ae2372dc84ca4304907d28d7bbaf3142d89	3bb5297c8336cb1c843bb467682bf2111511d538
fb74cbc90b2ff28ee6b691b5e21e6b6fefc5f902	1442ae5819dcb8de0a1ddd3d4980c48e4f6a75b5
6a3b3d354e1cc60ba5c4add4ffaecef847802334	4ad5748aab349456a1c7a4d87caa1e4e7945e047
acacd8d7b0b7a35c18e86bac624862d9c1717446	fa34cef78eaedc6f8f5b95fa32fb51b5f76d121f
d655a1336f267c06d9809d86e625aa3d8228ad8a	0819dfb5a2865554cbe17244885068d536e47c90
7b1ad8ec05146b5390813b6cbdbaa39e800255ae	1cfef5a0bde2249359110bae03b76d40d29faa8c
3e8cf063a72f77e2a97142cfbbab1acd3263baab	9af2255c31a300c7cde6296ed5fd97276265a0ca
7a5922bfdbfc37ebcbf4dc4348da694f84ea5a67	b37e8cf3c9fb2554b93de0d7360780ce8c73fb80
a12a59116342687c891bf7de1d4329665b631212	06bedc05ec0a917193311157c066ca60aef159be
9b5f9be7c4abc5f66b78e8fd95fb41dc48437bc2	596b6032b7e1b27caa5693c880c9e84392434b83
40037c0e05b34ada73d846716bd1eb6ddba7c540	109a0df6b0825c040d1365f50a687c5c97482dd5
92a807236d13c86bd60fc36cf85ab8c8fe2935f0	7935c4f382e459553ba17611d60841f0e7b91c88
a16d65f102884e6699a84099618fbcd8568d4ef6	c772f4c7dd3f99a79cf2209edc629c34e3943c23
3f0cd28adbde0fe04fcba20fa9cf6b78b336812a	4c60da31eaf69af0dfce3d10ee0c993ba7e07517
94988b9c0960504b3844a3b6fd1467e1dac50050	296bb6f9441c66a9453ab77b67cf763d8d92e5f1
a9690825b2195e5bac81e042c922a4c5b57be576	51db3fec73a3bb0a7f5552aa0d48867a4106ef64
bbd8e1aa31148e7b399695351e2e47e22810bb22	16a36a35544be6ca84cc8d27ff6b9136255794c7
3efefa58e02878d75343ccd113cdb3e609a503ca	47df56a5a58b32a2781c248463fbabb324d9bbe7
5e1f0b188d9ab0df9cb686ec7cd5009657ed1324	3f14c6acf7fdd82860bc15cec855df87754c2c89
8b621042b2d5b6a25c0a85c0ec3a4ea49a7b3a01	6d1f843540bae2a355da12880eec2ee92ad4e001
945b4b9ebbe47ff6d453d5aad1cb722efc299f72	126a82483b2db1bb2ea61a8d4dcba06efcc022c5
a30a19011eb8578f03067b2cf51a8c30d1069581	7d597e56afc32294d154ce561a9946afb08eaac6
5964b24b814fb1e1590a2d96d59d0f98b19ad2dc	9b93694f663e8358bf0becdfc9d8e668dbc5002f
ba6a4824c3ce7b0e5f48dcdade3baea981b3eb15	afbbb49b4dc80bf42e0467df21a8667d2fee5314
b335aeae8e27163b04bea2a34268fbb517db4178	4aaa2372cbe917fcde7dea6164247389eb04ba74
0ca323e475ca4d00b4cd6255a768f79075694fb7	fbf7738a9209a2a442bb0819e5f17fa0209faf74
0dcf0fa0cf737fe06a5d590da4325b956a6db531	5fa3d77095636e80f2f39fc9cdfba0fde75ac5bc
cd9e9dec92ebffe888fe2cb62df14be958a3866f	ef89f5298c13928c2d3570c0ff65dd37a57e2973
8e5251e755549deceaa05d52526c65e471a25c41	d541b8cb8b89bad134faf82047ee09c3bfb6e746
9970cdcabbb741a6945d4583b208b1a5403799bc	9d143a25e3f90c71970ff4b2e675f08bddc3eaf1
11532c308d7fe96aed72e96c6e9064c3292c125b	978d12a7eb241b5aa985c5b95472bac77ecfc93c
9f8ba67a3e87b69b5950ab293074c4bfd9f3ad61	b93f56a7a0469d8e5993b1369dfaf9225ac85814
b33053c36ddeaaf4a3a086b8e1a246ab91c0e157	9593bc1069ccb3071ee7fc82403a4b0d3772d032
3c779714a7f46a646a82f24235b575c0937d2e18	813ddfa98ad3d9245d616aa090ff6f1ad652c11b
430ec7c883c1da988400160542799993e6d1ec80	16c898a82fdfc6361bd91338414e9758ad30a092
9399d3650729366c313234d4e83a269524bff23c	ff02d3d1573c9e479612a15a7fc9af4f2dc68848
8f167f60c55b1b8cfbecf77ba86ab94de29a6f6d	07512b1093aa38626fca00dbba07bc5d77375861
6b4ceda94fc6fb94ff5b5b9d23f7e72b52b4281c	309434d3ca49e9a4b4c6fe5e9b2c3c84a8522ab5
f3e4e1cd4a22c422617ff5f470af2417046f0cb7	99412f03cdc0f574cf4b39830348cc586a7e4bcd
4094bb4e7ebb0a3937cd0ec0ee7a0f547282af26	540fe75798ab3c4013cd94134e3ac6a13b1af9a2
8a6afb7f40fc0126bb47d28cc56cc558cfcf90d1	2e48e4aec907274b0077f800dade81d4c8261e13
ff2e33816d3ff8c6c926273ae1b014d4cf392564	7a3d4e4a8e71bd7fa824959efdb57b4f39738802
68beed571e9de8824d5eea3186d3eb1ae4a17394	351ce12f7398a7995af5f6451e65039ff4902169
49e05925179ea93dc2f9d3e9e48f46e6379cb8b1	85c4a530b77631faad0d5cc91533077b52ed2438
8958ae30b2949603ffc8f4ea1eea295243fb2a9c	cdea9e87f1bc01a5ec9a56aab32199769ef5aa45
4c203d80e50142babd4c6b150260ca125cef6589	21ba30b8c3c876ed4f2e9ee0ab477c25027a06ae
d85c332d9378623f171dda92de9afd5e2120d005	07130365d1415c23fca3a2170d52c7c61c56166d
59ebf8f9fa4628f82a4cf27f7ea766af84b4583e	eb7deeae8aa6160310202a0792e1addd681e292b
6d4b4afb4e327f8906967b866a77ab1a473addfb	fd9a076d252b6e868383bc23bc1a4fe44ce981f3
ffc319869572b9d6eea3c7b0ec24846bf536edf1	d2cf9747d7689b4b4a3e199a1bb9bacd0fecf768
33e699df46375eea126bed62aeb06f8894c6f174	d41e1745e6d0fabdc8083556f98309461535f622
af2c92bb46e8d977e9093f5114c5129b641a82c0	0efa6449429b4ffa1fd1eafa6920d264884f7966
b73f77797056b8f7c5726b0ed63c2e7bde040aaa	021e0877a3a56de022a13ee3d2821319b2998417
91505cf8813f3417187c1a36e8e66f922e2f5b1c	ddbf34639a630519c9508e89904d33b3fb83808e
1ba77ef4410602e085b4338d75508e3175fa3c1c	c4637536273a5284327ab920640fd273db1af7a1
ef486a437a4f00806bae9d86ded9bd531e80e861	e9569aa83e55366a7518a7075ed4d0058d9f6369
a112446e3847d2090b9fc3eff2aefa4a911e7402	cccb5441604132cfa2f541cb6e8767cb21bf7eaf
05bab0cb1b9c3391927f57d861d5654ac0e194d8	4ef61875b9919fee9577446986b26c40b3307836
bf86c02bf5b44470fb49941caf2e3c88be72ba78	f1c400c3d3d0cbc9a1be4cc53bef09de7a733bbe
f6a19059e2675a7ab4fc48506ea7a669574e209f	3eae07e75944a229307484f0a1a1ceb71cf3a521
492ca70d01530dce74f49a72cf66b89e1265e698	31b76a4b461525f125e6796b21cc51423fa4deb3
b7809f5e42d7affaefdb301d0988a7e267d3a816	5767964c5535b2911083ad87872fa66d75d2ae6b
b00e43af2c554a983a78283403fff8f8d0b86496	ab526676493d7f152e8462224e95e164b61aa5a9
6f941eabe1f4e6a8d4df4eadc4c89d4f58ebc25b	e46889ee1cec5021fd03e99220df191dac4f8b02
f514aee8da9e487d7365611acc3eecbbd1207433	6ac96a78dc6557ddb4c0ca8cec1ba9b3727829c7
68708389c2f3d29ef2a0805f2569e6a107c6b45c	e7a51fcd9fd6ed67b9b18da48b725cea99e559a1
ff35e275aa2cdc315ddbd0ea69ff133d4fb6d8cc	a41b0757970f947540a3f977f640aada5cf22a51
36824452910486f93c994d38798b9cf20afcd8c7	4ebcf5d2fe8561dbb05bc8b5116732190c084fc2
cb479249eff31587be499959ca003de2f918bf55	621a70a01519b9bdb20e7944b4e2d6e796fc144c
7d1e3b5a847e8f63edd1982f412b50f9492a03d4	1db7367aa5ef53dbcddd01ff65feff0daff7d5cb
eff32332a98ab298869d08221f9099b5383795d9	b6076eb1b2714d2d91e7fd31f60ccc63a1e52f86
40d31a65c562e16169696f0a05e53bd2d7dfc90f	cea2e727f50906d6fa176ff9d6c13dcdd878e792
ad6123088cc6ead53e4508a072298fd36bc53df3	b516568084d6606362e526fcb4d89ae76db422b6
e0be4a560c53749cd47611d901d38d20cdc124d2	b2b40a83be653ab50730e47d4f1f261239a25b12
0af5c579cb3c5f43d956747289f8deca0b33cf33	85325799e99cec8e1ea5b90f42c5da2702e40ea3
fd487a0f984c957d330d08a72cbbec725bacb9d5	6e49a0cb3dfb36bf71565fc7946c04a8e3105d32
2ef4cb0fc4bffaa4361adbd95d84293906c1a3c0	72689d61cb3a3556b2277ddd90d8dfc328718689
00261b2aaf867d096f024bae32006b2ad58810f4	34bc4cbf1f48c4b7e84b9dbb1cc7e2c3ba09cda8
c6d36fc0239fb0b0fdb8aabcb85ee2d0e1a7718d	04bd436da9d622087ebaff243c8630f401b25f4f
5c3f152fe727aff52d0213997f0468fa5042e9a5	2daf002cbecd73fe3c9fee41a556c1f1f2257404
f0feb470a1e40f889237246228a5eb70e13ff122	fa198c44365f695d56cafef29750b9dbc53a925a
8205134a5a05a5004d99fc041afd87f649f1beef	79a05b667139cd62b0aed5e23d0ab91c802ec355
5f52ee2744b663ab77573de8d9b8103df5ad11e1	62d8b7a7d2a022091c516d649bbec5f878341b13
d459b938ad2153f515d41c33c1ee0123e8bd2c6d	b175f04ddb35a073ab9d48b2c857ffd5611f3426
b48adfbfd2dfc9b10284e0f66e3157c0907e5623	f18d513fd8951bc9c3ad56c4c3e39d60e3006122
a609260feabd1d3ab56b27cb9fe34e0e85e322f4	e42cd00e9cf9434a2d18fcb27c8e67d825da6c75
4fc12e960a987bba59a45ab7c70091c2017f8301	1d1e399b321fced101325678c4e3a20e5d156f7b
ece58822abffe67e14fba11be279f84b36ffc51d	332e20194636df4ea0f33c85d01c4d2d6bfe509e
67f734c549fb88c5a7299ca495402dfa9d3fa7b8	76cd68eaf0b2183856185e2d91583910e4631bc2
a76cc25da26a7f4933b5081b090d74643ad641f5	968395304d407821758c7b005b942ed0e6f70a19
f609a1a1b0ae37ae8728afeeeda2eb372bc03378	d339792e41719b6e922f4b81809e996b221cd384
2947a4a0b18e9f00935e4d02f01425ca00a10f35	8d575c6c47fe08f41ea2bf6cd82dba69562a7ef1
2048b174e9e7797ced9c76bf85c438256d4389db	8b6d4e8c418e1a3674fcbb1b12a90bf3db6ae8ba
20b397223de5bb07919454abb9bd8e9bd2082619	4c39a835b5560b5f7e1d1f8e6256755bf7a49141
0e902b278e7584877eb8f2d1e35f7850bf45141d	dcd8b10cda0771954a46db83eed384b25ce889d4
91e1864799d40e19c8c8a3a4201e8bed0b8fab9f	523db47e4fb82e3a82226cc2dd3269abc56d6617
da29d64064d838b6b04d1b6f03ca58c186045a01	3bab501db725bb4dd24ae4fae5c520d9ef20c437
e18489eb32aa9f7bbacd65531695d45ae9335b66
ed13fc49c2c30f3cbd62451757e8f001fd437d9a	2ec210f70f3ae2252c40af27eaaa6a5a8e768a8e
f1e637bcdd18e348928eaa3a9c10bb362596ed13	c7c5f1c03d6a2f1a4bd7546f29a0a000461e32ee
0bf70bd50ef6213f706b11b47a2633fe77101b64	d76e4d1d63f646ce845b13c1bd4cc1d0a5c77a98
487cd5521b4273b3e1f4cbd74d47fb365001532a	c0ccb390264244ed2444a981866f56c63e0d72bc
172d8d0caea86ea2541b88bd507b6db1f36b4f8e	7eab0bb97ea4ff3bdf5103ac32bd65532d32c3f9
d7d426e2a5ac28aa022b1272ed0bf6b5d08746c8	d26754689839fbd3b91183701167a6491042d4c7
efa4571f5c1498ef9cf37a656de499e986aac5dc	af86de2c62cdf8cbfc8e0dcd6107347696442564
e00abdf07e8a0098f22b4162fc517d3fb693a108	98028f7b6e6dd1341780a360abe99ab95f588689
8d4830ff9757efe0af2a2906282db3ed5af696a0	a6fcdf95dacc8d87020595bf9c55de65eb0847bd
d1c80f6a7144e5ee70b21d5f429c8ef6a845e881	1f0cca55cd5bb944f8200c1d0132d56ba96fd34d
4d28ff16a1acd7b8f269ab3d42a4817f9859a8bd	927770c29f3e3698c711fc150e1066a4a78793a2
ad517931debd32ed8451add0426113aa2b76d53d	48b671365bca123f04c42e231d289a7622847f37
eb1387f095a700a69b1efd15a46321ad61d95181	4a14e1d2d2a62358483ced8d57107c5b36d341bd
79e5beadfc222763a6b77f005432a3c28c48b80c	02269b6ef3f1e2e8e124079302d23b3329c64892
a2bbadb9d84c92a7a069ec5f1de43af8b1f968fa	a19f5cb24de37945ffdb8c0db5103aec9bd74983
99b1b7fdac9dd675487855dea3281a99e1aa64d4	ad3c38b2a3271fbe40f030fb3a99120f979329cb
1a3e2eec5126bfd05336a726cfcf633e89d340bf	a14ac8d14c847019ec595c7f184d372960b4cbe2
adbdff1181a1612b3beed77be04bb476b45b099b	83210cef3dbd61cbdd93d0d67b297b60ec6ab04a
2daf6c020eab2797023770ca4d45b3693ea1c201	ce4170ed8816da067543dd13caa6c4428f2986b9
eafb9b540a140876ce870f84933ded9283179658	841ae59fcc0e8ca028b41427563efcd82a17dca2
7a1e40d1174134a53e33de6f07a6e46fc6528346	e323a9ce7646ed1b3a55ec70ba755655987da8b9
9fd7f4ab4c04a930a2193908f4eb0ba6f859a6ca	ca330b831df2efa21ae7e632d3f1641c1dd8e61c
0c474a4cbeb89742274d7003ac5764f03a9e973a	055a155823df9a0c068ccca56fdc65ffa80faebc
9904d22c9ab467856b733dd0e63edf14d2ed4c75	942d19d243a7a06b81f604e555b866a42abfb494
fa3dbe29b4bf21c485fdb4ba2cb53718d85bad87	947aaa34041cf94444d1c3e65aa1bd526e32667f
5b08674021eab5c1ace54a82221270bbd9b51f40	bf78d81d826c9466e473ea43eb25e6893028c89d
c3bf7bb2d82265d124fd12a9455faaaba422cf3a	feca611a30ea9f073677a4e4547298c7fe4ed4d0
086e3e453d098a582ba7b89be5182dae866e392c	f718300b18fccb5678d3f8bdff9bf9620274fc34
9683b32002e65fa20b2bce65aceade4493033c03	6b2845c6dba75bc126bafd048c58ffad24d30497
a2de8cb9f2da8a13b774a4b6e79600a8c3766edb	984cf0595be20b6cbdc1a3e7fa209958e47a6fb1
55352641dc0572d8e001a4c3eef23b50b0ace635	ba77c028ab6cc76ded1e9071b667e7c201cbd599
270e4e7cd7ccbef66a85535c4e2acf3df955b09f	bfa47557548121141a119ea884d6830740a59c7a
228af6c02cccc57335473636822157a684d26793	d9e7c8c00471aeb1e255e21c45bff679252d8259
858869346d3e6db9ba2285d8642aa027c7c0d1b6	ebeda694b7a258952803918b232e44c10e4f7718
85e0b188475048f727817736c9755ef0e089ed6c	d2ad14d35da64f6421ba3f0eab3b1faf5bc99ab8
cef50fe0df78b7884a39fd182c14e1eeb43185d3	e3493bb22a62cc6979303e71a1671a3d113c83b8
3d2ca66f4ac3e334bb0b616dd9ee70d4f96f272e	bea7039465c534e3fd2fe14087d06043fe922f3b
6077d444df970dc2f9b8b613cbfda2c0c34d97fb	86ee36d1014dae829e639f6d0a23f35214411307
8dee41fd9c34742fb91538b164e59ac329df8fae	f240a30d0b2121db0d3c7dfa3e7975ee5c3d089e
c66304771cab10da375ea3568d56eb5607017b84	813905c6fba4cc2670f701ba8e514f8002f1f803
51b73cfa52709628cbbb78eb9b4400117a77d4c7	136102880fea5715661e9a393b021af0229332b9
6e0b80fdb8385be36f9892fbbf26ce50451a0f07	a03eb2d5fb11f40a5632754349f82440f0004e8a
697e2722ef865b0d2094619179789f96839ed032	d676b4a626bdd7cedb759394ace40da0e1b0059f
fd211fd31ba5e1e9c92ed781f183bc68a1bbd274	dfc79488a01d0eb33304793f1e57be57c5005cbf
deaaf704a1e22838acdd9854ce42aa4443f66be9
1ef87baff731b2a38be5de1bc93cfc56cc55dc6b
b51c68f6d0363746f683b6befd725dab140df63c
20c72dc661e119d76f9206a38dc655876413ea79
94fd7425851b915b569c5bfa3949d9bd0a9a8a98	b4f5978ae31bf2139618ab10da824bfb4fd5f970
3733537d60ac20915adb5e6d61f57fbace7ca0c6	1bcb748a6907b8a0379707a896a15be546de6347
30fb9d3acd4941582e45c279568ba45cba9b04bb	9c85c41719be4da83cfa324ff1db440ea350a1b9
6e93adec7e875925e91b7271894fa43474912bdd	1ba1efb97d11cdcaa4460ac934a9be9637413559
5bd2eef0c4b34064d4ce4928b28e83df462c882e	37755ccd928fce1aa2bd0d139d5ecf92ddf936d3
593efeeaac88d4cfe80e168418bdd2bc2c58c47f	f8ff65642be50e40ce7bf48253449479e8231f27
9368cf4a2b1f87c2d49ffcbdca5427843cc2516d	c39ca8eb819b1985d747b5cb1d7a08bad1e7a540
fa9b462a26740c1eeecee36d2f5672b642cda715	4f0b66aa55797103d87231b8bf9ca66ecef2a38d
898f3209c96ba5a882b63ce093c44b66daec4026	baa97e945601d10f9e6365685fb6e4d6dfc9e7c2
259c199bb716097e5703daaaecff675bd5903232	c9ff7c188847fe7164b3dd459d1e57ab0c286c02
d5ea292b72924e4ba14e05ed4fa4ca2a3e1912fa	9260e8a95c2b07ecea0a3ad6e64b47adb95025ed
b1fdd52739e43bbae59adecf6be9dc90fad972b3	50bbed43e0ff4d2a24ccc05e3035199b14633d84
2049cbb0db5a1abe76db530fef663e79a3c0a8db	977f53031f6800ad08d002e090b6bc83a9f47615
8ca3c51c5fecf438f1078c8b3f5479cb846d2b99	85151e1051c7223dad3680ada0a4cd4c24fb5165
628bc221cf3fb35f64d7229d6efb1532a3e0d2f8	43ffa9334082f87ff866da3536042dab9a1262e4
82246b5b6e1512e141d5ee29366f408ee410db5b	8c83ad820c8d063b9e32bb170e444022b5914431
5b3b6f296053385ee40d5454b06c85b425902a84	f51f9374904ac467bd46824fc5a74fb85673f81d
3f05ea512df0ade1ad68d24976feeff5f8f9e082	a45d61c2c4dcb2433587343b9143f6facc1567a2
fbbc764cfcfb18ed8aa6ecb553a53ce27f2a99ef	8e8325fab9881631c150621d785b7bb0d60856f6
77df5927d0186ca3d92829ebf31c743bd34ad117	02b589376bc619a7550f5b99e8381f5a220b3a19
737d6c50cf66b3a36743a25e4de3c2042d36c87b	bea50bc8429e0bf8611108dbfecc247389135858
7279e8a6098f6aa66051c2f7a9c10c5b6a93fc99	03c9e4e9025af71edec3ad97428b3cf47c170962
a5bf17ba970ec800305725938c6c81139030da2c	08861f136379ffd178257c405b639ab2008a4dc1
c576baf90a5bef6c3d5d73e1189aa9ae2cc6db75	75aa2574b7f8aa8de44709443047356ad3e98c55
48064bc62c7da261dd21426a23ad71928d5c3b6a	8a6c5dfa87eeeb6fadec7285b4c879d41545313b
8795e244079278052aa1b7a2885f445f6e6b36f0	1a4e871a88590dddfb4c00fea4c616ec5f275bd0
38a360fc9a01796533845e88be326af85e105828	1faec5a939be4f3fac04819be8fadb45faf7c783
3e59e82f801b79eade24807cbf178bfaa37f7802	c661520dfff483a90074e7a3d2da8913895ccc02
47b82b19ee5c692e95eb0c5a5114d7588998721a	ad23680bf72c5d5699629dcb127646ff2ca04f0e
f71ed804db1cc80722822425e192c6b0245da966	6d5085135a99bdae2a3f8d833390c3c1b8bbad91
eb88ed637f260878491dc23520b94c55058f8753	e25bedec512142f7cbed887cec81e5c4096b02ef
f22db3e020ab85137e730586743f2bb7d711163a	ef02ebcef252c5941f64584a8889f1ea6f922dac
7442d8acf440dd30ee3275ed802f8563cc3ad469	61d42472edfcae676042bb9dbd5790a600dd5ff2
834d434d02ed367a5c1d566d4583119ae2592671	deb38fc12017ea67a56d3bf60d2fbb6da1815829
ae7291b4cc42898db8a8a10e2dad067b5d9b4438	a84b168d9ec571adedeccdb1a0f78ee366bfd176
d02c91a09326f0bb0d097b71129c3a3c7ae33385	d4eacb0ee78a94bd54cad8faaca649f64ae8da08
6db2b2cea459a9483a5f7cca40d67b8c970b2830	cf764fbb653ad850b7b29f1e7459b99b5b472a81
87cb05ab357d8ebb4eb1fd2db3df6a8c06fed038	a7d00d7b2273c28718c23ad9219bb532401bdd21
5964b24b814fb1e1590a2d96d59d0f98b19ad2dc	d2f1234b5d58d45bf8e1ded8169d4aebdc5ee865
ba6a4824c3ce7b0e5f48dcdade3baea981b3eb15	dcd3aa6ada70f49441612ab52d50560f736abc31
a2ad324b1127801f87e68b93a9c75f0d02bd8929	c82f3bdbb56c34d7f4af1e05777f975552208997
5d5898f743e4ed1a693455eb9e0fff01dc07a566	95963e3e623baede93689dc11c706ed83c2a31a0
20149d52767cdc33f8758d1a2dc58257f099242c	7bdd8f19302cdccbe6a172c5cf245981b11278ca
cd9e9dec92ebffe888fe2cb62df14be958a3866f	d0b70bc792de4f713055a19449f730a443399a5f
222d936e34cc31f7be4453210a70fdfddfe15911	a13c186f7c609bdef91c3b56c3b52370149f7540
bce90a2ab5a9bebc95fc10b22d13da335fa92c04	a25d5b732e198f14e024dae29dcfce01a208d87e
11532c308d7fe96aed72e96c6e9064c3292c125b	e3568ca678c6d63ce6be6bc7eeac4e8fac641101
9399d3650729366c313234d4e83a269524bff23c	777dec2bb943a810c5df605324d2375486869e2f
625b8cd9ec25e981643d9018e80d4fee2fbf22ac	bcab12b11fd7c02adb06a5a22a875161ca704093
bff254218f9ab27e43af59705c33ef05b36d067d	751b6b7f89fd8867c767fe880e2440b2d221cce0
ac7c1d4adcd3f10b98be4f53b2c5ff7353066da7	f45db770ea80f8d6bdbbd8fb01285401a55677e1
3fe450f6066d94fe773364e15c03a3035e53ae98	228fce76d5d2e9fc1010bd6890e34c291a3e33fe
d33aa9ec4b89f375064cf4feaa6dd8b592122bcf	628bea3c5fc14040350b91c157c8423fa1bdf9aa
816096a43d8b5263e4fec76b28fabfeab992962e	dd8b19aa5cc3d59d3814393bcd7417e32e835dc7
f52e2d5f5940377f3c1e1241dedbf5b31699767b	32ae337e9d5f82c27b27c9a3810f789d93f37660
586b3378de05ce026982511a1aedf06969c4abb2	893829a9f93d79efaabb1593879c4c1e632934d7
7f4c3de41dcec54028625cf164a15682257468d7	4cad5511c67e126a8456656612cc05edda103ed1
e10f1bd38232928938ea667fa13836b3b680c51b	52d57568fd794029e04d89e33ab2aad03b580eb4
7f855dac271125c18c31a797bc1e92568856dd38	1a7b3ebe5dd6e378528b03fdaa0ec82852fc5749
c1a0d2a9ebb2ea7b7aee2c223202cce99f3a293a	b8cb5e2cbf2cb15eda638483ab8bc4e361ed2c91
376c072c5c70311cc49828effd7df60d5fea5d4a	a5a3768924238c08583cab3a1e6ee686b0d5fa32
ad517931debd32ed8451add0426113aa2b76d53d	9dcfcdc4474ab9ec27a4208d9020f3ff05ff33d3
b601279a4d30a6e50b34faba67b8b7eb2ec7a23a	d4efc86ff617b22b853ddda25195ac6f9fa4e790
82246b5b6e1512e141d5ee29366f408ee410db5b	f54df83afe1a50b39ae2133a0f6da9ec3e38ccd3
5b3b6f296053385ee40d5454b06c85b425902a84	92cc5bff076118c1d31e611aa155720df00bbd41
3f05ea512df0ade1ad68d24976feeff5f8f9e082	677b6d36799b5a866cde1e85c323e8562406224e
fbbc764cfcfb18ed8aa6ecb553a53ce27f2a99ef	67552141de1ec98fbb9d494a58c36ec6ed5d3d20
77df5927d0186ca3d92829ebf31c743bd34ad117	bf732dbb6b6f074fbd17775b01af982b31e9cb60
737d6c50cf66b3a36743a25e4de3c2042d36c87b	aad083621a1eea88c380a54f75f0289a85706c9c
4201ba9610d994796675a8ef5ce370a8d78854a1	59bad5a4f05420ce80bab4c250f4793993251c30
c576baf90a5bef6c3d5d73e1189aa9ae2cc6db75	4adb636fff640a5fe948fb0fea9b035425e9ef81
48064bc62c7da261dd21426a23ad71928d5c3b6a	f338f9c75466e86604daa92edef47a34b6786ecf
8795e244079278052aa1b7a2885f445f6e6b36f0	79c134b2cb6333a58d15da7d81587a3e611cbf97
38a360fc9a01796533845e88be326af85e105828	b0ab3c1aaa55c6ca26fb30a0d787db76e465b31a
3e59e82f801b79eade24807cbf178bfaa37f7802	f9cbd4b2a1842e0e8f4499ea8f26e91d712488d7
73c1b9caac15b0fb9b17686b0258ef7b67cc1e55	58be7789347b14290fefc556f92fb225f67da326
f71ed804db1cc80722822425e192c6b0245da966	079fc7642e90872d5f3a3144d06e0fd7321a2fab
eb88ed637f260878491dc23520b94c55058f8753	a05a6954f65b3c779daa543c292afeec23954d61
f22db3e020ab85137e730586743f2bb7d711163a	c039011eb5eac9717fbe8ad39c4f617bd3cadb54
7442d8acf440dd30ee3275ed802f8563cc3ad469	6b61be22c720f6137069e8d1311c350b6e42a0e1
834d434d02ed367a5c1d566d4583119ae2592671	8dbc0bbf738dc7d8af0e2316b6cd3920e37e1559
ae7291b4cc42898db8a8a10e2dad067b5d9b4438	9611e9ffc23b3ceb2184296edd523fd8a17e2959
d02c91a09326f0bb0d097b71129c3a3c7ae33385	4ee04c0720aaa8c8c9d724b475be726a2013ca21
6db2b2cea459a9483a5f7cca40d67b8c970b2830	2b34ef243b78e930442da04beb19a1035d62abf5
87cb05ab357d8ebb4eb1fd2db3df6a8c06fed038	abca88926fc5820b22e95cd7c9870e2a561010c7
5964b24b814fb1e1590a2d96d59d0f98b19ad2dc	2eb3b59ded0e1cd6f63d067189a84cac7fd0f23e
ba6a4824c3ce7b0e5f48dcdade3baea981b3eb15	5c824b87b005387720f74eb9ce5aedd169f864e5
283723ac61e33821420feac5ffa4891d2bb2696e	3f01da905bea8e1b068b2999960ccb4aced60aec
a216a8d2ff27d8304710601e77ddf9c627676e46	15edfd6e388d450e4de060c014853a4cd0e15e61
20149d52767cdc33f8758d1a2dc58257f099242c	abe801907e62f23c8fc5e9db30d83eaeb21eec53
cd9e9dec92ebffe888fe2cb62df14be958a3866f	e93a1f5d768804688d73c7ab9f80d822a980bb6c
3d3009ac62e10985bd9a861baea7c596957ba5bd	a575c6e42a0f80bd1ded58e82df8711ff867b46f
bce90a2ab5a9bebc95fc10b22d13da335fa92c04	9a15e2f0d7922aa6e311ef7e5a21fedb40c454bf
11532c308d7fe96aed72e96c6e9064c3292c125b	b64bfb27f4682347ee41802f7f8eba07bb1b4da5
5bfdb002d8c4d8fff16af1ff9e500ef2ab06642a	3ff24dbe51db5b452147d9cfc934e5647e9b9bbe
e8231d0c78e1fa4a937573f783dcf305a7b83008	b93c30f2ab1dbc86536b7e247b5435cf0dddab62
dad1b9f9c3d9f26b8843ec44025edb7a6aa8b4eb	bcad6b4d6eb5c7f0cd4334fee07e6345d66f0a7c
dd258de418bd7902f3fe62832abc5c585b82a7fe	9e7c8595575f21f9117c661929a244b362220c8d
daa01c07fa98083bb3112c4c8513c08bb3fafec2	f9070327b7504e14b080e0cd9ba35034eafd31a1
00184511bc6a8e8564326b8c0fb14b1dbfcba75e	d2f645df4e87e07550ac7815dbcc60252f93f7ca
29a304dac80a65cdc596da8fc0c89d5cf5ca1e33	fad8101c573cb4aab098ad0aefc4879cdd37f40b
a9dca1e5b5e9fa56bef3dda79d12c34cbfdcf275	864c0048be7022ce2a9576d0a500faca71a6986b
e071ca0c5f6fc1e74d68d4e4dd25230b436cb7a0	0127eee90366726f682989234c04f8ff330e297d
88d824ada52a7db41bd34742a3cb3b334ad9d4bd	b5a25edd84a05e4e831d93461eb381895df5d926
c4234ecd64b3d4078ed8ba390950582e24bf9ba3	0fadfc021538c3262abd8ddd3634a406d8d0e8ee
a9a9b9d93702e111dc9ecb59931e33a2e7a1f267	bebeb5c7e3c95f77565d34dcdc653d1b65f9b553
3574a343b0c63b4f3e32515725a5b819b346c40f	51949799e1172eafe686956d6a45e1f8e51b7008
cb9693e4fee593186084ae6269d2de6e4cd731ff	1a529bccdf2aa44679057efbb6f65b3bfe9721ce
ea9f53b6e74d891ad61d571722b1fa9282e095f6	db94a76b2d9c7e07335c9e40a228de012d80c7bd
d058886fbf74a8b22b2c125aa3383d07f7f3b447	d9a31d44918f53224dedf842ff7980e05281cb43
e279f52a2012a0dea6a7c5b28fc3b6770c9e5ada	c0475793f533909d19ef7fa261f3a7884aed0a6e
497a1619a1e3e40bc074a3764be1bb4cfb0e3867	f2528e22995a4c757aec1166af295cb40b388ca2
5205544b397f568364338d89db907b2232011338	b1961033d42f3eb08b8c33e08c9184f40f07f6b9
09c17f1257aebf759d7e9a4610aa0368eed32467	2073b634bff82c51f72902feac6aea577261b103
a590ab51b312fa196fb613df6fcf6985a5247077	7e390e7843b4ed73982d01c753c7a0d56a30d2fe
b26ff84fc94d6895e396f2e16ce3cdf0979d9d94	c30290fbffc62954175fc2371d935cfc0d918889
957ab29c3bdfdbce854be8bb78a0e72d649a4d08	aea2a47c24001ad69511fa3d0093a4f30ad38aa7
7b7444c6ab0f9fee1ab7a8b14a06b2a2b5ff8496	e93e297aa114d20a0963cb6d74f4b6e579940308
276a1c075e359d09ab7b39d8dc8fd3e02f4d2a74	5941c77e11c798619cef64ffcc5c0f27b4ea22fc
e9b5e63d839c32b9ac66f9d029e015495dd114a4	c2a2b4f6b096ac4b3143afdcfb615a92fa1b1683
3513342a2bbc3f358e5c711df6c49777af5ae480	176721a9300aa4137bc56b655a7252513e9d619c
d6a3d7c624b4aef58c733d340c7cb7ccde3c207e	0b94490be6bba4c16e41d42531dbc2302a23a5b9
93ab807b41394721b57d2a8336b0ae4cd9da128e	e0279cbe4d7cc52ec12173986f11dfabb382abfe
545516c9e4fbc4d095a5d6c62a0c3383cc878417	f119aefa2fca70f92c9b5f2e043668f58b0cba27
c188bdc4dc9f2ee3d0d21d1ddf76e9814ffd1cf5	4f74c65595c77c0128ebd5081064aa6febe25ae2
714fb28e36a8d04a2314c45a37f848ca80399e2d	05fa733917eb39a9016ccb1e635c8e78a61f6b07
b10e86d5de97249ab7049fad99a403e7308e0eba	a6164dead0ab7611f92c9ac0fbc8ebac34fec5e1
c6b6b060bc4cc66ce2e243faed5c7b6c52913f97	74e02fa07d7f86b8d823018852eb80423791e24e
13f2f427249a8ced42f3e25afd2a14bc1195a619	87006818d839b651f7181185caef6e66ac920871
46585683e4c50b72c3b383b3aa3044694bcafa5c	1f698f0e78eb0282283aab367baa96621c1c6e4c
046bd92474e26c78c268a2220c476a7acbec2fce	5c36b9339dd7aa0c2ba48fe17856746d05be34aa
57a56f7f60f16867ffa91d3e11d61e2e0eeb4add	f15139c6f5b508f666565b1b91563b87da95193b
bcb44264afaf886345a7a212445e0de3d5b54427	1d87f0cf79455c43bb508cd009669c106ecdacd6
151a1015d7c8b183ba841eaa5eec4dc438ac25cc	b9973735659c7aebb48e0680693624cb50b62200
b60929dec0db4aa9ae7f54650e0870c3d7855147	96b65952743d96dd3a16174bff4e7feb6e7ec5a2
4a3758c38bc61f74b9d13af701642ab64e25f231	433e1a444d3d789065410813178ff34d16ada19c
d45174521d4ad78a3022966a1b5ec51d7b8cc954	8870623cfd4cd4173979c84b122b9ca8c8b216ea
3336b15417bac3055b63de655dacaf056004523f	71b54060fad453b5011e5b5dfccb652ec0729a68
1eac34978b474957e6cf7dc619e06dea5b216954	63a358bab9248016d7700d02636f5b07991130c1
e0f7885180714ba511caf98785274ce9e688137b	9e5da9e8c435655766e4a4381168ee514d514b9c
993f4db722f78c647c830159b4f69fa0a2163994	3ec67e4af49e935efff7b543376efa8faf4c6fd9
e4877fdd880175bce3271b840810700295f99c11	6486c050403209166047729e59752ec7d93d10c0
c77eb6ac2ab975ffbe85084017ca22a62f6df0d9	3cad15190822825e6159d2cf8845a8481f0a2a51
c23ccc5e553ed12a359f6495b168bef25228edac	2dbed1cc844695a517997a2160c9eb7b2540749a
70f3f4db799c25def1ce7cbdcf96c4cd7a7b5edc	aa9253412105ed17ab9a7fdaa19ebff026c1f6bc
391eb28e7b8603a4e1fc5f77b1d93cba2d462579	e3e5c268572a1d019854bbb65f452b282b15e4e6
e480da91fa8883a4aff194e904c759bc9bcc6625	6274779ffa1e1963709f6f3a1df4e7f509179fbe
7ec55d2cb2bb4184a485a80b3bcc871febc983ea	d54777dd731d45ca1be57a3f3191e19b4d68b173
0abe6189f7b968b0df5f94feb8e274b9973d40d3	d0b2c27ecb503dd910e51da59823e6112a6bf6df
3c99da33abcd30134fcb29e78cd6d44c30992df0	55960aa1c270d55abc209dcf1bde7a51e0456cc4
a2738b85d7f258785167f625235b904976473111	141e3aada8bf0bba4a4cecdaf60b8c1d298843a4
8010631930ff0638cb84cea51383cc608453102a	99862113dacdbf7d987eb6357b07559a398870b7
087f779e550dc56b412be137848779856e61295e	cd7f20a9446fd8d1cdcec19481f5042127ebd7b4
f2423cb4eff2874fb7d3f8adcf10f2f97fd0c080	0a48110a62abd46c6e26ac820955408c87a60fd4
f3f9d228f4dc51bdc696c437088eb204e78ce81d	bb52b6932df9def0f4052fca87b17bfccd78bf18
42705aa0d65c3d0172fb3bde2ae0dfcb5994f0dd	ebc9a903a1cbeb7a494d14e01405e05ab5a140fe
86b5b7eadaa8ad229e306a906991f2787b022eb9	5007c968dcbb5d1dd1c319b50891e13776104991
f7ea7dd60b950c917176abb4cbb99c16e4b39f7b	f991e528f6912036f6f21cc31337a54e168f24a9
f69d6b83a9be46b5a2edf3c2779733683e99c3c4	2655dcee1b8a668bf07a5ceac94fda9afe5c3c05
8ac1e322c20ed099085c23bb0206f1a0a497429f	7fc3a9093836a297be2529ba63e06bda2d450c4f
fa79a11a399e0df9112bdf386bcb866b54a64a53	62af666c3b445418943fd37e26738e92164ab541
6bd9226cfb8b1093efbe861523c22285521af59d	24f0be15830bc49cd1494d24159fc552f5262ccc
a5bb562cf7b6c1056c4e16acedb678ddfd735157	bdcb054316227fc7b908166e39d5f85927f6428d
2c92694f4d481c25b32eca911b38f5b223fa1e8a	0e0063530be0d745722f605a64b5961cf2dcb1cd
9c6a6152b1316b9b99b8ff01ff8a6cb15c72bad3	bbfc31582abe15bef690392d863971dff4f46f4d
8f28a866696c6b64005e1cb065b3a6c27a527aaf	f7e588c8c13e9e8eba48128bf42cf1c8c4e4489f
becd192c3a893198f2dc506c9bc18655ab5860e2	56e4de4fcbb4aaa5bd23b53fad4a33b5405e19f4
078b40e2f38aa31e56ca840fe2e078dc9cba7ce2	724035c763ad37899fa11e793bb9a61e56c3a365
97918d99f8bab339604dd911322202e608b77a84	c761d6bedd77c483915f1e1cfc718e95617fed5a
c6e0e9a67cf19a91ed2aa0774f4ff071d8a2b174	a1e7a69ba7bd457f639aacc5310fb7e3dd0250a2
6408bfb30602f2bfd280cd91e01c3b463d08bf16	655adfcf860fc71a054cd3c0d15aa118f49bda37
efd19b34ef92843b253cfcfdfef2a253043f769c	023b1c22c3e3511d9a61aaf11f7efc37ea57161d
35ca59d718def87863130d153ad0784c6631d668	d6416877fb5c63b66e44794c59ae8b0b8afe1a16
6d80afd8a2d545886b8bb2f25ef76d78ac218e1c	59f8d3173f6563fc72834ebe665e42f7ea4aa077
c6275c3f5fb3e34b58dff1b38e71ce6126b69818	bdc580410d5bfbb4d647ecc5c06de6d8609fc530
a0456bd7ba22e99fd8e1bca2336d843e860f5d67	9852fdb5f3cb8ec09661361c1b347eeaf6b4b7e2
b51c68f6d0363746f683b6befd725dab140df63c
20c72dc661e119d76f9206a38dc655876413ea79
94fd7425851b915b569c5bfa3949d9bd0a9a8a98
afc4fc8f437ff81d41aa05cfb471c22b09d6add5	08f6cb4ed3a49d3ddd33579e47140a28b9317e62
567b1cf3a30e6a9795fba4479d2a465428661f16	93255606a984e33f2cb70c4435a89254f211fe31
e7cc2513a75b1c63885deb099ff631bc6b313bcb	f477e0a150cb370682f44010fd57f39662a02ca8
c53eada1b6b7b4c70467dfbb59ccb164c19a2ad0	ecaa152f4d8a856af0d102e212fd66fbf53966cc
349bae4ef9b834f856f6861a28da920dc432f967	85adc7c79d91a263df3c4eea58e5eec0b5a51cf0
b67842a05dffc15a640f77ba3218f27c90de26d8	2fa483848202a9de07b24af671059a9bbb45b505
2fa5ff948226dea8972cb90e8df5ef21e558fd28	15412a7dd3d2233938c13a7e4c20fd3368c4defb
9781f5c46446f97f8efb556baf8e8536eb874b4b	1bc7aa1fa55906bec82f0e022c2cbfbba2725b2d
10b716ebbe5a9c57b3095e245c266c7982ae90ca	94d853a9e0026b084a82e1c547599d7e752d05c1
56089558ca0bec93440cd74caffd960b0e98ea42	92baaee9d1284e75c508b57d3ac68237faa3ee93
fe6428fce551a35a7b54e3356aa74c965a89692a	0ec3a3e7f348ec57a4befff7aaf1c7a5de40dfeb
1650ff7d280097c2ef09e045eae75f487a8529ac	302e4684c00873fdc5339c60452e9c8e16ae4933
b4eafda60c60ffc01b53e26337831526117af1c2	e50ba420ed42b213a4d5876b4a498a70d71f019b
afb2a24949156f8b7baaf3f43283d31e89102fcb	88ac203c7fd1ca13cb50d8526856c481419f4e75
8c2b8a9900e6c594d93ea18914c26fba05fb6b66	d3c6afd171fde6455067c8af62e4f722b5c5c9b8
90904f31462222565922f5fbd7f214c2c86cdd5b	a02cd386cbed7a13ccbda2471a92776cb933633b
c9927b6f3a456a4651179d666c1b36dc9f2b18d9	d695a848acb7ad008293a8016a19d923cd810a89
9b73d3da354624438d0b56e8486353b972c8e807	0864e31c749f70a59f3032670ebb1249f65d209c
3744b41daa726c60bb5b957b9f709ea2e23b32ed	2e3b614f2d0821c9f847944816b278bec854c5de
2b7ab02a8d720b6331421f4c0758adecf2192bbb	f64638a9854cc7eb223a70b1905d0b5c5bc264da
6b4ceda94fc6fb94ff5b5b9d23f7e72b52b4281c	de52a8126c9159bb419d3e5550bdcd1fb58468a4
32d68e6864f436aa45c5390061ee9f80ab7f3aa2	6fe3acce3927d977ea739012a476cd3d41ea45ca
6de468126195ab5ac7f873d56e6d455e2d5fd8e6	d1b7edac2a7ca52bb5feadf2a7437325ee78b230
b82a58a407e9c72874cffa33d78bd19ab13f5459	499eca17a4261f5c940db835032f72dd3096f163
0de507baf6c467731991543387eefade6dd5a1f5	31b006164893f041d3950832227e9e2c91fe4857
a449991d8b65cb945c76e651e6f9f01f26927b0e	7ebb331a47e08f086f1f73d24188faccf298eb04
0ec3d93de2cebae53d3abed3aad4f4196c671d62	8d189a463049e1228cfd40ac118d15192612e3e8
db051acb163fd346ba920fb677b4c5135a1853b0	5c3ae3e67fd560b73f94cfaadcfc68f1759e818a
1527011c727f5e3492dd993c5ed200a42768edcd	b6b68b85a7cfe5b58d6e33a57009a7d5f2222229
99703b4f1089a96e227a89e55df321538f22c5bf	da34e4ce71fe1a5a37405f77c6b08d8a6388582a
ab8143ecbcb7a2bc4586206160fed407eba8769d	ef598d44153a307c6a6e008d7d04e88f1edcd551
8d272cf1f8b40101d5cfa013243be91c73a0b618	0943040c678d0ded3ca131bdbaee411167221198
9e6e3f6506e56ed8e3efaf02ff6feea3179dab5e	cc2cce69cd3515eb85955c78d7b58edf6075b089
2b966b56ff9970d9b8bf501623abd7c08a3d6277	67f35aeb605399b752e2c3f6752240a5c63f21d4
d75053021de86145ca3925f93bdd023a6e339ab6	279720cce281e62bc242e2aea8eaec800949704f
32520a87459bd52aa7cdd5770f30065b882d9170	d2e3588a5a6bb6536da42b145a1f9594da85ba54
a7518c5dbc09715006e991fc0538e003b2865786	3232055c4d93f6f90b5b49b000037b194c7122d0
5ac94e566e64d8b9b9724a9b0c43d9d35606dcfe	378b8b1464c893635b466634b0f5c7612d479ab9
011bdbb32a6e490ac05bdc97127bb9d7088d3385	0a7868b0f0ce13f3f81cbfc65ce91ba98122c8db
d4750e17039c995f8e43330d8c2a9c3660695670	fff7d46e79804d46cad235b65c8b543eefc8daa1
32da6e0b05873d6ecd27f39d1bfd1ed86ddd5277	0068728f233d4fcfc2534c9daa379ab98134c600
09f2e79c29985b72605393c5e841719ba280c6c1	6910cb1af06122c5e0cb2455604554e5d880149c
3c8a1455a97d0a28e3084ee4a027c0149b739f9f	10636c702407178a4f24ad2e50a3217d059e5cbd
f3e4e1cd4a22c422617ff5f470af2417046f0cb7	834f4551d773c9b3738f61c5d73b2b69ab6e4155
ad517931debd32ed8451add0426113aa2b76d53d	e85872e91aa8da5961171b96116b37b4601d8aa5
b601279a4d30a6e50b34faba67b8b7eb2ec7a23a	a0ccbaa1ef2f4ca7f5f2c38888f7221505245c9f
e9d335c5ad0953385a2d43a1c03ec7aab1a8c3ce	cc638d595fbd269e0f3f004cd1d912d6ad8c3439
5b3b6f296053385ee40d5454b06c85b425902a84	ee3687cc85e4d0ae067668ebda1466a563e9d03c
3f05ea512df0ade1ad68d24976feeff5f8f9e082	5861a6c42b6033955ebe972e2b563450ade035e1
fbbc764cfcfb18ed8aa6ecb553a53ce27f2a99ef	c59a3d1fdce97ef7f0427d97f332efe8486df404
77df5927d0186ca3d92829ebf31c743bd34ad117	a79bd51fad7049d75e7c0efe0cc135ef5a2c987e
737d6c50cf66b3a36743a25e4de3c2042d36c87b	8647f4011c56dd4c22c874ad26f22dda11e33a56
b01642ada52c50e48cdcf06409781b5dc2390639	8d74371e258ae1d1a3d8d8c7eb4949169af89f3d
c576baf90a5bef6c3d5d73e1189aa9ae2cc6db75	4a46bce5d36de6d0b22e28cf55133fa0e87e198c
48064bc62c7da261dd21426a23ad71928d5c3b6a	850e7a3dd8d70166d20203503f2d28001c8e89b9
8795e244079278052aa1b7a2885f445f6e6b36f0	3d024de38450f071bcb15e77918dc2e9eee0026d
b7e1338a5f50c30057ebbb0f368a182bed4ebfaf	fc960aa4f1f6571269d1c1f62032c4acddb1c11c
3e59e82f801b79eade24807cbf178bfaa37f7802	9b0007e59096a8c2c3b6e795c4de1a38ccf6520e
2301d0064e99740ec43b4a1959e8dd05ceb03325	6a91b91f04326ff7ece521aa451e3942cc84d984
f71ed804db1cc80722822425e192c6b0245da966	4139243fb2784295f9531b746239f956e26079fe
eb88ed637f260878491dc23520b94c55058f8753	b0fe4174335e08c79dec3cab8a0db18dc76a9c2f
f22db3e020ab85137e730586743f2bb7d711163a	b39558076bd1b5e737911dfbec7bb3c91cf52fb3
7442d8acf440dd30ee3275ed802f8563cc3ad469	530cc1312ce3cb0fa0f235323c7317944d3ba6e5
834d434d02ed367a5c1d566d4583119ae2592671	191e03365ea29292bc3ddf81706960b0623a9802
adfb101464e9eac7051654493b17b87dd0a40cf4	46eb5aa3adca9dd9e07a35698e873f3da060c80c
c17dd8820fc8d7e823154dbb0c527e147338184e	6d93748cd30017293834976cf365e74c4e27fee6
6db2b2cea459a9483a5f7cca40d67b8c970b2830	1819cadab947f99df02f2c06071d1aa42c08e719
87cb05ab357d8ebb4eb1fd2db3df6a8c06fed038	ba625aefd88a5b1bba6c13e775da45cce4eea702
5964b24b814fb1e1590a2d96d59d0f98b19ad2dc	895e3036cec2388d4cb89486e00e2fa70658c17e
ba6a4824c3ce7b0e5f48dcdade3baea981b3eb15	8b1b566d4e659c06ea12f0be0344d6ea94c9162d
dce3470f6f1d4315c4520cb83f72f764e4768712	d4ace2575a28e156662f10382005bc5e9745fa3f
e465108f18cf4c27a0d9160bc7d92658bab21da4	15feda1b73ab496df46e81e8d27f3e889ac92168
20149d52767cdc33f8758d1a2dc58257f099242c	e0e7a9fef8233cd14c27d96819a2fd499bf3015c
cd9e9dec92ebffe888fe2cb62df14be958a3866f	5fead284a40d915149fecdf88810a67e9e51a152
528d2037ddb125c9bf29b2becb59a4af180e2e89	0cb8b4cc9262ca609ace877e20208e3b614b0922
25702f1d6bc643ba8e4316a2e38ba50ce601aef2	729bee9a5aba893394457bbcb1c0307c90be8d85
11532c308d7fe96aed72e96c6e9064c3292c125b	45f1216eb82fe57952825d3977af992ade3a41f7
48385eab44772d251399f3e4d307e8dd7b55bfc6	f43d07faf1916df834924c67f10d9775dbb1bd04
9ee83cb5b62ec26ffb3b79eb0b672aa92d0fb025	eae898389f169762868092682ae7e2ce7ceb454f
a78f3d1d936267fbe14dc0f32790a0cc557cb3f9	747ca9e3d72ddb364a4f79b5d42ae6f21ed9bc09
ce7b24cf6cdbd5ecda06c635536a3b566a9477a8	b3a1f53db4d9f8e63df6147d9af81c60043f703a
c3aac6741e61862ac2a13f8301cc2da64306a87a	b3218f340b8f543bbf6ac543bea15f00cf409da4
41e83c39264f728838c188add7d05d7bcd7e8310	e07ffdb2b3dab51131126058d6f6b6127ba61dec
e48210eb93da649062b7f86640b2f6fd93b4c6ba	3d873c4f5b69b8164fe72e257a8f723a0ae7b884
f52226de7f96d065abf88054e84112d1c539d6ec	8a7e90f8e4c2e598c1d4023e5c1690fb45e26c67
d6b9c82e6e6aa6d448e15d9cea86f9ed9b44793c	7e71d858f927efab8d0a446d924b41aadbcfcd91
6acfc5ab49a5ade658011efa1eabf18cc384c00e	f043f6f397701d72cd064812482e9250e48f2cea
d4fe9b590233b7b91149af88e208415b7cdd1bfa	7756ee51443e75f263f1a94d69f7ee6ab00e49a6
3315b7edbe65dbb72fd06fe41f1accc1c20278eb	d6df1723137df1eea0126a703b08481c85a0eec7
a74cd2e27ea96e6b5f8c8dcd2fb308b5ccd9e769	89819993c9a48722379e27a2e2a17af4efe15e7b
30aeb24ce309800b45d6d0c9bd297e233f5ae87d	0a3993a8c051ea3370627b8ea7742d1201a200dd
06c0d20bdae9cfeb8100056ff1ac79c1e2c9cfc7	df31ff95096fb8b47ce157ec3781da9d98785bf8
b51c68f6d0363746f683b6befd725dab140df63c
20c72dc661e119d76f9206a38dc655876413ea79
94fd7425851b915b569c5bfa3949d9bd0a9a8a98	50df54c2d579ff2f1253d9ba0120faedbce4d2a8
643cee4f236719ee42fe8734fb5a2e297a51a6d3	486b7e8e17dfa327719e3774930ad079a2829bae
d2b0b2a2512a8d582fc15f6a069e736141d3bcea	7d4ed8f9e83e247339be667810551e31fd1f8ab2
ad517931debd32ed8451add0426113aa2b76d53d	710d7c715b10cf9fc158b1ab7fd7198754962c59
b601279a4d30a6e50b34faba67b8b7eb2ec7a23a	2f1a145d9bf231d1a75589f4cfb073a2d28530bd
3f9db3d5ca0e3cde4fc04b8c2869253da7a794e9	2f8e7a58d02ee931722ee4c3bd11213f82fb6dab
5b3b6f296053385ee40d5454b06c85b425902a84	4a124d731bd8ab5124fce0077bcbcfce05d06f8e
3f05ea512df0ade1ad68d24976feeff5f8f9e082	4c7e2ccc1a11c5c480ef7ac6f60282a3c3f10361
fbbc764cfcfb18ed8aa6ecb553a53ce27f2a99ef	1370a93a0247b56a3808d3ec056230ea650b5ce8
77df5927d0186ca3d92829ebf31c743bd34ad117	516fe506f072d4683f7bd6711b654e4d7e7f1d8b
119a4ea7ded288ab8dea11b29ced13c74eea97bf	18f46db484e65ef337e0bb8558d71785b0f1453e
ef557afe2dde9e8e489196936a865fa7d498baca	f84b0ff4b28be8aa017dda3c5b3e37a1f1848d06
c576baf90a5bef6c3d5d73e1189aa9ae2cc6db75	263edf57e8334fe4cd112b0966fe4ae064747068
48064bc62c7da261dd21426a23ad71928d5c3b6a	b248ad5d6038112b854786547ab0c75c93add5fc
4193201da0b35daedda69ec94a0ba86e6d5b1f2e	0a0abab103a41a0241a45aa2716ab5bbfd2dc530
940cc0758c09f333962a5c07bac7a7e28f044556	a23874fd87ad4e7858b2ff495a8a256f53e37846
3e59e82f801b79eade24807cbf178bfaa37f7802	5edbf31f7780a5d334dbed2c7b2e6519224b7c4a
2301d0064e99740ec43b4a1959e8dd05ceb03325	1ca62ca8bfef065a6e0bb670cb029062e1507021
f71ed804db1cc80722822425e192c6b0245da966	ce43f0fd4d571e3dc6848e9c5ef866bf9fda80b4
eb88ed637f260878491dc23520b94c55058f8753	087298c44b1d8a8b1c48a833cdc231c845674f70
595c12a3d8a13c669b36e221b8e84e1c9e2f3864	f410738d1d731f5ea68420c484447be97bcda5d0
7442d8acf440dd30ee3275ed802f8563cc3ad469	7127f10f6adf0b127b257711cf101c556fe6e504
834d434d02ed367a5c1d566d4583119ae2592671	eb218b7cd0454b36e9a659b01fdcaa29cab9260b
8e7dd31bfa41ef07c771f9665ad2144802d8a0a7	eeb13a3b1c14d656caa4e9bc3e5be6d24dd309aa
c17dd8820fc8d7e823154dbb0c527e147338184e	305b22d7ff5e13c1375f403c25c71b790529efd6
6db2b2cea459a9483a5f7cca40d67b8c970b2830	7c4f940be3ab36b7822f8186e2b5c9dd10fa7faa
87cb05ab357d8ebb4eb1fd2db3df6a8c06fed038	c7c5aac102e5ebe9ba0a81218de30fc756ac9544
5964b24b814fb1e1590a2d96d59d0f98b19ad2dc	a50bdba58d376851258f672378a3da2d19aab3a8
ba6a4824c3ce7b0e5f48dcdade3baea981b3eb15	275850a2bca03fc5b6664e443819ab4383f77626
c341272e8af5608fc0b3a20c2709c616d172c7f3	e5668beb48ca3ae720643070fb4681f59f4c56a7
19c7aeb45bba5cef55618e5d4f67508993d39d6c	67591ae8374341c05cfd3ff19d18ec280a0357fe
20149d52767cdc33f8758d1a2dc58257f099242c	4f897b87600e5648ff636b9e3b5c9f99bb2ec886
cd9e9dec92ebffe888fe2cb62df14be958a3866f	0d096664fa45052c87044377e1d930fcc7d1dbc5
ebc6ae3967cfbf402b5b59bbe610cf005466bd1f	9d1374bec44d3cf2ceff5025fa83b07ff0a0c45a
c11274810810afbb1842e3422623422c67412c95	f5ea705459361893bfbecaebff12f03e63c77b93
8a6afb7f40fc0126bb47d28cc56cc558cfcf90d1	a781ae65511576ebad56efbd3996c6699859c212
ff2e33816d3ff8c6c926273ae1b014d4cf392564	53165d3c24599eed8a92882328ccfa6fdcdf6e18
68beed571e9de8824d5eea3186d3eb1ae4a17394	8c525aa56499c27979439c8e679b8dc98a5f9456
49e05925179ea93dc2f9d3e9e48f46e6379cb8b1	ad7d138455be24b8b5d717efa68093ce2cb6a3ea
8958ae30b2949603ffc8f4ea1eea295243fb2a9c	ae303df4333e201c30ea11fa8c547c330fad76f8
4c203d80e50142babd4c6b150260ca125cef6589	07cc8fd1b0e9c94d95b73fadd5b2bc8b66074bee
e1dc22832743b1cec1f79844b0dcfbe50385ab0f	7086db1add92ba3cf0b4a65b4f1f114298aeb5ab
f7c191c204d7e620ea480ef2996f489231e5fab6	e490611d7034aebf90824e5dbed3ec6d098e86c3
f455ce67a7844f25b4324734b05e22e652910186	7a9b35fb618562a40e1c4f6f7d1b64196ad7c02b
0cb5ba99635f74ef2547647f30dd0648452848cd	a8fbf4b0768e8cabc80c6320ba670a332d545dc1
a62beeae52d9cb3fc50d8ec2c56d8f21dd66fc2a	9b1d046e0525314642fa5949a3a956564a88db4b
8f79c10c40c171c1dc2f20740368591e76004023	302ea6615d20c5085155860b4b2b1db78f2ebada
cfc6841a65049dbd5ee4c6956b667c03ffb93980	a2a7a9a30fda815eda42428228854a60f15ab062
f095531b81f79bac487f4b9f0d8510be9ae2e2e0	f692b152ca923deb0e84b81f6ebd6430530a753f
ffc319869572b9d6eea3c7b0ec24846bf536edf1	0ed951aa00c592abe5488ab043639a6d8fe25813
5fb640a2395ea78c8f14f5e8a0456d9535817662	ecdc966ab4ee1f83880a0bbbb380129ecc8ac28b
33e699df46375eea126bed62aeb06f8894c6f174	9f081758e57301890438d80ade74145b87e05952
640514954601c9901f09c1eb650ef38873d982fa	4a3175710dbec6b5ceefb159b7bda2bb7888d557
962a604247be943f5ef0ac8c47c2bb0a1630b7a5	d738f6c73860ce81e6e4e073e910b9cdd62a05fb
af2c92bb46e8d977e9093f5114c5129b641a82c0	cbab5e92defa2bb4ee2606ce78e2a4af2234d039
cee4e938fdf75b9d59a6443d9ec01f20f3dd8304	e35283074ca6fb4a79b38dfba0b358b534c191af
a4f8f3b521bf6f4ecdcafaf1109c330817523a90	18abc22b1710840a50c91b02306049553a303ff2
e2f9cd3b29ccfa8fe56e7a7270b65970fd0d3302	c4a37cd19e2bfe107ee083a8a3577ccf3f4fb154
a36f897ded7ae9afaa93b5f937d57dcca34ed8f2	eaf37d6bedc0d9e493798da4526b872322e17a6a
830578449013434369449fd4c0d03a142014efbc	c3c654978bb2e1865d6a0e37d68f88afb5697555
df6c985801f0519cfdbe0f17c6e9b9affe231547	3a031eaeb4c50e06a03ce7e0e917869c771354af
a19b7a3faf5c86d3da8d338f90d18ccc5d9ef90d	97b03dbb3bd1a92f63c467f2d1b09c1bcc4f1868
21e761a9ba2746cd1a2753698ff25562bdab76c6	f9a524d6d34fa5e1c152711278a5348a2f12be23
2eb5be60cba3b396d4de6349fb958af94a0903cb	92b10b4c5a2b2b697bc4d142658d2d91cb2194f5
ad7df8c41aacad78171249deb3ff5e405decb395	cdad96ab87cad619d32a10f9cc7567d1547a0126
3a341f880a7f4693278c825f75c0c896d862b803	7d66493bd3e4ac5441dbfe69fa0c7e3fa2eef529
d1a53c4ce0e017739d5ba8a65245d2a306ddfb5e	afff08b5e964bc7a1e6fc4479aecdad8e592c4df
2f34f7b41d34d9f730890b6434320797790ccd3e	0176c852a0021a8b4c5a98bfef95ecb3264245ff
beb75a4b0fbffd41673aa2772009d7408baa72d2	90903bf9cf66dff2e36bb07475d0109fb71f782e
aece98b133494b2fe0102b30254640ee9d922306	0c500d42df809371a0081c99dc56e625e4d8429f
60a46d191ff84070a5cdcf2637b81fae405da043	4130117ae663a3db90d9239d347eb2d4e14871bb
f1e37e183c6c6bd4f7e30f669ccb39c54dd9ad83	29000a54a4d046c688a7d125c813b5799f391fb1
9c0eb10fec75defb8b6100b01fd5735d1565a607	6d94da584f9b5313be08c1d8d6b943a1e03de628
84360b5f7266e845e58cf38b6d19d13c97968c38	9739c42a888f5254574bdf2c47048a88dfc8f491
ec8bfaa7c1fc17e15e5111f528a622c92428faf2	7454a8add993b4e3c03e09ee275e478edc337b0e
45e8b92b24d4a415eef56c12d54eda6e9ed813bb	8f1ba42a97aec1f38ad70a6c8f1dffe391ab162c
2f8f3e7891c1798bea64443d48adbead38a6f7a8	49579cf32ff670ed5965c98e94bd88ed098c4bb1
6b74cc6c06da4512c6f79b46d7b453a3d2ae7bfb	e9257ab9a15b01914e6286c9e76650a73dfac1da
a8236a663729fff2d501046b6488c9e348fb6f9f	0beecd1d62ee9407c66257f6e4f330dd9e17f83f
1f73ed62bfb568c60d63caa10e9e2d0475f31eee	564822086939bea7b9441407a30c7ebe3fe19c29
4551a9664b47fdf605e666c2628f4dca24b69d80	87f80e6c4b2edcd894547b38c6f50ba5041cf7a9
800ca8f88ebd58775efa28be2e12d88451d5f288	3e6e3423929ef718026635b264fe8169751b59a4
8d3ca15f103f2c58eff49237a2525eeded313c69	ea1e57c3915d798c668fdbfcf419379889053091
02df379ea399e77472bed462fdf59d33a71f9f48	cbbb442a0bdec5eb7e215c09a28f3dfdf82f80cb
900647b8aec52e0e9ae747e89333db3a614c0b93	5af859762b56aea6019c4596e5156b9724367378
960b2e13abb51a3693aef620687968a5b99ca7db	783c2bb52318a12dd2a3b7c16ab2f33e7ebbb9da
191a0d0999d72bcf95018c50d41a67eb562e2dd1	38782043933688db1b340ea5d765846089fcdb0c
e25b1d899815717bf24b9c609cbe509fa1f29dc5	143f886e2168dd0906eacfe6b4806e8a7c2b6e5b
20c72dc661e119d76f9206a38dc655876413ea79
0337f26cfe112a4fd7763eb71fe85f16f4dd5837
21e75d255f9ac837c43ff8a6ae33c016801ac6f7
40b7b15e4e95ad0b7442990d4f07736a4c8afd85
9b1c4eecfe4b78a03c954cdd5373a27b357e6232
a8e54b792970540abafb75e9bda4748df5db4bc9
4cefc98bdf367817fe9a925c3a089576e7523b78
2fcedd31907b525b90de706fea8182770d370d2c
17badbd12f585b8f28289912da17a3cd0424a96d
28f87b3fe0ecab08c5bdde3d9ac773ea2d7bec0d
3d217ba6582484f4c03ea7c7ee3b8128fd7b49c8
de279aea10bed60783ba0b78631c3c7f2a0acd78
cebc9d1e87d06329df6f613c1d408472046bdeea
875b5ea2b8309fe5d20532c92c844a17fbca0710
c5578c6489e7d6da78c1febd5927c2d30289e52e
192f5862ff62d35d3b5846841a1bb8b792a82664	c992b1fab0857b6bfffb426516c23340f1af1213
b9a368c3c92efde9ce8f630e934af6a49ced3def	71f0f12881d6212f1b2dda436fc9f79f7cb7f885
6e24d5a1122a527c71a9cd157bf1f836f960c0e2	fd53dbcf25dbdd809a0033dd51d553804e5d2be6
50e8e18e210417e329c78dc1eb88eb2875e3a6cc	a64e79f0f9ea6b1b090203b71ee24a5cbdde573b
8d65a81668c270043be82ea3a22fd175ced20902	4ac7723103aeb1fe2030af5b5034d58e4776a0f5
9b881ccd79a0f60ae3eeb713c3e94bb378165b58	a2bff6b7c62d48d2b6f4108685edcfc466667355
a40136ba0af2eabe8190f0982e0ac7e61975b7e1	87d11bd2992ef3b7e2a621ea67283dd53a1e04d4
d5e36dfbc77c4b7e7ed0f1fc815ec9c4840edcad	a07fd54787705bbf79f969f1c427640053388248
f77ac6a84316cb806f5d3fc29aa9d8e3eafb0854	7c07e056ef35904c97edb7c28e9bed0022378b6e
03b37c4f507c8b6826f15bc4b51c94bf87776c55	4d22f47677bc8a53285d7dd02793cf4f6e45936c
d22e2b89691f7574f2abc39490a5b8c8ef9c13d0	c51772f6a1004387f5c75eaedab17c6781fc1a87
9ec950793d0e17e70007aa3f1c49c9eac325b9ca	9d6bfc783d08bfd3cb8f69099c51b1ffd55f56e6
eb6515a8453dd2423a9295125e402c9a0312b334	e7f7dde6a0457ed075cf43b52a9ca6db9b5aeb76
58cb9dd8df9b9b56b1edff7ad61b3fefd20a2d26	953e0a729a91ce26b166cb8dd7ca71c1f14a4560
ad517931debd32ed8451add0426113aa2b76d53d	132b38e9caaba1a1959354d518e54d2d08419afe
b601279a4d30a6e50b34faba67b8b7eb2ec7a23a	aeb1a1d0be27fce5f0d35dd957a5c11569fde81e
88051bea7f4e969d26f10eabc41d36ba0c66a211	8950561f1ad3dc77353a20024f15fcf9cc1d4b19
5b3b6f296053385ee40d5454b06c85b425902a84	17aee81f6929666563a135d69db21fab5585094c
3f05ea512df0ade1ad68d24976feeff5f8f9e082	4a52961a80bdf52f24bcfe5f7a8ad0a587878710
fbbc764cfcfb18ed8aa6ecb553a53ce27f2a99ef	f32882b2538a1f5416fccf816028d6ada2f8d28e
77df5927d0186ca3d92829ebf31c743bd34ad117	a544cb1e2c2ef1c73db6208ac224b8f5781996b5
119a4ea7ded288ab8dea11b29ced13c74eea97bf	4ff4b8966880c171a82c4cba8124d93621a9d659
86e52d8d4c6b7f2dcbe3a61fde1f1a4c22ff3b9b	9b2b3f4694efbbc6ec50f5ededddb57f812ed395
c576baf90a5bef6c3d5d73e1189aa9ae2cc6db75	b8cb09ecd088c8cf31fccf5a7eae1ab876078a2a
f624bf80e1dc6d0af00b09cc2ce25f8e4aea880f	e6d9e0f3e60eac8ac659db14dc582f1a5a70918c
4193201da0b35daedda69ec94a0ba86e6d5b1f2e	ad1794327b4253952d976a62f994be4482a15320
dffa87d4815204a3b9f81236753379a191e1807f	bac087d2b3b7cad7bbb1364a2a16a4c4dc519e50
3e59e82f801b79eade24807cbf178bfaa37f7802	8f5e4a5973f573c99e59c5a2be3d311a79d2791b
1584fd862f5d810962e586f018a9b1850a4957b9	74321e12cd115456171fbf03114e67d9c9f638e9
f71ed804db1cc80722822425e192c6b0245da966	31bf25375b50fa57c96f838ceba59ee31a26a704
eb88ed637f260878491dc23520b94c55058f8753	92e0b16c3b1185cee7d425356f124ff8cb2fb9ee
595c12a3d8a13c669b36e221b8e84e1c9e2f3864	6abf99d319692f7ce26f62e0ba24594fb33c73f7
7442d8acf440dd30ee3275ed802f8563cc3ad469	9680a09ea3645fb262ce15f170e62565e7f4953b
834d434d02ed367a5c1d566d4583119ae2592671	1e0d3c684bccd5126594c94c1503862b1925d697
8e7dd31bfa41ef07c771f9665ad2144802d8a0a7	7d22b5dae268cfff0646769257f6e1b2095ae66b
c17dd8820fc8d7e823154dbb0c527e147338184e	dec31b3363e0dfad7cb9dd65e3dbcaaf5c44a212
48f9440bed0214924a80a0e1ce8d0244251234c5	9b24dbd45881d92f0fe6bf1441f353f4b0dbf61d
1136012b767990e109f9cfba784c30e5d5cd610a	86f091fc4061d3ae6ecdf1db6defcbae1d0cd715
5964b24b814fb1e1590a2d96d59d0f98b19ad2dc	3379d9c7a73ef179be441bd236eba14a419f0e29
ff2e33816d3ff8c6c926273ae1b014d4cf392564	0d8e5e54f25dcb92dd39692363d23c5cf2878d95
c1367390bf5ed4dd1b9bd047396e756f49233b05	983a30f19ca069ddc111360c9ed5bf2e725ca404
49e05925179ea93dc2f9d3e9e48f46e6379cb8b1	5d8a311831597c686c3f83e13fcf42eea332872f
8958ae30b2949603ffc8f4ea1eea295243fb2a9c	59624960dcba9901447532266cc3608b8b3c75a5
4c203d80e50142babd4c6b150260ca125cef6589	1800096c4a80f18a17d18bcb84e9dc7dcc78a965
ba6a4824c3ce7b0e5f48dcdade3baea981b3eb15	1d82e8e7f6cc6564de05c6c508ba452a26db0ca6
eb0c066674cd0c3a1109dc1713724b314d653bb5	ea9d523ac5d46e5da2a3229118353a4aa9aea14a
f455ce67a7844f25b4324734b05e22e652910186	ce947e40a8d020f81abe5aff401c01fb388001ed
676dcc5abf4ff76c0a71f72bf5c4e5f056f2c551	a09859a37805697cb3bc1f1d0c4cfdbb868f8238
6a4049c37ac28aefe9d4c7f84a62a47735276375	e5d57e0c1011e81ce028de5fdc1b2aff0c4edd15
cd9e9dec92ebffe888fe2cb62df14be958a3866f	afe54f55b7351f7fc7ef4bcecf1ff96ee8397499
d34b2457e8416355b66ac3232e863489bac7d21f	c9412072f71bae94ddaeec373a34cbb11ca99fc4
3e8df94a30b80c85f4a563c4f0e4789294e3f8a8	5c7e2140283dd1d33ef2f4043b3990ebb4cad33e
b73f77797056b8f7c5726b0ed63c2e7bde040aaa	a23d5f9efc9d48aa975192a5801566f253d42dcf
3de4ed66891cfe7950d5f0df89e46bda9d8957c2	ff12828a4ded44350b80f0fa9ca9263d239b99ed
7891174dda5e64fe8250631d68d0d9ab16272b93	b6a2fbcc4be14c376a4da82ec51adbe549d4839d
d811f6ebe5c0f6c6921a19836f30846912fab522	a9c18602dab9b97c8627faae5146e1e4c329ccc3
360af34c0a35e73235c7e91ebbe53d03e8e21ce5	c8e5a65f9031198f385702ec209591965092aa1a
9da1ec4d449f38e2e573f53fcffa238c2e56ebc2	8a6b3336773393ad5d92d9464df653cf04e0b8f9
fef11da92e460b66005e183e6ead4e728de2010b	3e9096146b5a85c98ee7eb8ee9280a4523f583e1
7acab83d15eca74d6eaf5f4dfea70f3aaaef157c	60fec086ebbaac2622e902f88257b20d6fc4109b
b5422892b6078bf3edc41eaa53e9f91eb14376d1	ad4026620a4c613b2c519c2d8bebcdfc4fac0752
ed87fa0632f6c83c3b44d31a3725de7f6cbb8514	2e3807e06d7cedebdd8b61bc8755860572196a6a
f463cd4efc0eb7bbf18b806b61694d3ad9619f6d	680f5d89d1c141f07169e22afac7a935c541732b
e3c1d60c0d27ce67253a60780953d2b336e8587d	6678bf3480de4f3a5ac502afec5e25e18c0ea53b
7066e6f5023218b411eb72fd8f7dfe39fad25b5c	5f373043a3048822c7312760da8ea0183d506817
cdf148857464254147e185f8952565db9e5a433c	c7de7747d71348f87c9a6725822c59616641cd08
e7477506b769b7bb3868bce28217e5ce93c72fe3	bc1bf622230b27223cad4914900e7e8a6fc62432
fb4a7bd364348b1a3a03df640ec35f3e7f882170	9dc576f7a4946338ec76e8434b3115d9ee81e266
1356695f352cdeee37a77cb4f1a30616486b9442	f20e71c728d171638d11ea51d376c6a2c940e88e
719f781780438a2eb3b2aa7d35c322c3c3432ca8	0af10dbbc72c8cc2fee1b23fbf7da90268fee0e5
3b0fbcb335f4f4e9fbb9f205a43a5265a5bb9daf	1a0761e9a2601d7e5318b6af179f8939a9d165c1
b72aafa7dd208762bd71c6724b4b9fe0227967e4	62d59003e74abb4fb5d886d9aac7e95d7438f3a9
7107f424e0b5c28365f0cd50126a706bb9dc84e8	bffd06952dd42067c84cc7f027884a1114987795
7aa859e3755bd83cbdb3c333857330da7b1f9c57	b8e731257bb4b64b509102ee1cc80b7d647864b6
0fadcafb7722fcfebe865b640ce8fa3e6db2cba9	01ae0d3082890d6f71caf32ebfa864e9f0864a34
5cb4399564e0df212184f08e5d843cf9a35c8bb5	3b8d99a216fecbc8cbd0de86bab1a4f7e29f8f66
d5789be2c9102ade621807521b38b080861feb43	ec2b4b91e0f521ba8dbb30e9cd304a8655acf5a2
33e0ad460828d254cebc37e7191005097096f81d	3b96156862214542ff96331f9018fc09e22671d9
865b8abf60558697ae89d36fd49bd6cecb79d2c5	5c58b10572be6c6d4bc2486f3d9224de640bdcaf
b98fe3bb6c2c30aede7be694cde756b42f48ca69	8ce319cd64d5a24d2dd87b59c301248690aedfc2
ac80e5132f5bad15a190fa3751c124dc3c04a825	864be35ebcf150252ddd2512f57c77f6b9aa86bd
f51e77576bd6bf97b9aa6daab3341febe9bf7c4c	583bfc84f38a0f7160deab84484c260bbd7377b8
f3f0c55b94db3c196306a1b646c98f4091050882	8dedfb4e3ba1e7bb5dac3ff91eb4fbf366a24d80
1d611c27c1181e11d8753c82dd218f94eedd0b1e	4db6f90f9857215398eb8ddaad56c4c2a46d9d00
6cf2e44b9b0d5b74387697f428f864ca86f38922	a78d273ac585c631f2696ace63981d81e0abd1a3
d76541159ae6f146157bdf0bc92fb2b690f60484	0455e6ec188fe129a7f7e9968d9e842ff89bb0b2
15b564b252df38917d1804e7788f511a55dc4789	0dbfc43d1e3fd9ddbc8b2363cc81d56c0e9428f6
218441e47bb48c8d39327befecb5c2a3b03c90c5	36d404826b9409b0d9a905c2ff82e60c4adf04f0
c70b04f9c17b245c2ad2044a5506bc02541ece62	41a04ceb14e13881c5624337f323c74f3a3eea1c
abcfe1393d8eb81a25f286f237f015aea9c93de0	e823b4312b37aa96898c1b2f6b53702baee9fb9c
9c69ad6a744b744edd52ed798f057788bf8d9f60	daa49073e8f42eaeaff246ca76b1305507eedc76
c95d1c338ef0c0c1b4eaa930a56fbc042826136b	1dbf363d49df2270b6edd9418dd6e7ac5baf6d91
bdccf974f83126d802b5439b5896bf8dfe9bd9b9	ba7f62a4ba852f3faa8f7008d0aa273d22e22234
c2b66a6037d9d44ab9d06b54961a35408cce690d	4fc9984b3992ed3039e7ea29d93949e70cddc535
40dda0807c9581da6b2186c6017a8de26c1509ab	988df7a35847375f166e3a6c25728491d1ddcc81
dfa91b21c1ba683bc1f44a30f8d354b2360e3bed	8530321703a14b7ae5427aba6570d6b850cba697
107ea9e80939eaa61b5d1f9565749f4fc191255f	7bb43427550aad174fd5a6a9837d9060a22281f6
ccca223a2c9a548bf1f2082edd9175f0b4c7d963	7ae42c98d47b562131c260b0e999e0f77c1346de
8cbf89c1219b7f599c4a4675b91327c8f375caa2	543468826807688ae878cf30b60ae6d25c088ab2
4c21c79f6f00cc0ee94e17578ad99fc856f23b99	c70249783f7d661375ec7910f29a041f1a2ca69a
135a06e9c57b016a47e181991696620d26c80daf	419a7e2efe627225adbf7e80dffc685d16c85b37
1b72569cf32299c5ab7202d8448dcbadd1b51d1a	a819eeb3feeea280bc16059a9f1967c9a1761cba
190226a187fd881f0230f91e77b7719d2ee3da6f	67e55b387253355041b27c53e495461c7b8c9706
c2e02a157f3029a978fab96e4838f8bb49db1569	a12e5c258c16d39b6ce4cd82487c8deeea5aa1e4
3abad48c395556cbf6a9f1e8e2f2d939e8941027	429d8b6774a1315816dfce828e2090aa1ba84bc9
ca5cfae09333202ca0db84f3d0ddefe880345eb6	a7fd9ec116cd3e147f29e1289b6a8ec4cec6abd9
7d0bd1b6d323c61f52ea6a9ce2c8e4ce142841c9	824cd658a8d2e5816744a9ccf53faffcdd81c388
fef3ef5712b309be531ace2ad5f17955a89f50cb	86002b56f064d541127a48bdaae6ef88cdfa0e98
9740d6d2576fe16f1142fdec193d410c3e76d64e	1325727a5625dd2dc58954e5825b7ac66334c6f1
ea941ca76a470b8642bdbf8d57804436a8dc5bc0	0cc6074e3d2d5d444083f168aef76dfa7ae9872f
006bf0d07910c38d464333c67509e15c2329faaa	858284e5a0751ba2454697ae441122a82d631857
b5cd587b4aa431a5e6915aea53c9a2ed1e549415	c5e2d3eb48c1bea13c69420519aa195297fc9c3c
9b813804d1c2a622fae28c61939737201029282e	01f20ce4e69fac8ea38432cb22959e41f4329f71
c4a696e28e6770a7ee169451e27a44fc6bee5a6d	0783a33b3bad284eb4b074ab8734b3341cb5323f
409cbab6823d132b99c2e0d7ded450f4ad285a1d	6efcf0a75f5d2b9d61cfa8581a4c2a44dbc00b1c
1688d799c6a37c75e631c8a8ac2e81afcb45172c	528858c4447baba18a176dac74737636ce5b13db
9ee05dde3e1324d17dd4b4319253f40a0d31fe25	9577b095f89e39825f02065f4206dfa16477ee50
4d32475bfccbdea34bacbf3ac3aadffce6065cfb	762b0cede298983f6ec0fceac4b6005c8a82a442
6c19e462160a408ff5cea9121b9571a7d7090afe	82135b0a4f3bee6838f9f75cf787d9a60091abad
43116173fbcbefd2dc6f226f5c417a0458a32996	66f0e94360bb079f6d7980b22d092b09252af2af
a70ff61744980560b8f7a33d05918000e3143a3e	e4d2f6c1afb1008741a137b8c94481e0f8602f16
a673897e4fa830e21781635837c6ffc2d0914efb	907dbfb991861d2630ac275b9be65380c278e11c
f33b20eff2d53f05239c5048e27fcd3253a3496b	97e1487782bf3723d84901877a6d8904216597ca
be84faba7b1641213efc28130b23dc3d8835d084	b81244bdf767f798d4e8509f8e3f3898d9ded89a
b44d19afc8eb223ee119396cd61f6743872efa01	432b36ce7532ec6e3e27d70249f64334a35dd784
b00e648985525620c83f5e9a733bc9cd10731abe	32b1d25cbfd12786ffceef4b4cd03f5e9cdfc71a
df64ccf3d3cba55bd585b1320132956c79271c91	1bea880f6434c8bfe6a24bd2bfee3be2a0fcf82d
7039fa4a7c90f0e6a5b8c80b63facf25dc462972	e81f849949ac79854c090ef2d068ff9d796d584f
9cde65faf7df254ae327626d038f5e0987eabfb6	dfc8912a23f4f4eafaac182aefe489dddee03c2a
ae9ed123871903a1663b2075dac979cb9f6d57cb	935ffeca80dcc48c533de14f9328d9428bd4f148
623464baef2b23911036aac476fa3d3c87de3237	d159ec09dfd1e9637c5c559d0630af95aec22923
55836be26b1bb35210644b3fc891d738da5de186	ab9c9f09d9962288cffb1febb63cbd2c67719f7e
a3386c4a06e315e94c5c8f30e7837d9ff6eb187b	e4f847ecf732e8cd580ed1517f34fd3436ec6380
2979e80d3aa72274192a4bd7ee44e8ed219616bb	a529b68c830ff6a2ffe61cbe9ce5535e401a9c2a
5110eb78cdc3fb8b3465ef38abef57bb78c0597c	b656b062f99901406c8360f1358174b480eecfd5
4fefd23bd7cd524cf36b0044d017e91864664517	969909bc16a188206f6fb598e6d2b833429f11f5
cf016db25347c366035ad4e03a37a71c68a25f74	96eafce9b9f0ad5fee4c15a223c1baa7d769b465
fcafb460148e83dea35dbeb9bf30a2d8b36e95dc	fc575d95943b9de59938e64ea9de600d437c382f
62651e6f10d75bb6a7f98fb2ad8a0b9ab62da6d1	40b6d6fcc7f936faf52c6c9b92e8e09a0f20d321
e533c06a45d37b11755fe10672bc189629ecda9a	55a0e54b07d4fdc90e087b20e4b512896ce30fe8
8a1fe6b4fe2836d1b22b71391333bbefb62e545c	9a553a7ffb70625e943aa05aff28cc7b3ca829cd
e60510184151ed2275d494c863d5ce93feedd826	96541638c3cc5f33a22084b69d4c03119227c0bf
b0f3280cdd53d4fe388cbb82aa7cf991baf42974	72eef31cf50b509171b01bc301e1ae424b7469cc
73ad975672a5126c2d40f09329d1314e0e29a9e9	114a3c362e0a55223f6b8326d8b5716651a68c94
0d68240c031b76beef7acccdf08c67965358c446	f730f6e50da5b41acd8add4a5cd3ad91af7f9744
3928687441b0bf322b9e9b4c193b4687be66563f	b67b3f6ae4f291890aef1ab56394f5620dc5d886
bd1acbb50dbfc332d3416fab4334b620d5663502	f74d9254cdb0809953612c5c3c689ec6d146c988
91fb6f996caef2c8bc4bde5630c5962098869ede	8ed7051c62ffb5a157b2d739311bd73523e462db
6c78be749d8f8da3b1b9fdf53c9db350c7eabf54	242d8c2cbaa77ceb1d25d14584b363f7e3e3772d
73bb4eef8255fc08ec56d2cb487605e2ccb14074	b16660ed1887693f857bdeee11dcdd2d2afa8a57
9d0e1e015f3bc11795a6d54adc684389bc645b87	65e2270028729b8322747321980a6f9fd9c91ae1
5cdd792d3901ceb5fbaf9b0596222a43a3a05296	385383dccbebe6966a6e2a30ec19e19487163672
0265de141ec5f60adffa8c5b8ed5fe5324c779d9	5bc47e6487a882e039a7a912d6e1b5302f6dc9cd
1ea2fe28e22f2e18a8657312700d0e9d0b652bdb	ed30baaeadff7dec160d3fd064ea060dd02bcad7
be729732dd14335fe5706a447f56a068093fec54	14da4c7e080e4ebccf4c23b191f63e2d592169b9
3a5a7a82ca7b974cc8bb06c3e28ce79c16f20d82	d6820d0e7a41780bffb36087d2a2ff9b783749f8
c71264859db3f1a71f65f79c3ab34ab820ee6ee8	10191b11c744217f0db20ae894c78dd0d52398fd
b675282f7def154d624dfad3604f364b92eb181a	4537a1ac0023a5fc7816dc64915c67ad5253b6c1
fabc94f57d7671a09ee3314027cbe83e0248f373	8618312690798656992046ec10ff301389b174db
12fb0f9685dd92674010e12ff370a39f0021863e	1f9014c85431f59f144cab6b70645a3dedc897ff
ea0a8a46269e8aedea9dd1ed0df9bdb6f43b218b	59401b422da22d89d2a755f5e2b6234779df5349
cba453f2f43ca8dea54a19a77f699aeda974ed70	2e49e4508c1277a0a3df126c6e31460058fd2bc8
902d6dd282532e9c9f87dff3af034ef6a74c6686	1f0547577e52b020d07f336f10d1a1ebc5f1b135
013c38cc42543454cec09a965b544d1a88c42b3e	11fd30d330f9efb747d0428fb3c27185fc3996e0
dcf8085f2e202d0b001e145a6e9d18211d728f04	d22dd89443d8ff27cbbcb6f0061d94f27c869e0e
0008bf0e882023604ec3dfb6610fa4ef2632deb6	497fb9272c4e6024d6075052faf6a8d9c2152711
3738a5f2836465e5e37c481080e0ceb166462aeb	aa32bdf7814a3dd179d7404f7bd665028dc6e51d
dc3deeb204d04ef9ffff75a6895539fb88b17630	bc50e66ea7663c309fd4fe38176ece9a9797b0d1
ad0028d379c2e385d6fb065dc94bf822f122470d	2fbab5b96f47fc1e42e40e31c61f00b7f0254955
29efa6272e98e782bd1c2bd3504d4e368e748ce9	f62c51eae04f4947b40bf52d617599dfa4ee6c35
a9168c3149f4df2e3218d53c832f030aec2ca5d0	2d53ba8d2906cbc4455018538438ea51937b961c
abd495ea07c86ad9a1ddbc6a42c333469240f056	cf545b8c0791f4f123f9e58d075f3d605d009161
8f73c429296e587e7dbd1e163618dcbd55864d60	ee2cc71583e11890006199ee9253f2cc51bba5bd
d4fc6a4a7a289e0993f19edd3d58b5cfc1c141e1	5c5440577d05af869db9cdc945b4adaf8af9ab0d
c1a6595e8b6be63a2bb2b832656beb7c4bd4932f	7e9fd93f36bf383e816ab579e50fef2d8cae8ac8
aebe42a1e94cdbf93007c42cd722b5af8614bd17	189bc6d0eda65e72d1c1451d46ddcd07df2b87e0
80d27b3e96411367289c3c63a7889277de69981c	f45e465b83962add246b0783316bccd783ad38e0
61c2261f93b73b59f4c2f4c3675a72aeb80dd30c	427defcbf72a185e65e8ffed32406b99bdafa81a
6106eee0fadb75d180ea445aeddb75944c267874	0b27085f6a50cec0226c6702a438ae678f11890c
74aa630e910e8ed63dfa343dc5777f0b8429fdec	7a5212d8b75507059829ba3fbd3f980bd34cecd2
e6c06d663ea1fec4b82a6fe30c0d460c92251784	2fb3ba693097b36fae17d0b5d66cb1073d095cd8
e3657732c0dd41d1c15f9d0ac96c459badffa173	1804358ab26e77457801bd0c3b69f35820c38481
b5d3c81e9a04caa3017dc9d93ac60554e91ccc4a	a3cb8abf587cb8b61e4b380ae73c0161104dc082
36fb6493c5ec615b89127ab3c70f1dc04374955a	9cce35ec3be3c6e1641fcb739af5e912516c2b21
71701e906bedb06ddc272761f517c136b0e4db5f	318dbee27d176a348adb67b031dfde6a1bdbc157
37ec0d9c0812bbc7558b71eb5d6aeaa4e8d3104d	086aba2a45fcd36a3f9d7a711200f988bc2b7fd2
937f53ebacad3c50fe3e515cce99866478b2b9df	d9214933826825916dfbe2ff20dbacb6dd0114ff
1a97ff5a84400b1298af35056702de6370979924	0245deff82209c9e590cb1af93b4a3dd17338439
eeefc7216d9809466c4346e27d2db9de84f1a178	4ed6dff200808d50900bfbaa55cdb4db3a35096b
2e53338c196e5bee5757ea8a06bac24af2c1cb73	d48020282973c8cfbfd55035911d7591be0583c3
e376e5734b7de4bd9eae0b3123162ead30b7be39	9885c45cf69c5b327f448a5d1a710a213edb6056
6e895465b88f2c03ef3a67664189a79ca2d04a56	1be7647977b61e198de268baefc8dcb57b036fee
9e348f0dee3d6098012faca4a7a0628319a525a1	ece998f21f3018de84593d1a65ceb504f7eebab1
a2311ba5908bdaf2d4c2c39194287fcd59b9096e	ade5f465c6ee92d497664691dc7155817f3961c1
b504c233a0cce0b561891928193ef13153bc4133	34628b6daf9ca15d6336fba69da7b723dbc3a190
e94ca49acd23a2991eae77d65379ce383ae25ef9	9c6052b050655f666a12eb0678f047a58af0458b
07d351af1c36091c4d33b707ed8895feae277f7e	c630c9775c3332e309922b4a2700342401b5fdf6
9a86a4a9959b1b12278cc81eef43ad051b22342a	dccf70987ed4673f0af7ae8f32ac170cc636223e
ba59f9ee7bc7055c580770ec4f4039c718475284	7be29e4ba97a0cd8dbb6676cfd8cd99b8b9f1879
83f941dd4d5c4f7ab97190be759337278893f088	1d66e934f3f2824b553f60ba762de509906dd7e3
42587d1f72d40b3bf214149dd7ffd99db224a578	b32bb58f91aed02f433a2f00bba7d283067a36e2
2cdd11e8fb42a16cc1c82b9ec22cef9c39ce463a	7029722bff638e4016d3821e05199aa0a3d4e7cb
88f45e5c267d7dfba5eaa515078113a5585ebbde	75a32bcd7fe7d0b626376c9959529d11b0d42114
6d39567ae6051936c53faf25151d27316eaa49f4	83efc0bf00e7b7aa4f910b2e190eb01783c0db71
7ee5533b0c24cd55d9dc0820d5ec793c754691b0	cc9df81f07224600192c6f4e0766ae19f08fe65b
166c64580c9ea314354ca8d4caf02ec7670ee958	f2907e79a5d822abe783994ab9f3128d848f6a92
ecb75a4d19cbff12ac7d3571f9706ce3e25e52a9	e9d32938065bdcf39422b6bef07eb4db08d0c8fe
1f7616c8dc708820a3b1dc9b2d797759afcfe169	fe578953932b0a7d362cc4eaa5c584552ad7533e
bf8c24b75617dd5b2577c8ec83b941660d4f232b	3c6e0aad37868ae1f37efa08ab46e296572f5a98
258e294c58491d2df66299f667ea7c60b7e5ddcf	d2af551c40c1e3f43ff77036f16618373fe8e6c0
495a419a9ff3f537c758c5fe0ba7bd924017af60	1dc734f7547e8a3201e2113a25d8e80aaf686015
eee89c4be1643f435e4e719b3eee391e95973798	2ec06e451f9102fc0478eee7873cb63adfd54219
6067bd7bddfe1f871301a304fcbbf476be37ca01	142df6d2db47d88feb46a8248b4dd3bacbe17690
59ac5a744dd9ed008f120fdb4b5cf361d908c8ca	d4ead1498a30c45b971074ef17282483b1f1a8a1
ddee9639b10602b4a8d16fcfeade9f9b74ac1710	d1f3798a63a00b16ebcb2103fc79b0deb31d77e0
3ca97f7fb6fc6c6f1619ac131ed7b34ea14222a7	10e1f2a957946397add8bf00296c4bf06dd24846
513d4475bbc9bb753b69c0e5d5ae37bf496fe2df	3bbf179078df0347352c32cf2c3d57440b8a3e4e
c22c43db28fd9401db005d73cd3fd26751e0cb7c	593f634a1a22991fcc08e283f1a842ee8a9815bd
95891f40fa58bfb901a67e942da324e9c469034c	b49c78ca56731d6315bae95b45f1be33950ddc09
6a17d5ea15503e6209b1090681dca5840bd5b784	0c83345a3f31dee52362625372310f267b95b2c4
7d0ab8d500b96e7520be75dcdea4ed09bbb6e759	eace39c3e6bce10c612beb40b6fac22f007cd076
56945296f9ea49c2ac46898e85b9e3ee2ec6cb5b	fb90272a50c7bbb0c9b19872f55f6064379840e9
e395da206ad173688f683ba921f44d7ae2e4bf06	39833a0e782d8dcdd85bfe430f498ddf32b781dc
870e7cfa3305bf74d04452991e8a8d5e61af235f	41bd528cb277d140e115d34446c8fea446201000
f8af47631b8a6ead3cd093e535fea5776bb4b7a6	6fd71352353dd1397662a940ba0a82a2b6f4fef1
e59dd2fd4d4a522021f4819673948b3c81215b44	b24e2943003bd0f83ec935a51a70e74a7fe12150
3610d9d048d8a9a226246563cfc743dfb365e4f2	23af897bfd431af8f8da4915657deb5a62710ffb
8126466094c1c12426493ae8c4a9fa8c41785caf	4085c086dca72b488d791e421247edc0ce9db8ed
034e88c489b58cf0c1afaa4cef6f1ca9cc0b6492	d0087e877e7b6b5543ed18837705d4674dae685b
e1f6c50b5e22ac6187f56a0d306bf3a854337d37	ce0496a311791dee5507e339b811dc029b00ec13
d62e0592291af63cd90387ae3ba044d80ae0c367	ec1e7ab2948a4798739a29d5d5e187a9bec5a1bb
35aad708baae0745474d0d2e47c4b965bcb58768	c0ba1749125a4ebd6a5d40d4263a69d4cacfc87a
4410abe867f02d0724658262cfeec3a16e29fb95	58985a375992d8ebc85c8dc1136b35463aec50fa
c01b90ab468fc204b831ea3c141d2a9801b5140b	05e24b42c4f4a85d89613eb88137ce8cda64ad6e
83ade5371198be763f4aac29021a6dd7360b282b	7c0267f2cc0f37be02a6be1ac945ba44bb7f1b1c
80825b696c5a9cac5177845b22cefc2991fcbe60	776ac9e9602e033c5cba24d4c6548f5f19ff10bc
c689bab4cda1cc2c2968cd7305ae9e5d1b7c6655	77607290f598f4ee2bdf7f22a65d9fed47e04a24
013e67230eb91f5ee0d29da954e4cdeb97bb796a	8f63badd0c2fefb1454cde1d51801dedc53af8ef
66a58026e91c8b71610a4736095e0c5a7b9bf22d	568e93f140ec9522088977219b2a42e93629532d
a9d792400971553c48d44f8414e7ab921bf3b5b3	c3de03ad48bb287fdcba9f1e5a22a3e250e48598
f1753a4ce314974c33a387aa438e155afc2caaea	bbcabc9a2e1818c309c48fb14aa70e179fd299ac
8c5c5ea2c560847a1d54502ca31b064b564fcfc0	45f6686a61ab5535235c817133917246573a82c7
888cd19491dcd3b60a411fda536ba9028f4d6b44	fa9a6962f30e201fdd97265033cdc95738e8835c
41b46146f8406520d443f12ba5297bac44ea95f5	f875e03066948b318a08e81b48ac1b7a5349c8fa
ddec6206b67efd6b6a42533190e020da64c98d17	39d84e379754a2149d565c6464dfdc16bd791ca4
4e72cda2ae23d6672189145a0fa6decfb62fc1ef	5ef800316b32d2d9a7f2ff8c90f67c312f166ce7
09681b33c6791cbfab2be48d2105817cda223b8b	78ec35b35c6e66573fb1a673de64f6f1786da8dc
f262b9938383e68d1be400b6719748aef59c0d32	93fa2708cb45dddaaac27a5a95f73f1d90860318
05bb4631a42fd37c9b7d02a33dbf3aa84af467e3	8764f6ec6170f678ad88bcce1c9ca3b89b56a891
6ea56dd563f15e1bc99ee077d67a8ccac884506b	cb567c0ccd419047056d5ee0644a15ee77580b33
8901e8c47c26aa4243c5a0d1d800413431de11bd	20ce0a05ad2639c314f0a367b6de2cb13f4a39d3
662f1def298e9dadcdf8529e5d466f44a8477831	cd8d702122b9968aad247a7cd22de62d280180ab
151efb15cf1ef3b6c588cdc3cdb49df4f30d3f5e	f30f63e0d6eaf8f7d50558ff192d1a0f67c4b791
28d389bb469e9d1a771f92e51d2dcc70201575a0	127ae9c3b973f796084af2903e8da1bfb60a7834
d8f0ba0c891a6ed17e90da46a33282d19d6280f2	27cd75af451f25c877a0fd7f9bbd265e2f4b3fed
d13278d3a0ff18d59bc188518cf86024abbde8c5	1e7093c83590941193cae73e8644dd467791972f
820fb3a0a09b0bb46a7f75fb02855071e6b12744	2da041135c946fce2328a705bd932550d687daf7
ce504f98fe57b9606ff9bfba1774b60e265a21a4
94fd7425851b915b569c5bfa3949d9bd0a9a8a98
afc4fc8f437ff81d41aa05cfb471c22b09d6add5	a4f22a5949dc934782e8ca3f9e315ba1f93ed9c6
26d227d8a001764d22549a7cb6515d0443854d09	b1814cd66028e032e780cbb11459fecfe1d920f9
a59114073e89606a8cb044c365d9bfbb2c17bbba	2144139e7c2447b1f9cb62f9303fc89ea8f83f69
319ad16102b416874cd28475ed5904404b3600d3	e25753db75605c5891f600248796b797cab497cd
8e3b2248ecd7eca0833e99d58513e6508bf7421e	5ce3c4d6759b3f80015928b4943b7c86cca21cf7
e445b935a547f61deeb8bcc5326fc10b6cea6585	c45d4987f1785bd4849c044101493b162a7b0f21
2764a7cc9b0ccd8604d6a19591922325b1a5da4c	b609f959f57ce34416c51c7b87ce4a76f2e1df56
b3279ca5554f996bd20eb40a71ec14f20d463bd9	77ae6e39871dae78a74215b39685d7fb6535ff65
77df5927d0186ca3d92829ebf31c743bd34ad117	63f31c2b21dfd6c82bb91bf3161a1f6aad518b2b
119a4ea7ded288ab8dea11b29ced13c74eea97bf	9ceeecd145dada2016e866cfad5eb1b8fb57db60
86e52d8d4c6b7f2dcbe3a61fde1f1a4c22ff3b9b	c1863f8b0cf79f699619ac6f6db90cf91ca884f0
c576baf90a5bef6c3d5d73e1189aa9ae2cc6db75	f95851544a90f8c34215e31afc411e5a0799fbc1
f624bf80e1dc6d0af00b09cc2ce25f8e4aea880f	814cc37898bf41a6aaa4f2c7db16843006f6be29
101eade67fe0601e0ce0a78a18c930b93e1f5ebd	ce76c6b470703c86b2ffb78bdca5be7bcba27c03
2851cc21d94ca1a976bab61a54bacaa316578c38	adb18143aa756eb89f0b45c188acaa9f58b4ef61
3e59e82f801b79eade24807cbf178bfaa37f7802	ca54caf7469643bc6c0c332c3e7d634451592e80
1584fd862f5d810962e586f018a9b1850a4957b9	faa6e6ed8a2acdc93c88c9c3dd74fc3958a5f912
f71ed804db1cc80722822425e192c6b0245da966	4a8a9b5161a6cb6a06addb6e4d9d79660ae811c9
eb88ed637f260878491dc23520b94c55058f8753	136f76c347b062fa0b2504060793db769cda4fa9
595c12a3d8a13c669b36e221b8e84e1c9e2f3864	2259c71122cfc169e1d3d0e1f4a1ce977b79bb19
7442d8acf440dd30ee3275ed802f8563cc3ad469	3278dedf26d9dd50326d2a1083e998046ce4c57b
834d434d02ed367a5c1d566d4583119ae2592671	e120d1865aeac89a38a7bb8d13bcded0133c4e61
8e7dd31bfa41ef07c771f9665ad2144802d8a0a7	9e5e13a116bd48b4671200a9d77b8de39b361d12
c17dd8820fc8d7e823154dbb0c527e147338184e	720a96405f526f46c0fc3b47c94c7b2fdcdfed3e
2bb1a9df2dfb8389e32f5510b565e45aac15ec63	2ad9c5f35a8ecb237ba44654e78d7f36ba0548d5
1136012b767990e109f9cfba784c30e5d5cd610a	bfcc47676cdcfd08e49e954bdf6714f89df75cd4
5964b24b814fb1e1590a2d96d59d0f98b19ad2dc	3568fdbd293d6970f21a52c65af96a9636f2068b
ff2e33816d3ff8c6c926273ae1b014d4cf392564	26f3119cf321e2489cee4b7ae986ff04e5041523
c1367390bf5ed4dd1b9bd047396e756f49233b05	4f5e599f0acca656fb07468ad3c7b0d06e6968ec
49e05925179ea93dc2f9d3e9e48f46e6379cb8b1	da3efa040905c8e9c1f0e186137b96b7da3c7811
8958ae30b2949603ffc8f4ea1eea295243fb2a9c	029f76d83a6d71fced736c431e7053cc1c34ec81
4c203d80e50142babd4c6b150260ca125cef6589	ab6ac9b9740b88c3ce02424363c069fbe748bf19
ba6a4824c3ce7b0e5f48dcdade3baea981b3eb15	05d6fff9031ef2db731922ecbfffd51f2110a3c5
eb0c066674cd0c3a1109dc1713724b314d653bb5	4f0ab5ce07e22779f75eee4f9e75147dae539734
f455ce67a7844f25b4324734b05e22e652910186	7537e598b9f737c913424d8f6155368e559e2166
676dcc5abf4ff76c0a71f72bf5c4e5f056f2c551	ee08abbcacad8fb4a6bee4e0258578906ce8dd53
6a4049c37ac28aefe9d4c7f84a62a47735276375	40b97198d7ff9feb716e5e13d474d10d074f4ea2
cd9e9dec92ebffe888fe2cb62df14be958a3866f	771ee6db448a076d4d72a10c3534858b9bf88c47
d34b2457e8416355b66ac3232e863489bac7d21f	62b0103b55656195ff3922bef4ec02395c3ef4fa
ad4b2528fefa2d070c2e835e6e5a99922427a9f8	699e8f84bac0590901798378a7681fcb449eb30d
e78ee247e18a3276046f4ca07045270ecbbc77c5	af6e64c3b69e6132ebaee0e1a3d24e93903f6709
82e8825b3d5941e96f070eed7f39107770a1a863	83f5c4b280b5b3dca065957d41d8ac1ad563a0d3
5359b091524aa4f9a68b1cc25b2a2b6be5615cc2	4cabf7e5a342b34fcd7f8405dfb6aa8e51c74613
927119ddc97037b2c0aa6803c29d675ba33ba28d	a1f0d464d39c52089dd2f554259c0ed8974221bc
2f120b7f976a0d84a2e0d981520a881eddc33011	172c84e12b3f1a6409453ec74e14a8de52050c6f
cadd1f48a971e66ee5f3073b81a01afea48ce4b3	e6a1a3073e8b6779ea57603b69600388ee89a29a
3c4cca7274bae5cf11091049d45d5abe1d88e086	83aec4222fc95b549716d3a28a127a975b94db97
fecf56b1a26bb9974ccdbdb0e3d424388c4198eb	17c52d03b34207e83a5dd251515ec675371defe5
6814552a49198b6b90d76e6254399b1717971926	111ecb3483e59627286b41f522cfcce270323530
9c86b720a4bac67dbea902bade8bcecf180e7a46	6b6c20a24811968ca646e9a274e483ce155db296
8a9241f0934da4a8882ea5933418ca9c634c465e	4abede8ceb13d69b87e560c86bf76057e1a0eafa
eb48a94469b9bc32b197cb436037ee92f4e0b07f	5aa91743599e5aa97b3a91f0032cab52f7e92811
88ab3a18ea682740e20132aee953c2fb3fe6c21e	50d44376f9f1726d599438214ad23de5d81e8449
116bdb080701fa35f2065e31540001a65cb68cc9	4b3851d572acb5883b34d0e3881cb8fad754016e
e42d07a9e7edaf9912d90214ae0a83ae465a55f6	8be750978bb2e3e0dade4d360ba56579e6fd1a1c
c1b489cc218c530531180c76ad5056dc5575db9d	391c3e77cfa5c187a6f18a71c50599c4e7ac0103
2835e9f49953b1aaf1a6cb446f7c221db15cc9e1	d0d44d3f296022281ffe75a091835065c44dd460
9cc81a9ee2a8f249b43c4d88a8de46b4960e38af	4505a043288e87754a9b9fec2b6e4aca5cd277f7
daa08975d4a56a3f601c387b9438861073c8faf0	50b1a26711f7fbcfcf90f1c2f0997a27a240d741
84b7d155811fe273eee347ffc58c07096f6e1f3d	1511c1c6a1f18e5a035166a34d7f1759db36c7b5
6d75d8066f605394476191c96e8bac4cacbac406	a4a557622964e5d1ceb73f316f479d16c6ddb8a6
c1c5a4c0fc3d297ddd718a1337c67c3537cd3936	150858640ee7be30d54acf5cc6f731dffd9aac97
a36b12b7f78c7ef2070a023c6a3b195cfbdacc21	36e8f1c1caa08ef783acb1753ccfa5fc70c44cef
97eae81027af14bdbfc1bf8487df3fefc8422ab3	de01e75638c9fec0bf236bdb4b2a554338e50bfa
f35112e3548c019ed2f40685df4409db1006c2b0	aceab69e319b4011805c7af9bf8fc446813790de
b73a31b5c20452c86f08f4c418f1251bf44e99fd	6535575387897fa4f2a4b8df2b5ee1317f6c7d5c
08f0e7b8699205a7ba2eaac2b9585cdbfb87c2e1	186ef8cd042f505963adc3966896c4140f7aa01d
c8beecabbb96b679ac899ceb16883f747e3c39b2	60bc7901dc4f7ae74bd51c3edb4c698183ecb810
76487c34c368acecb901380b2eb6ddb4ee1f48c0	dc353761ec567c1de7b2ab7843b16b2c8bfa6597
160a84c2876d6803f0a13633d6ed552c1529f781	8c24461261b3ccd7ff46c94e0a8094fde2b6bd7c
06f56c1d9b3022e0de38ffc4b92567ecf6b73322	100c6fd6c5fa5bf2bf4e69987ec9dfb85e4ecf40
a466716e9ca60d4a61c92b0c6f7b7b18fef41b5c	f5376ce682bf2ef10e9b368e16f436447a240ced
92288676ed53ee42d32f32b245a6835fa124ff82	f28fec6b979686890b00b4c45c51a18180c66cf4
ba09fca27e398aa460549120433cda19058d8fd4	ea60f57540587cc6a2a0bef913e9adf596b25d38
6aa86e01bd84e065942dac08c6190a25b59afcc1	02f85a206036aaacc11db11c8c199571c1615270
e153275d3521fbd2afa8abbe6a4e0a059346fd56	ab1dc4516cc81bb4e7b7cd040a1bd0fc49047ad9
d2925377f9cce78e82df58959d8b7c13bc4a3e61	d5c6b7aec31304baeb1c8ea0874ffa54956154ce
c40b61e20f91219a51aa7dcbc2f8e8f2ca4055d1	7179495e9f74bab15226f80f0aa97f43298e875d
6bb659276cd62c4f203392fcd346b0343910e670	bd9e1ca0a174d8ae52fd42875efbdfcaf3239b87
f061c0770f7155347dd84652fc3be09add954f0b	d71841fc6e2c4c6337e691736782170983c4de8a
85680821b8467de9dfadff85284e1c890eb02bba	b21371720a203ad3dfecb807381bb3ace7a8df06
03228951f8ed253b9ecb5c4acad4e61ee891993c	0e2d6d7fd105991c763d1ff5dc737f76e7a7e6cd
09a9fab5e9462d5c137c78d4b18ef0756602551d	273a0f30afe81299a5bfdd9049eb59fed0a270dc
f43710ac7af3bf953b2c3cbad0fd8ee170abf52e	9080476767b6124c4445b505019405613a551bb0
6a7bfbff884922362b10486a42f6cbb63285dfa0	5fc255981ccd1acf4a80009ef7788c8672f6165a
9be637645336c1663ec93b80567123a9cdca1bcf	583b484896dbfd1c4223b618a8d444db8f80cd98
af844413abdf0f8a9fd41261e1ab2ff7e47b6706	4958f8c78a40b08683c20ac1a55129d68fc41c81
e74f1f1e52602f2987072c4833cef5d733f88bab	e0cd84f66ec4e443b2646cc7aba287148ff2f6b0
74e77d4f53336b9464de3f71611b30bd29f13bf5	bfccf7b1b4b76638d4ab8a0c372d35e5b6024c54
00137c3f6f00151a268c7c5d8b82e53513d58abf	d43b9bf6a7ff1912b7a9c98d95b729c7d601df5e
bcd6e1d6fefb17c824d6708bc851673a037aa7eb	5d22fbb286cc9fee33dc072c180002468e4db903
f45ab7abd76e9d0008ba6e12dfd9035eef4feff5	c3e105e1f9a18ade5fd236298671c73603b24495
96f1bf8a14bdf34efb17bf68afdce9ad8aae390d	cce49f387732af8379b5c7d0b73173a2574dd6b2
7d11a543f88c01542d5b04a27a89cd6adc94f0a7	747c62d263ee59bb77efe0f55589144a70bca3fb
f3e80dbdc076d4a2921e1632e1e66ab747bc04f2	1276eb85a2afa318ba7c6178ee69fdc8caf8bacc
ae497b02efbe61db7c92cdc9ed899a489488ad4a	0eccef3c40971458ddacca93143adaa2994519b4
608dbbdc26e8fe0eb678b034de32095b24d35ad0	778b590231b49bb747f48c6414f156b19b43c105
901197de0b80dd087f49a2586972e7f130605d3f	0271b145addf40759e6fcae9a83fdec9ae3d4c14
f31f8adc98fdde5968a16442d66817a4b38548d7	20fcde885401d54d786dccaa154c3937ea1f15a2
630f8aed0703b76b494abcc414d3078e8c537610	80ad6df293223f9c7c0b0fa6ae5327e9fb5b7aad
fc6ffe06e99e69850dfa8f5f49f39a96c97188e2	f5f26405245ea357cb49eb01af8c47b50aaa3139
79ea49d866cab50145314cc0f779e68c857467e5	2e44b79763d41c18284716a2800a4d4ca6963acb
36d19a117b675bdd5f8caa3fc4a1223554eab5c7	7e57fe8c77d1e203ba25fb8858219fc9f75915d7
c4d79ff785f4474320fc606c1cbb0d51b8e22ecd	9491008a97bd5bb636458e32d4aa51e1e0118e51
30748e98c4eef000572bc6efc7c5145cabdd23c7	b836956030c132a17133e9ea0144373a5e461686
2bd6b4e82ad2308acded1a4a0ca2e6870c499200	9771af9f493018f8caddfd86ef672bc47a29d0b0
e52c416ea35896611d6d37a0282542e5b9deac20	6435a26be740d711ada3920031888943e3f7593f
ed0ad71553cc7501bd1f586eae2f09b98f4eefdf	6cc120df6847c0116b91daaec61d89c262f40318
0381e900755406b8cc2554c647b43f3dbf813350	3b34c98cb425c6e1bc7460f9f03cdd37993a2531
32cb1023237e4589909d4e6aca6c571db59816a7	84f1e5f95092d31237ec6f5218f77f8c053108b5
31b3cb86a1ad4b1030ac2240c07f883c22ea0e05	61c05bb63d5ad9b4e761a513a64378af1c09cdb1
a04c469697f371d56e4fc74cfdbca5aaa449fb71	918c1521d8b211307460270c22a65db130f522d2
3748b70f2ee5f22f483d3aab11e3531f339e22ba	9d63f155f2b2023e9451b1ef79ace043a20e4c29
fb1765626af5505f645cb989d1d4499d8c284d15	d8a3c8c222848aacdc9c8559513d87d903598f08
54329279da2e00b7f10bddaa3f8dddc781106fed	619f39e2db0293a35fa916eaf65d612f6f7dc307
01c7287fb36ce855d373a537311c519ee7c16a60	98d8ef0cb3920bf1265824c519c6199567197257
2a8e2544d3555f874b6a48987c94d28b7192fe07	8dc3ddac6e8d6f31f0b80ade990d4fbbefc02493
91578c60ea0ed72aebffec9900bda365206e3052	3ac1964ce86a4bea60b18a7128cbe677c0ef15bb
9f754fded959a80309cdee919d01a79cd5f7d8d2	5c620c33a44dc03d1051d76b822ae97a10cb9788
748c1ec7fdf04cf9df98f5f944b1bd83ed280378	5dc14ccc21cfd543294ac790ca0f1099e93bb80b
d87642cd462f3b262ea08ffe30d6225d39ed7109	bb5b56a4607802635ee9a2e6ba04a34c269d1ad3
436b9caad9d5eb794ff2cd9a213534c98cc65397	ba999574d00ab1bdb8262813680a87755630bebf
074df73d2b695d8391aedd892714539e06b92314	38491df890b2a1602127e7e49d14e8b56d09ddbc
0e76d738a79a21110831747cd8ae3ac864e0c825	f7e51ef60ebd2f69daa8458924f732095f4db238
eed1008bb143a205f7915c41373bc32d39e392e5	fe66acc7221d8c648a3da88ad5a818499f48da18
a90e4af1adb92337024879560c6cb332f88006c3	f547e182bb9ddcb8ada71033f57eca9247b8e88a
fea5ec7aa93b049604e55cb69cb4d920a886fd94	e5faf956b388adffb256b64002ec8980e7c75af9
77838e9d2ea1650a04281395684cd5965c96cc80	997ab35160feee6149a13e802fee2411dd6974af
5cade7b3933f4ddd0ac4b75ee98ebfa2d079b26e	04278a8e835859302870e39aba5a8811b2875c21
8c89f92d16ded51e6ecac3dc0cb089d65f5ead68	b5b66895af853317223152ed00ba5431e9648c8a
783d2e92b48ffb4f29eb410a30ea4cb4cf37c0fb	b9453c3b5399743e1d4aaeb20d6072f058b7ff66
c098ddaa47be1a058f015a6633e30c5dce78ce8a	35702053562c40f417794764a876bf9d09dbef53
7e05fdc9619f3b173d065f3b2b6f2d6afa1b9e78	c56bf3a01ee871956fc9e7812dca24d06c0e06d7
3d176330ccc989a85a4a7bf977e02d8dee449caa	e97ea9ce820fc1951f78350d6008c25bfafd7dbd
ee038fe807c95d77cb3ae1fe5513164d38d9b56d	bc6d84e1e1a1f624f8d278e8c5ebd15b901dd5d8
4c90a5780219da38cf572032f4b75c0900d68e85	d53c867b7dfec24ad51a483ebc73b7a183c9950e
2cd4d1018ae4aa1622faf5a6298482f541b6ec18	474c63c3a8828602ac6248684edd824c72e49761
f624bf80e1dc6d0af00b09cc2ce25f8e4aea880f	4c77f5e6eeef1558ca559784a2af4251a1c2e6ca
101eade67fe0601e0ce0a78a18c930b93e1f5ebd	9aa1ada8d0be2715315d956fd067150d2acc5580
2851cc21d94ca1a976bab61a54bacaa316578c38	3d0eb3d762b603731607122e6d4a2ac605e19df7
3e59e82f801b79eade24807cbf178bfaa37f7802	ad0e0474fa682c4cf73ecb5d61f1af12b441b2af
1584fd862f5d810962e586f018a9b1850a4957b9	dd4f62edcf7bb0f905e67ab798fd386a13d0b580
f71ed804db1cc80722822425e192c6b0245da966	30a3ad9ce26c6f8e1c8c673a61654ec5e3e4c397
eb88ed637f260878491dc23520b94c55058f8753	95d3bfa90f4b5a5acf4b77d0e7ac25901e9cec79
595c12a3d8a13c669b36e221b8e84e1c9e2f3864	3525074a47b8a867feb0c4f0329808bea207febe
7442d8acf440dd30ee3275ed802f8563cc3ad469	bf89c12dc75757f546cbb3e30994ac8c0225bfdf
834d434d02ed367a5c1d566d4583119ae2592671	113984cc04259365c9db857ae662410e93869719
8e7dd31bfa41ef07c771f9665ad2144802d8a0a7	a33e158b84afde30c9b8d373534b215a4f49b0dc
c17dd8820fc8d7e823154dbb0c527e147338184e	d535f106f33d0ce503a26dc7241b91db8c5d38ab
680a449b54e2f596983a51d833c02b3601738ba1	2a4ce7dd62957f69a1a37a7d356af719f3a395b3
1136012b767990e109f9cfba784c30e5d5cd610a	93aec9dcc5710449d5b87f3c80e7cf3b100b035b
5964b24b814fb1e1590a2d96d59d0f98b19ad2dc	a5c99abfd8f8dc992d5873369ae48da89a7f3285
ff2e33816d3ff8c6c926273ae1b014d4cf392564	d7218216f0d33939ed79749346f10ae3efa0d12f
c1367390bf5ed4dd1b9bd047396e756f49233b05	0bf69553adb90d77aa16347ce546047c33be58e4
49e05925179ea93dc2f9d3e9e48f46e6379cb8b1	b36f8cc7fa163dbfa3e124863945e099e01d6ce8
8958ae30b2949603ffc8f4ea1eea295243fb2a9c	5be871a9d12b2476fca8ff04e246dc4de77207f3
4c203d80e50142babd4c6b150260ca125cef6589	b32cc91680b71a87aef35c68e83985fbee73e803
ba6a4824c3ce7b0e5f48dcdade3baea981b3eb15	3009464fd7ccc02033a1a47e55ea9e9817cb7f3a
bb320e9fcd37d2e82f2cbfb0cf46766d8179debc	9ee2bab6aa0a9dbeabb7f56904e209f4c83a586b
f455ce67a7844f25b4324734b05e22e652910186	ad833ff23476a0c3187ab4698de58fac3ab5a823
a17cdc70ca51a36ad9a4a69d5cdf2264a9333b99	3aff5d0f10f7f6cb2b6852178d31454948f44d09
6a4049c37ac28aefe9d4c7f84a62a47735276375	f3693755b781e5109e0bb2a4ab7b69c4ade7a880
cd9e9dec92ebffe888fe2cb62df14be958a3866f	ba5d5f75c3276a9d9b23bee160982c6354056348
d34b2457e8416355b66ac3232e863489bac7d21f	4ebc00414e3883700e382d608ca55c1d407e2faa
6b156812454bf8e602063388f1000a5d1bb8388a	0618893038e2068eb4d6dde8aeadb773a0a27bf8
e454a749ff0989eaf584e7637b0d30c8f07a9a13	fe401b3f2a4d15ec23c7dc9a45b7c3dddd41e81f
087b57f0c902c7feeb18abc6a09f49cb2f0e63b3	850ba9391153643b014c7daf46a613c6383b8fac
35b6cb46f24c9523d07a68d717e1525da933dc73	c46616c8ae8a3fc3f06d72925836b3982791e33e
9f89dff08bbda2b14e096b8ba7d9fb604a964b18	40bd50c0e17a41113fa3758b2f6b025aad679226
f6bc443d54ceb41e856890b189e695276d383358	03de88adb64935274608caf889966f82c55a36a3
307acb0a3d3a487642282dd575d6faf71bda3de4	0d91c4547921a7b72e9c9913e2bc6f3a556801e2
1284888527a61bf104cebff6fd228a46b8a30b3c	ca7216a3811f0f99d52ffda911a114178721dbae
5f51f3b32d4fb517e447fcfb680772c580319de7	19f57607a9dcd71124a103a75f60d9b3eb8ec75d
2fa39702b6c850cedb9c6c679615f5eca8c9a32f	886422d2e001787b0d11a49ea8876883f26929e0
f75068b6af7685baa37eecfaf0efef34e103ce2b	1ea3bb4563e6ee6f72bfc8b9d82fe6898ee87478
13d06a56cf649c96d231739e3383dd0a14f7eff4	78afbb2e6239dac56309173dc029da13d9aa47f3
3117895f99cae2f5f6ae6018016bf2345051bd8b	aab74fea51cb14d02d619aa2d8617e35728b39a2
08d48e7f90d1d6cf1ea1a9bceb545d4a0fbf0dbf	f5e8cdae19cd5f6a1abf9cbd7990c6530de88c69
7745b96541187d7c09825e7fbd715a68acac5428	60f0a0369b1829f02205a1a77246412cf9366645
5eecda317aa1a6ba24994370680f901c235e6086	6a7f11fca3fade0783ea615b37f9fcbf15a01460
1af61e2d437045a72a2723feeff6af9d79f9bc7c	afb0b30558fa1861de31ffc5ddf236926b921517
1e3aa5374675126000436dfb9d2a2198d64be745	bea01fe80ab9f46c931789c7cb77fad0553341ca
301d371ef9489c8d504ac90e703f3d0255ed4f71	fbb74b13e629b7044146352ac29e982171a4f78e
bcc1a70852542a032a6daf16c391e2698b0c9b57	7b1d7e1c858594be0f07268c2fffcc246ec37373
309a70358a8855f14e8036c40986c3eb3644ba81	3f0958bf582343add7a3e16243b0ef0bd2050497
aa3ea77c5765e40c266c14fb57414567597e489b	18b0317018bdc823ecd9c424b247a19e631e852d
30e4196c073dc476273af312d5635ac653bd941b	9be5fcf4e165d369006dbc9908202ab24fc1cfc3
02b262a32ef7d6b4fa342bbea64ee03feb449d4b	9cf7a7a28a3d0162eb9f04b76e8efd662a453447
e8bf7e7cbf36233cc657155af2241ea06edbc155	a1f948c33020d5697a770d411b5a1d5efbd64298
89751950b48be48d4534a2fd83cd0a9b987dd3a2	cd568a563b0cb31ca0aecc20fa3a61c1850cc780
dd9284aea1f0773c6509b2491bf4f279be8689a6	96b004bab1cac651d4d084a68380a182e4e3559e
48c6f56ec68df7713519338b42f5c9baf52d7cbe	5ae597bfba77885a04e43729e7c918669f03259e
49364864f14b83bf0683d0f418abd57793ecf360	c0b8fe8b57a50d6cfb8ae6529c52b5656f1e1f24
11dab6f492b35ab1ab37e6567f03938204a44b24	f5f4995c3243514231506f99bc420583c55d15e1
e302d2333e2b9f61b7d400b63dcf60b162c5a4d0	d7cc756eba8efc423e43039ba722ba315699ef79
a09797fa84b49ea555557900d72e6aff064c90f0	9fa1890aead15eb7c843096d427fc7fa21f81e6b
80613eeee9b9fe7a166640ce9cec57a1cb6d9f89	394285b78b34dfd91285fb1d1386ba7e56b9c71e
1811265a5d9c033158609e4e6c8e55b07fa5bd71	491813c36096e7cd6aafa667b3ef0c9d9724d0e2
fce343f7c3a290704ee81cdc4609dd4f85f0dfa5	474aa5b5d918da6b6be19b3276a180b8215cb8f9
b58027150254183c01a64c181953a746e779fb73	1ac1a339cb1223e9c70eae14c44411c75033c02d
447e28d46de3199cbdd441a63fa642ffbcad5f80	dc3b49014914f64e6cce21cdc39683e53008f72d
d8acf19ee1f25d6f1e53000e6f6b4c787f90ec8e	6c87a0c04423b177ae83e453ce1749e07144d452
2d8c86a83f66de38da9e11bddd709059f5e24742	b5d5338e525154be9ef2eabfa0ec2fd230d517a6
0eb24f59fa4d6f10a09a5f025194f4be0110fe28	73a4196cb323737ccfb9700741775fe35e1437c6
82d817e0fc7ce2cd7176e48fd1aeb272bf3b4f08	9713a546e63e87ede22c26d19055944f445aa59b
d7bba2dbe396df99c2b70fc4f2090444d4527985	54e5c497bb45ef758e8420d4b7b5b44563b0741d
e07b894a210460b1f72820630693cb19484714f7	c827ec83035545a74a0df521185d43d0a0876d5c
df553906b453427c85698c4a8283d8f1d66fe1d7	b7eb49bb87903ff494df732a55b8e1cf137f7559
a5f6efca13d9619b2384829f2b9a15957ed35578	378f151c75fac502813cd5235c8bd444996cfd05
988e6ba93b0868b1f7aa5c59914834409705ce01	8d0500eded81f787104171d58f6bb4aae7e2d7cd
7f27417edd36e1b98178c3b83d8e856ecd30d23f	70d0ba72799f34f1999a7ac56d20a7e43723849f
c8bec1cc8a1ca3509dcf5b5c41ce79b5f0ef71aa	6d1fc214c16bd4c45510012a898b7fa82f045862
54c1610f38e04445c28d7e44cd1b73f2a314ca6c	046c46eacb92336152c4c8b2c115f66dcff9a70a
6d684cb6f60da532c4c0ecd33ea342d3ccb530d7	89ca622e99c5618b39adb638477b593c9e8cf708
3dcdec700294d54a505caf449293ae1efec356cf	f90999708232e6dfc10bceeac7c08c19e597c454
ca92c90c71ce2d0ae6d8fa39ed799e0935b3c74d	6364d9a5f12443b06f3919f8afbf22b24ec67010
864a315b76149c408fff39eb69d0a30fc70d4809	d6ec014ca49ed974824c061f4032d2f6fd54a254
0b004d9d67d6054acee226968e1311ac3adbfb8a	b2a5ac3f606965c8a8bb6a50932c06e71bf4ba27
6bf66c5cdc10b475b17d895d010e2617787a6c7e	515a73e4eeb5961b473abae53867595f1afda257
904e8bb17731a57239d0888545ea8fae28fdf4b7	0c041aa7f66e862eacc0655904ea5e9af9b5ee20
06a6ec334dd47d76addcc2daf42e5dca593c23fe	0d7fae13bc64376615aff48ebe10ea35109cef19
a6e7246e1aebf398164b15c88d0933fc285a87a3	0265f31f8402de79faff14bf1bbbb0ab7fc3079c
384450d3f32dc51e6f5a70bcd1276dbafe74d370	4ef3432c0d00a1b653d1e8ea244debc8258dad83
8370fee0dfd4e8b954e1afecd53e5656f049e476	288411b0b9044c11a00a8ab478000e3ec1133101
62b29a339a31e61b584885ff7cdc0f761fac8149	a25ad8ce5256a2e05faef57198679b0feeaf96ab
cf1ccb80473f08436da1806bb1e5a7f81a8611c8	94ae1619564fe73b01475f104c090ce18a1679db
b260c7a9b8e3b96ff82428b9d9301de715c761d0	5c7467aaba485b3d9014195bd4feb684afd06654
61732fced9762d1714fd2c34aa0057c45721f8fa	e4a19a2a7cd20aa59da93c6170cee573d008768d
3388c123884f3c26c5a7ef8f0da770d3269ddb8e	4bc15be97c25fa34453dbeab553f2a0c29a75539
88ba90a5368bbdf7b39abcf81d0721cdd0922652	ad8d0539850ecc60fb4b08dc0be5875d0de7cfaa
8c569a75d554584c127c6c8cc655b88e5c574d84	21b8fcacc67af41c26ff797a8b085808e8b3bfa2
8ce23fd90eb80d5d4fc5ff7282c0a864ae3742e1	0944cd9d7b5aabe8cb1c52999978d812ff501f7d
112b9c622d9ac601cb1673ab548c88628471fed3	bdd86c1fef249f670b98fab5a2fe65d1499512c5
70ef39638fee0891d1c465b39e6f00e6684027af	a556d49491c23db6117aea241a778e2c3a9e498f
8ea8c748810c651495bff4702d181be6b7c9d9d7	6c4589c9338d530a637a12c664ef135ab8f2829a
3bf5274df93bb0208fe0523fb6faa9e72159a7e8	b807ff30d0bfc08993be962ed7771b0433a5045d
33ab60329a220427a4649e918b49242038e3ee13	3e185071eb966395c8a559726876b17e9eca47b6
69d0fae6e379aa704aea2a0d23ce68234979e0ce	650ef881c8fb216259e4ebcfbd74234554c39612
f1877b9af4669e1885a050c2ba299ca9228731d1	f0a2c348f611caf4a0a965e4b0081d7672417050
5dcba0c3515e0c7d834e6783a55aa4116f0d9d5a	df34f5068b961fe3390a61eb3e773ad9bf4d98e2
16932856af99884e463affc033b4259a85f2ee7a	0b8995879f29a9b98ee027bc17b75e101445b238
c3b49d14f76b741406d294815b0f557af77ab008	65a50758e1271f9fe5ba08d593650fde11a66462
55c47cc40397ee12190e50476fa495f706228201	138ba19b2576bf49297663c8905ffec8e8a798fc
a379f09114f9af79fb107bb52ccf9ed8a44c25e9	336cde087e1c46d44dfd272eda917d4da4967265
498e3e4866920dd3271ced737997b053e0e5f36f	a48b4cbd89752f193856242fd12d4009a4c138ac
fff4ae05dd45aa6b85f20e4e826c1724597c62ca	05b6802cfa73785d71b770f3bf6ca7b52b389c27
7c6fcc336525ec88f546123dfee50bf68abd7365	a9713335fdd5b3ee479583d3f3f86b12e0500908
159d9dde5c83251ca4bd3a99e2729bb9256f12da	66beaf541efd2292a75b34e5d0dbdf9d6fbe5538
9cf25eec0daf84b1bd5a7629ebe46c955a2abbc3	dd9cdbc712f832180f626b1f57df34670dd9a1d2
ecb015857e67d0df7f02e47e5c550bacd9f2c7a4	384344ead38d422346ff4fe68bd33d55cf42193a
f3609eeae71ed920605ae2d4034500523fe1e919	6aecbe27500421440ef916939da3ff362af63f9c
211a9b0c13068de053d3c29dfbf25a80a6600e66	2a38f301252c91840de4aa6c691233e45cabaa15
06af59f239942feb146dc497e66f605718b26e75	4658dfc6c6f591f256d27d3f2b765b5b1aa978cb
ed962e5d86ca0bc134e84f1582c0d0c9bcec5467	fb0063221d6904d65c6f78bfa6a193a44b83e2a4
658f60feed87826bc56a614fa4e9a7ee1cae3e31	f50ca2244b6d7bb592a1d088e7d32bd252721ed9
0b8a2bca00938c1a78253c39e10ebd7875c6def1	de7460ec7c31ea40cf21bb23b8434d5df94437bb
e8b912a6c19ad27a475405eb76e1511623e68b06	c53c2375c4186780c9202668726ba0947193241a
06d8186d20b6cc8535397cee5106f66c04b797ee	3f986d584e8defb3f270273b6737f8424a5287e1
0b33e1e2c820da8bd49928ba46d1880385af2f33	103e266ebc5175039393718d4891114c7ec820a3
3245347ad29c8377a89502fa3c42595bf071c426	55b18b2271a6e89f25576eb039f78e9edb372d13
db5dbd97a1031e371a8ada73024396de8135fd68	3439be1bbbc9aa523e86c865acc5cd81a931f2cb
efcf4e5881b3b34ccaff08b36bb8bb79648d6f1c	a349a0d769a2308527516d956f1c1c40c557e162
9e5867c4121693b09f7dd002defe39acd5656f89	310206a889e74a0df7a9b9243974045ce693656d
4ba43a76a6f08f9dba00ebfa208beba20794646a	be54f9afef72a0e2da6da69a84d2ad8601720722
ff95550fc6743bb346c005d4f9ffb0828b7689e3	673485755cafb08a52fbab2555f810a15387ba7f
67f54b5f5c9ba03500a0d83b18e58f3daf2a6e16	33e63afb0fded146d61a376b9fd84d300e7ad573
c98b0bffa56dfa01403515a03f6c48f8e66100aa	37da1712e05371101686af4249949622f9c80b6b
8f8a9fd5d1497c236bcf31efda6aa0539cef3e30	080f1c56aa2f43bd56551f8d6f1c9b6cc8ce5229
f60c9a2b651469788047b6f738123ad2a7e6abc8	82098a8760e4073599539896ab251ac29c817ac4
d63cf9e31de48d3a464b884a7080404aa76210c6	6d431a2c436596e5aa390fb5cbe8a3eaa99b5eaa
58cf3bd3e71ae944ff90101b4d1b958ea9060e4c	08986ad405bf5e1237dae38aa1f8920010a31a21
15b83189b46b8a4cc1cf5173a2303544f167c5e4	aea28ca6dc07ff3f9977ed0eee3b8eaaec60f8e7
cc00396752d6a113de1cfb3476e45ff3009e2d04	e6b7c6ca75d5733d6be03370c24d098b56121311
6042b8dfe3ef497e1e630ce626dcfcb88eb7c1d4	7d84f7d3e0198484badedf765d90862d8cea1c04
63b5016a76a2860da750cd4e0c4cf9d29a98cd4e	ba4146ea31de354997d8087b40acf795399b614b
a2c5a441fce9235fcc538072b7746f70fda3bc57	e4ec3b034556b8b88b2a9cb371bf9ec8fcc06f8e
b172ceee28e8d9fee8f7cc9c113c14939c0d7803	6720a27109be160f6d121ec70b08cfdecd2226b5
0225e9a2b93648216cf3dabfe1e05d6e0dc35cfd	cfddedb3dab8c3e326d8b11f92608cc3ba21d514
5425a9ae7bc2e9700a8e01115864f6dd58a7f737	2e238abe013281e1d49f6c7881fc0212258f968d
8f4ea9e6d96795a317872d335455cfa6abc2f527	ec497c7dda23067abf136c869d53764f2dbfda46
425111cd86a3dd2130c8daebc9b3eedd1430ccc5	0a5078a848612441bc3dc96671e7dc985147e528
1e75c9ba50a3d699e567fefe0c63f5b16f0e965e	f7e6a85166bff8413be40de39785116db292000a
419ca06c16cb00a378f15323ad6ff8f63b2287c5	680f37182fbbf2e3e50d3b800a59ecc1be2400c3
32922e9cde18ad0e7f6c0ed5419071af745ba8ce	495446cf4f1f807ec15171b762fd4cc72f1b3acc
d92e68671cb7d52c5b068415a136b669820e5f4d	4b30a03adf8453a85199bcaa7f143ee95926ca98
cdccaac836ce8fd2b02085cd8f2a3ba6a03bcf98	c86164bd1b8f0ac6ae9f9c9545a7b80f02af1757
a72eed804b807eda549429b9a7917cbba95fd0d4	bd059fc8aa9d89af24819bb752165e201c09481d
789273650cb2a118c09dcb1b91df77712bb54b77	fcee5656b9e701f49680107e17e5f9332066a3c8
309163db220f14ab49a9d4850d6a58337440d632	24d1f271bf5cf41d7d2115d5c54f630f251397ff
f8ff8300a52bb571782d0ff94873ef50293159bc	b3a45e083964d23257b2b1dbc282e04a21b00667
24d75648b280e478eaea8710075a60733322826f	4e91d92c5f1cde4d904f84cf3c5c07570f6db29c
75928553bd1136ccad572636688fd1c2012fb0f7	96fe4f73176b6cc5191b35348254a473c9d77328
8758f779e60cbd5c03aa1b719931331cf898fc2c	20b4b8e17df885dc7b9daa76e1169f50f294596a
0aaf9554fd5d14eee71d4a09db3838e57eb9fa9a	87c4f84a89c82d56d03f3090ae311e4d027c888b
ddb1c2da22028f29e398c7b83f10b41d1678a994	0e75f5f45c9a39de11520fd116ade022a5a7652c
b78417e4b5ca445164c565ff38677d5df5c7e2b7	28b25598ed56864196aa5b666f3149b256e5c220
e46477c4b6e3de0766a25301a8b71d81f55ad4aa	1e2846a1a5348826b7df564060cdeeca9ded9968
c9fcd09c9f18f85c7fb5355f0267c0deb5ee8474	ce25e7791db7db7ea0e4ffe89d9d8afcb01e9a38
21bb9b5a9fd177f611f73b3dc225264ac88a556b	0b850d6b56a5d6799f5b13e11bd36b30dbab003f
890d916666f81f2d3b93507ebcb21eee5c3e9802	a8091761d7a964328cf8f3d76b747b2e91e73e48
0be326d561d94104be76ada8436d8fdef34cbff4	097f784e7a06fdab0017f8167e9aee48fa7270a8
4ad8bbaf3d34d3abbeeca45a8a90fac6d20e83fa	06a82b6601bf236812acd56d0b751b87ef03b0b0
adf10e3c0d98fea89b958497cd6c68efd4e11173	baa8580efd9fde7f0614e13dd01afe260100f0b2
94e65233101af0c387d35d08e05cedf2b7823699	059508ed7ad001c4612137d191a10742cf01b426
14e9ca698e5594cfd9edb13149d266dcd9cb4a94	5572b3c329c5a5902a1b6cc8bd558067efed522d
cbd621aa430e48256ac84089b8f52275f403ef52	0dd17d78d885d8bfc3754905ea9156afc54c5740
3530be4aff523ccace274ec2484e569a0609bf73	baa99c6f8fa6c967d86a3468729fb9eba0626686
57c535e294ea3ba7ba3a5c4a70e32851d5ab4fc7	9ea88e556ac03c29e722493d82db108e8c93ad87
dad88d275b16cf983b7d046995704d6f8367c355	2f766be0bef7426428b9f694e63b18d90ac304ad
f3f26ee62c59a6d66e334f0b89f364640396e9ed	5c50f7a084d039df39e4425a4fe530d015882aa6
78afaa2e67d5e8339ee227f19a97fb4f1d66b6d7	93a4bbacbec908e2501bfb568a5f3af4117a9cf0
2c4eb3b86f5c48fd30faa9c25c64acbc868c0cb7	eb6db316cce407090f3edaf1c86dd53536c497e1
5ccf92e458d813c25867f647cfc2eb8ac6a831da	ec3e95935f66174676dda9302306ec466d81ee1d
3d7dcbde6ad3eea537db72d975d2475e5b536a38	10d37384f01adc48949b4864fdff9d2c1b3180dc
cd3959881c7af16a1732cb258baf625da9d33e3f	e797c2d0bae3f147e64ba2e82ecea9bc07cb3889
5a89e8143efd3c8a0ef6084297ba3ea9108361c5	9bf39f85f918e3401474fb5f63766947fd58d7ae
13ecfa6233af259eed9f51cd0a2963cff3ff5ef7	475eb7c84500c9a5e086b0258551d62334a2f1d8
568bcb74e9e3f98c48dadd8fb08d5655eaba1562	b3a6dcda5fb64f4df78ca372beab69e05fd73724
04e0f2e798abfb7f4f6c57c6ae822806a6be0a13	cdbfceafd1119d02960ac963e7bc81ca464e85b8
ddabc252048af6c2fc113b4b61bdd6fd1a17eba2	34397d5dc8224f8d6b47f9a079a661a7eee3b981
d85d3df12830c8f57c43834a4eba0a02e5a2aa07	9220eb136c556c5203f6ff00e874b8042bf30cbe
8062a914a4a2e94e8e44d5f4223f6d4a47b0920e	525e98b05b97be5504b65893d5c30ce4ea69dcf2
f3ed379afa671e1562a89c991e161eb4434ec976	251a508fae368308463083da88630a603e3b9a8a
4ea21983c52763cf2aa56f7785b5c6d3cf3f9f3c	c90f3564e8877e1ab7f8c07d6f18b04b314d2651
fbd90da0912e277ded173ab92d0b6032cc99c7b0	1698e6cf6677abcaaafc3390a8c242f66183ac66
e8c6bf90212054ac6ada15edb795f7c32ede1850	ec884dd50821c96946625d3c286f431a79758a27
9241a17dbee65c1de6185cdff4453465a7c599df	6e09f2892a2e52b366c7c5cc868a9feadaf61783
2204e843391de3f68893d84884b7a222a75b53f5	e09e3b49f945b5317daf80ffd86359929b6d3574
e0ecf27a70de206ce7932a3df6bd97483f6d8d3d	510586c4f8209ab61fdf04c95c7acb09a0f4f222
fd116440992e46bc8abab4f43796a67d029d14ab	442177de5923ec59ffc98dbcf5e3369da45d3752
1f5f74df07a0e1e9510144c040b5d866b14dda7b	7a20afb289cbcbe9419d66b4316dcb6c0126cca1
e0690ee7fb77d24c6a014e7b58c8b714bb7f3eb4	88ab140cf9e970facf8707b447ec10078a0dd908
256ec3ac99d43bdaf533bd94ea969e1d8eb9f847	df0946c2a463e70f8a375da6321b6e9dd134fb12
11d99feb74c26e022c6ea753070f536a3e460183	b84fb4952eb766534378ddefbeffa86249b0f258
bce2aba9ee52cc52ea6690c21b235f5e053f21fe	80044d655fc7779e56c07cee935fefbe51a29676
0d54336788c926da88daa28be09841a13c7d3f48	b491cac8f7de0ad48542617aef84c6a19a6e64b2
df4232704a193f31a89c8e359dc378b0228c5d84	866f93fa2df98e85fde31e90c666eeec36fb5621
c28cb5d8739c468e8dbf8ab3481369ad394dc5f1	bc5f34343f15bfbadba7950406aa822bc0e4bd70
2bfd5ce8d6d1dba00b4d001010a347a6ac6966c2	33e42bf423f9bb75192d9ab4f9c7e0e29bbb684d
33a74c9f6b1771d61be8d54e14c1b23614a22caf	71aedcac87abb510d473e5b85ff21e32bd31cad4
4a2cf276f42da0e037e3d846930b7cd27345f6b8	30d40d09de7b12093d268af0711675e5668b2ba4
9264cf99b12f58457db626c8e7034fa18d3b3f04	b9c7d52582370096c850a50e714f514c70b35294
05108ba52022d7dde1a30c4d8e7dc64c4cba52b0	b2f1f630d95e2a2fc548f7677a4434e8816e1d34
02d361d53114dc365a2478f229c27a13a47b253d	086e0b87cf7c5ce93af97e28ca4d1e2a33647ab4
9101eedbf2dd8fe4be502c34d1a4862b3c13681f	18398cd3f24eb071bf05132a4e7667f1f9b22f39
fd22ada5eee0c020325a217bdc4e0f8f54ea6765	61f950bf61432b3bfeab90f910136abda5bb2109
05cb9ec9070a4fe9b717182c291f315d54681a5d	fc57a1b8ac87d35e7fb66fb6c3bea90a82ee8e13
c3519ee8bb3060d50f2450cede7857a731a3ee88	abf7fe1b5bf49ef528e494d88fea2d249a0dd034
e3ea35df892e357b9b6117a05692d7f96aab2cd6	71c2388bedaffb1fa17793fcd6ae0368b5e98436
a987def3741921fd8ac45063f25e255df0ae2c77	f61d14b3ae74c4e5e7d1b443e29438292e982914
0eff98f078e55200225f088c033b63b0c02e4d9b	e4c8b49eafe00d8494e063dad504a16b38f07217
0122ef961b9cb5725561c190bd6094203dc13c40	3afd290278bf3a82ac1e0d825afc90d722e5cc90
8fe03960656c1e8394692ca897586fc767b240cf	ee0ff1c4a2327f66f26c4887a43ba509dd9a76b6
17a718a322cbf23b756c6dd3550efc91d2f2889f	5d424ea2acd5f61acdcca588a1525fc49d1e36a5
73142cdd4577bcb77843c31d5439b8d61e41d61f	90d75b96735f8d48d3f44eb1369cec187a3f62ca
eefdb845f4a962e0e844e69a8ff6f0ac29e93493	013dab87378d075b4a0c768214ba11df9ee690d3
b5456857a629ced7abd6a0965dd3689d8907f8a1	6269e1c2b39ae919dd7deb28525aa41d2ebe6d4c
0e365a166bcc41c8acc2d3f6ed49adcac3062544	b02ec478c578bc03f7428c19eae154f3e1820c6c
5fa24f3ed6b161485b08f81a1dfba6cd4d603914	719676519d33c56d2163cb1f2cb9cb8788bb16a0
43b473051902fe5cacb5b0cb9f142d552ddffe23	2df7a9bac7e71d62c7c138eb4b5f10a50c57d764
12c7b32b56abb37c8505583ef56dd28ab76cd3dd	23ca3b415f11568e980787682d6e3b6c5505a116
715e69b96f8ee682179282161cd4e9b6c78cebde	668ced35f870d2ba510a5b63603886b6ee06d5eb
d6673cc2c5789790b7584681b022cfa387fa0f78	1f7d5710174dc537c98d72df0f15c34ee7bbd467
40c0aa08b16c67232994876a17f1b5f9c4b94a3a	a072f21978a23adde63a451037c0cd6f427e436b
c4996a9fed6df74d605b56cbdaed76378db25424	9dfe84279409568c0101f6eabb1bed2c0e5cb70f
d7419bb0cde1ff42b7ec8a18bc2bc36a76aab30e	f65065fdf3b5d142f875deac8f8f46a38bd0f0f4
5a2f5ee1890eeedf46109f53c28e3b54e7f6e154	3af1325a93ea4b296080d7f099e46522c92f4e1c
de6ea5ac1a2b59860c62507a2da1246580902c2b	5ee69759e17c371da59be80df991b8373b73c4fb
8926ee248f8f5733795a80fb2a5ee0a88ebda58b	b9572e5812416dd0e9060a3a6dc179b5e14f9e9a
86f7fc56c7cab38e56fc6885c5ee76b1b33ad6b1	0a4e4c806147165ac5568a23d2f5c90f621d53f4
7e134b121d033c93ffc5dc738c403e2a724b5e19	b4600dd4f7ab8b9db2bb304966f23b075dc3832c
3e2e043406750a867b53f1c197c5bfdbd10595e2	24d2626b528d4b06439b23f6a29fecf8fb8fa87e
8d0441a3a4476a4b341dc784a7677d04e30b85b6	5ba8abd0fd6b931883efc9a56495f9cce003acba
0ffdd1ae2aac5589d0205f405155741743b4c589	c66dd4c8ad0c39ac27e7a3a63506305bf35d460f
043c7696b7a2aa9cd230fbf9f0111fa501dd3cfc	ae2c5c84ef460530cc14edad853790250bf98055
26a88e07af6f520a029888f2e43a2c81d8ec966a	58d2ed88aa436aa23d180c7ce96543ea3c76c2d7
39fd1693c4019d51919fa4b9aea694ccce129ac7	680f37e9a6c864106c61a81d5b5d43c06897ba2c
bcc05e82a9c55843113cae8dc165831f8e028a24	c7c9feef95822db7e3af7a34f899b0018fdff37a
4159792a4a38edb72900e78f2090c10ab3973b4e	9a96e636430bddf4f14bc9e5d8246c1f544b1bb3
330bf69eea0555f518018ee130ccc05e98d6513f	7f1a2bd2bef72d8af7f5b6b2c1b921bf9f1a5734
883320234e3a8b1f70cb7250ea7cb6220be69e0b	2c65ed1ea1dad8cada056ae96940a09fc0bcb4af
591aba063dc42e17e8276c1d5d53799c2269b718	73e9ff81de08b87baa1fba5e3a6acb7dbf3ca44f
6bc5bec40cf6b5cdf215e7db0f63ff6ac2b9135b	4f330d73ecba0616c504e27f1f677c40207f7f9b
8e3b99ef7a3b704ae66c4e10e78ec708c12801df	9eb60234fc4fea9c3764332c7742216e9a165970
f0633739eacde99c062f3a0c61177fe20bab9377	9a543cfe42344a025c4becc0d43dea1d1750fdc8
f6717327b4a996585a8b903e7db8e3848943c2b4	2e0466da94772b9c72cdc64994fa91b870d7f0db
ae294710b6e632a32e4caf8077b4283824ce73ae	13ca2511b1cc7827d029f309cafb0260b9d9fe78
ceed18f99065eb5d3ffea992f3e3b817b7968d16	9bb5bf421d8a1594ede4885c481bbb1d67e2a587
df4ed3dcc84f213f2880f90359b2bfd09b1eff56	4b79c5bdf1d9d4cc0777ff57c85ff3a84cba6d82
231a88a40722bf8a2cfaee469546f4f40cbbc97f	678b3d1703130caa0ac2d1f175bc80323921817a
f75b151bc6786b361ad781ba5b10288ea67390ed	16c839356971af1a47d0c1181903c84c7a4dd59b
29e2ff675b88b029d8c82d19e4f79106db9a5271	9531a6a9cda075ccc7dd213d19d4860460179e29
6fffe1f21ebfb350636dfe2fba80c1fa6e1d43fb	7b3993db12316b0a4b46032fbef3d73531f41f4a
fbf5ebfbf35c0d05ec94248a5c3cdac61321ab41	b0eaf052255698917f34c3dbd188118be91705b7
c3a7e0e5595818c8af11cccb37f7fffe29aa3c4e	970d93d428434c1b74f3eb20a881e725d81d3939
d6d87b690ac52b60ccc5c769f88af752551f4825	b35a747dabbac0a66fae5e0bd95d6530590ad638
c0c9bd628289e2fc514bd0bfdf9f4dbf6108e970	fa743743e1307936f0b71b6546991d198f778cfd
b43f2aebfec76ed4b076282998dc64ae3a06dbff	17b12494de0f7ea94626f44afe2012da45c4baa2
40b2ea1d57688a526793fcb45e456d6d69c8e367	7004fc6fd4982fab3194dfd9dbe2302ca02e089c
25f4e8fab6afd7d9a5043e430e2ce7fc5c697ba7	edb7e1da1590ea9b37dce63a327bc5a0989ef429
e407eb2408e6384ff75344ba24f1acc5f08dfa43	9df9269421ae2ba91d3f3fe1804f978889f2965d
556f5faa19f42de9c2de33ccce5a75a77f7dff86	017e2c53de868c7fa9178f6c99915862ac9c0756
45db91a88f50de8bd5fb29c2710c1617bd80d2f5	ec544485b9af0fa08a2e10f6805468ab5630c539
38c0fcaddfd35f4a395b6e65312f478199d6c452	97bbf2a9a4de3c0c04641e825ad54fa5bef2fc21
b420cffe3f88ec6b9557eed6df776338da8decef	1e2f1d04daf5ab30d280d784e172e39d79a2899e
502a67eb571266bb15144824bf15f9b18b59cb0d	01e5196c126d55aec1cf957ac87c21146348220c
42f7903508de9e7712d152ecd9e2b8f5321f11be	fa479edc1218f24302b5280b72865a8053c566e6
ee47485211a5afd102864e1a3d13e96c5e14217c	bcae189da3738ae653e3c5414edda67db2f78c27
e2aa5697f0350f34069cac43640370b2bb3ff77a	5f2054bf90fe797b8fa486603cbd455eb0f8f1bb
056e4f382a17df963762d3e26d390489d55d84b7	14fd94e9d4a40baf5de2f8cad176e9b6129e813c
ada19be1d87b60f39f9c6ce5ec1855c92a2528ef	d1d19fcca33a4a17735d5d5c713e5def77eb2c41
645e7e696ec6102f91457f6d742da2c825bbfa68	154d74b7a058a8d8e391a9c232bce4ff79abf3d5
116a9def9734cbda2b38613152a0acc8fa0ff9a9	2eacabec1d82b16a3ac02306f138b1121678a413
494d83139113fb299c177a158778f52b881da741	485761cbe80812f08607ff780b554ca6784d5f93
b4241d6da98c4d74e1dbcf626df16afcfc43c8b8	31922cb2ba45907730e7fe6f84fda04742ff71f4
5908a164c757e12bc1c90fe80cda9441680ca833	98512fc8f665d9cf27101ad4a7acb7ec001d1ad7
ca1b39851cdb7d80de65c95e25ccffcfa4b3253b	2d581b35f3d93b61aea653e0d79c2e634bef762c
7c79557a8ca8fbc275e273daec7cd2ceb4c07b24	99242f4113a7e8d1041ee725bb8bdbdf67f7db3d
95b49e6c3ff8a522cd6411ed4556afd108e478ae	20846b21836498db7b4c468039c51098e6c85d3c
3b04b9aa71ac658dbd20434838d5977100a64db7	7fc5657e8fde5c628dfad475a82684effd0f3ea8
ffdae66c1d2941e4017df899124151cd328e1345	70c8549f026a81f5b5d032c9d969a58178fb39d6
64a35916aebb3ad80904c653481df3f3a144d3c6	12431fe93c292efa5636a55424dca60512e8c071
d73bd18e55feb6738cb8d958a84b3a3e7ddff059	fbc260b43018d0e1630449f88fe4ea7d912172e4
02e53c0c8478ae87644c399bcaf326c386a795ba	d43170b00a2bd92340b9b877a6ea4a4894904785
84780438a41eb58593b1f03ab718b03906e533b9	16f2a39298aedb1906e0f0575547ed13d4cfb43f
4015028902b8dafce55a2894d3182dcb2271fb21	38b447c6b4df83ed47048b487cb76061b93aae27
31ccbf940a68d0174f9a0929591ef75fe912db79	a123c041f7c090b03532ad6ac85ace3d78360549
42bf87efe77e6ce14c10439f14bf52fb05a0f729	2a7240ae27ea7779b890b2581995e3d13a8b9098
8165cc4a8f5ad37f24e5174d8128be9cd1ff9e4d	d8cd38d31b0fcddf77e7855b8504fa04bf32a6b4
35960b8f6e3092a1d383bfabaea511282598d4f2	7e1187a48fbfed538e8fb640283c50832d7163bc
eb067012cc1bbf1a9c6af77cd2ef972722933895	9ef9a411b23d4a637bad6eed04f54ab5cc1597e1
40ab4b8a1d22f05b40aabad46abad1d16cc40f48	a89cac300d59bfeab6e35228dc1a951f22b84090
ce2e64108f3be51345332e56a0709fc29fe04a15	1f4e9e75ed8b76da7c53137f0b77f3205b237cc1
0d1b45efe83fdf95cf7e033a7eec280ba919ba3e	c12367a0132eac447b4ce742e09d8188aa55c910
5ec3b8d61de6b1aabb8703ee8220b950a5ad9a25	2bd6a233dcc3a42e06abad2b2131f9ccd41c1509
633b931fca6ca5883806b092949df7cb7cc91cec	5d7a0d92c656935ff32e322385895f2ee578ea4f
131c873f687239a438b2fe07a3e220fe207876b0	3d237fed39ec753cf3b5870ab0dab2493837a2aa
a1dff2b94887da40b15a6d01fbee5fbd6f65db9c	4b853215c68c3f9f1c33d361e6474635bed7feb3
8bd1b64c8150db0f7f5342e72d4ac1cfb038aa95	b151c9e88dafd30b0e16b97f63cc028c28706541
a58cf47adbc6a9643113141abb1c0cb94f3088fe	07e83f5981cbf463a51990b39c4b6dae4e52cdc4
526e3542c5606c49daf41e9244771891bd1c4ea2	3b9f5a019302215848d9555c78123fcf8ccdfbf0
157a657cf01298cb5ac27065c756c7875fd3fca1	c03353ad0ec30f970a9cd477a410c4687a2ac215
399da7317c687029e3e2235f57f48cbed96471ca	0d2fb3573338322732978471d1e00dea3e43eb30
c212ce516849aa9a0ca6485ae5c80144f7cbadb5	fe34a79277fa9e9f7b8b8d6919e6e49201c4940b
36c197df3c1d41caedd15af0b4265104e94a9310	87dc0f797d6ffd8e8970c7d59ed3ea045cc8b7d0
43b62bcee825ddc525cc377299b4221eda25326e	27fe18d7159cd503c4e7c372a02cb7d17bf88fe2
5c57ee2871aede3181f9ff6bf7e98c38ca8c027b	18fd5d7a7a05de22c99ed41bc50dc6987bea4000
32cf298c53e742be14c3231d3c4a7c1c58d21e19	39a0167cbb8dfc8709fb9ef5ece97a487d95618b
8ed7e8fc428d79c0a7c22fe5706f48450f55252d	704853b3be9e61f27fd5bb4f0436e6fe3e4dfe4b
f45815cdffe9b871a5197d216274013271bc1ccd	f720383adce4ab8374f0b345ad8f2b895e5be9e5
e597b898fa082bea3a701b5cf82777d6db10ae58	9895d604843216b9710ac54cfb6922695ab954f9
6f8dea205449553830e6d8a9069dd19b9779e2d6	97b7c5f91f10bb5b3edf6b50474a92ccff66e7a6
bc5e24cdf14e958c7ccbc1a60b548e7287fdeaaa	6da670ac45da3270051b3dab9e85b7b7c6cfacd8
862ab0aa3b33951619a147d474f47d2097437573	ae0c62aae829ee3b87fbf7f5e9d26ec832d6e3b7
cbdcce9914a049a4d20cb3352febeed74a4cb821	d9290bc9404dcee304d02cc219736faa7c4348e0
eaa68d139a4fce0c5c7e26151cf448e575e1a0b8	3c016c978bd3d563a36f7f01a0111f1554017438
98c80e6b3084f8836ada53bc17adb23e5285aba7	caf940c8055d791439b02c6e421cc43f10c5ba70
002ef15a598642259606a446de22aa5e69508620	14b8f1bd4de858bdbb5fc80dc15802df3f394f0f
ed0dc1ebc726815bab97fed7e168602c1f45a842	f8a623e0c6f5c444fcc7eec7c522781cfd336be5
411b05f84efc1f98308141c4bf7cd8816bc52c3e	35540b4ff379005ae0bb1890c87be5096bf80032
8bf17cb3d5a8231a8a281393e5ed2a0855985a9f	87c2b89120a3ad2ac41f9867b4121603ebcec850
c7173b8fc1d4cf898d8bd69688f098760392b742	a0fcede368d2c2b115312cbd77860f40fbadf789
ce1c1c41b368f8135b43941ed5c6e9bb0f6360ff	c17407ec946d63df5ad8299c7f52117c4de55a67
016cb6b58975d33d125aa0c01fa00bfed34b7ff8	c9fb076dd74ff5a5acbfd96867acc540839acae2
53ed32d8c1c3b75dea8999d7233ad309c0b9b0b1	9471dde765219acda38b02b718e7f3449095e5ee
62613be571247c82d71f4e9a500d53b84fd19c84	2bbff23640fdb7fcb445267bc8467970127f31d6
b540043e19981e992c5586c815de6f23a8c11d99	9ab4c0f5cb38c82166587d7a6ca181391313796b
dd5dd4771f313d10ab57e0f77bdcf3f317e44da8	1322c0671bad5e3a13bd3aaadf4310eee6a945f4
70b7de6feb00ae8427b5efbf5426b7465f17f2fb	79637133141d8823cbb64098c75efa5fe56897ee
300c94cdd4673f437df84880a81a3f2f257e0158	0e7f176a163aa26f32b451f87fd4276dad178fd2
355bb47f5138b959180349e75d2901db86ffe987	2496c846f4383625cfb20b610c3f86c516864a2d
94f99ff941cac8426e3a64b58afdb0090a9033b4	b4e670c36fc5c5ff391d738f67e9934986897b18
03e8bf6768e81437cbcdeb633d3b845b4886dbbe	63373385f534762159a118562a1a5b83469df020
ec6a42e603e8cadf1901d7f933d76289616c1207	a33858523f2bd61dd558440fa66b0f72c247e8bd
6f8d1752bfa5b18ba36fa04afcfffb6d8f818f49	9bcc0f1d375195ff7ec1476192f48928b4200268
c0e6324b21b25e6537f46b2696561ea489f6f9b6	836fa8ce58dad3c09adeb70b9ff7197dc12e766c
b452da7e64592fc7b2f0d71e210f376d74bc18ba	7de1c4b4cf58952069f18cd6ee8fcfbbbb737dd7
7d2f4c85ab2e28e41e3dd16b7a0d6e430ffabff4	6877fba3467781cb750cdfa8a5d874ddc7e97a0c
ba032aad27aef1a1c4087ac80600118c0750ce07	c56d0f2462306ca847617759a0a58eede2d40ca8
5c458431bc335c97f873424f3fa3807dbfa4c75a	2ddfecb47adf349897ae06e142f5f01beb9cfffa
ebc31d3760ed6b217f140d02c6ff0fea88054bb2	3e8ea4e5900649d9f091a806dbbccb2d680156fa
c31a19bd242c862db869aefd1f096616ad63c94d	a04daaff75ef80dbadb13540b7f745ba35a6850d
72112c9fc3cd1eec46494a9334e97fbf549a9411	8e8d1dcca851aafbc8148d1bbceff0d90fa48462
3cd453ed01ef62e328e4b1b19a0f008c29ffdd66	40e2b5fd4b8f9b6eeb5dcbc0add6b0b373f22888
72a6aea5069708872a608cda2cf5e33097feeb74	c82163f287bd7687130eb5240c9bd7157a99a1cb
d614e6ac792198a7df3c543279c8c649bf4a5db4	2515811356c283ba086ce8e5b56b98751bd58d19
70abe50f19bcc076b01eb9f9e5c251a2d589b9f2	3f242a7114bf4efd61bbc241f801c226c38b5e05
bf6df9de6b481bcdec68a0dbf7b4f9a43fd9043c	c322ad5d3353bd2b0219283808b309984070ebb9
b950654d50e4d6fd8a5dc64e95b55c800b6a6927	5cce5454e190c088142d2ecc63a0b3a20055c7a0
6c7cbaab5645a4b4299dbae0f4ce948c4fe9a1fe	fe88004eaf25296be1495a37af69e03536002a8e
baf6d9169cf5a4a5a12196205bdb3a8fedddd8a1	435d7e0cdf144b3cd5b2dcc084e9dc656c2d8a4e
193c68f4a4d6de8d93b9fc4a39bc20f13681af8f	42ca206037eeeefdfa933a376724667533f99bf3
59b8b0235800c48b0256a4ddabd415d81171855b	ac7f1ca3aa4f739dff319dcba26a98728c5c0bdb
2f3db602705a3109a139fa5fdb6d83dda025c70d	2b691a94a440eee8f2db8c46ff0da8aa25c2c5d9
1e15089e5c4dca3b64761f5228f1622cc611d161	3b4f7c8ab719dad9e8452d1352c507c3c53e8436
96f82df19fe128a2e7e0c9530351778e68f4959f	bc6f9703e35b11604e0f4bc63096b8198569d6bb
afefb055b8509c767f083e5a32ec43681b4871da	cdf596da19df4dcfa196fbe7373aacb0b8d6ea55
50de7567ac0f1ee69b744b4520afb5c189082ece	d72c1d9be7e23cce227be47762465a60d7d6d12d
c1a2e2a3fc0dd5592db710aafe12009f46c98afa	ba059b0b2a3ef6cd36c95f500e965a47e589378e
1ebdb347ed5c8d73a5f37c63d90024870919fcdb	22e852cf362b8034cd1d46035adbefe5beaa0f6e
f0051ac4418cf3726c2a3934115c269514ae6a1d	496043dd9c7c2e355de46806bb12391df3bb9fe8
535c48b481261754cd2fcab8e7fa21eff062c334	d2b10d3b0926303df62290c49a223d5957395c0d
04f69ee56d25d4f099984f8606cb07668fe6e564	bd9a10d3496941c15e991aa2c0e55006449f710c
c6de3109eb8b17103f374e3d1d95a433b62af6e5	f24691cd60cd418592d8fe9ebcbd5bed2ed96472
fe33986573210a5a09ed19ee34371e2d80e9f012	07cdca0a2b713d38acd47e9ade26da0941cb8531
2a764f685b44eacfa88f2387abc55a19d9bbf16d	7f86dffa067c6632d84c94533f621afb04308792
e3a9683f32b3ea60328748f0db5a0a7c5c8b59ca	1735da6c17a732cd48cb90ee88ef1d33443f9ad9
62a10deb6a83ad1f2022c3031c54e5fa4111d0d0	37ac4d6b16e59b2791a9ba409c1e8469e9661ad6
8f5aaa4f686df3fc7f19d3b2a3846e84f526a128	cd77e78f0a77aa9bf5fa3544884cd00b3f7814c7
92d4e7f3f8df63d544d6467efb5f3d7b3398a2d6	86170406af69d9e3f86f9cff0d6bdcd57b9a94f1
1999ff83b2dc225827f37f772e50d2ec1521eaaf	03412b12d05756fd6f87d4ea9d01a6a906804276
5bbed9424b15808939471d1c7fd9662515fc3ef8	da18cb70fac9384d2fa91bbb2a617d8e830173ad
92ee78edb42a50163fc4e8be10743c58a226ffd2	01b3d19d6d2107d0efba214a29de242e575bd854
c6b71077c118e62b722726a0717c63d243482f18	564cb451acab4e30fa950d39f065771b314cfa97
9040fb593c7b7258e5de29e396ad2cb9540c20dd	1cde511d6d216298527deb7c30a7e77f89af8b28
1ea6d5c04fd51c2a31f80db6bfa9db520ebac1ce	39592518b06c69464b85bd15b53cf39b5ba91b65
523edf5e33a917fb2fe90306111b386b1c792846	57c62b53307ba6dbf1df8acfca6053a2f2434c5c
4b279c1a2b7148ed77ea16a7a046b1d195db1c4e	0c7b333743f571f521b4433a51c0339b8943e045
42a0e1b96ae34173023d9782717492912c5cc1a4	6766b171316a6b2c13e2110113192cd29f462a4a
474cdb435fb5ae30f13a6476d6a383c57263959a	bd602b6d11b5ee492421ddb0da2be05a433b5845
084aef7ce130f2f2a949afa584dabb1fe2059a68	56f91dfeabd6f4edbd437dfcc1e5b0ebc856b778
8211b54261d492493909700d8baeb996c5f604c2	849ac908c83438c0a41e8d3819c587ccc2ce1499
5c535f6c7de5d3d6a875243012e82eee23067cdc	0b5391447ed783d5b8d26ec509f476b6091801ef
b6b0ab33b32e16899bc479f03df84c3f040f1d02	d34fbe99e831af96025fb6f47bd86b7dfb89ea6b
b249832ca7257cc659a048d8f2f7dbd96bc21d87	0aefee74c6f01a58d50ca6e58b9a4d4e0362fec9
501798462458fa93dde8ec247cd0b31ed52e5c8e	1c99c4ceacb1f424bd89858ebc961fedf6018cc2
5abcb75fba7a90737eb2547f1f3aea241a52849a	4f15700db37060db93c03d082d338d76064b3f61
ee1d836a21390feee6071fcb33f9d49c5192e306	1389e2fd8e29705a1c0430422cbfea2b2d618ed9
f733981a06cf7fbfba6e250b137037254ad3fe41	4444f297c2c9891ca335a843ca4838206fef34de
069078a5d93ce9fd4cfcf80fc3f32b10af152203	c375fb0b7f87277fd29be07945209881123398bd
ad08393f4edd0e7a3f95ff35f1f44123118b419a	f7634d58460d9a83324dc43d4ae1723d27e3d078
326591e61d983c7282f0f59dc2cfa158df06658a	e4a4e8c7909d7d97cb46a914346c1e879b960a59
c6800a6be47a2729a9eb4c687ca8b6277a17c695	9d8d4b8796a4f0133009c70802d67e17e6097504
8f758a0934b3d51202e71ca4259b6c47e57b1726	b5ebaa1fc0f2b94256180b95468e73ef53caa27d
419ca06c16cb00a378f15323ad6ff8f63b2287c5	bf41bb4cedf8d89ece39a0d0e57e67dd11c7e917
4f60054aa2f8171bce08a7e7d8a76e21fcd4f1fa	cdb88a33acf2cfbf93fe1b2a6ee219c423ffbb58
84f5f095c3e398798710fdc88ebb6974544baa1a	077a4a0b54f88604903d50073f9d4ae65b1c7006
ecffdcfb05f6f6b2033ec6cf52aa880730539fbd	b0491faeee1c841df06959ce47a3e59b721c01be
01fd226155f1dfbc9a211689bccd7d0800b8dd68	9fa673d105394c9118fa943509f9a527054ef9c9
dafc145a2867fd81af965d8bbcf7e858ec89c249	7ac8e5c0abe357930c1bd5e3a3a36fcf3705e6cf
5194e7f752796ceeb24e7773974282d9705f2c9d	65380457b85c4a7f3c5abf3bed66cdae4c1bf6b0
94eed31ca6fd621ac60a27d1d31f9dc998e9c1ff	efbd84276cf0f210743ee63d11127d98f559482e
2ddb6cafa754e45d647f299bf13c7c57c360fea3	f260e771ea3f9ba3902e83cae1b63a66dc83c960
0598a55385bdaa99613437c9e5618e7f26a7383b	45ca32dcb966f07f97fc888fe8586e359dbe8405
3d6922fd9822fb28a57f423c23963ca8e9b2b6f2	93df3ef61208ab449bd60bb2bc0479b37f06adf5
458a6b1303e42e790cc779446f80a208461e5d79	7afc0aa2ba8bd8a5c800ce03c97b9ab106d0cc2b
6d448e88f40285cdfc8ca40e40ef49a091455103	4c02326989a170bcf1d2c3aab1cf5c70adfed2ca
cc9b74e365e23db2f85e47f391abfcf2641ec08b	af40956e5896c44dc807f22f92e38647e68bd63e
896366a70c46d10d2063ee4ae73988bfdbdc78ff	3b22615aec46eb7e4664c93f6ae77c1f5a6ed8c7
5b71812a01348b0b969d9efd6ad59d2aaada49c0	cc1c891400aa130f28f3071b6694e016f9c2be64
21de1c9380895fc51345be60cb0347219df351ed	3d85cbd7f0f75171e3adfaaf7f85081ad06ac590
67f59805c596231f94d84908ee3d9b481bc08385	17ec3c71af8ca946dc50bf0d927c39fc77322aec
7220454b9bdf336ad0cc368cfd222f890b72c8de	6849e26ee75bde87e146396d4b4f89633798da7a
53fc908b6f577f462a4b47cfce5c4ca2cc4af54e	fd7cd31d2143d7b7decf22f6dea8f9996cf473d2
b8d772862126dfe127458fff0d8298a832683beb	d76388444231fd487384681d56e25bc0ecadcb51
07c4fa8d005dfc8ae556a2ccce8964f712826045	a29b4ea1e8100bfcf0204bdc0898bccc81b39fe3
c3b52c36fc6032ba4f7b2355e26fe2715239a18e	256d42ad18b2b3ced725c945289be57494353456
ffa34cc54244b34e40c6f17f4de66b49d5fa826a	cb88d94d6deb9bd47f3fb2f3f55bb2580a5df9ee
2875cfe82728f42adebd7e9ebb11565d8052012d	7da573f1873ec9a4b13a31cd04e7c0f940d309de
a94639bee1674a91d1de4b788a6dd2c6b37dc96b	9d103249e299ff2675b058f9d95da9aaafa8ee53
346fae36f145d6c191a32ecae7e8d128c1f79321	3708fa18766cda1f11b77f6ed9c7bd61688f17df
978d256327bf6ace38a954980f0a91c04a08fb26	dba80e614eb6a31b6866e9c0bc5f23bff6c9b40a
81737c797a7424ed2976ea3f6aa8c78a049ddafd	c8f76760be39b46071aa28ca04eecebbe73ac469
1cb90c00bde13ef9fbe3acd1b41b42a9e0c62596	c9e81856e572b332dffb8ba0a6a4ba3bee1f95d2
4f6cd29a960fc5621f599b6c9a275cc3054800ba	9791fa52fbb11c31a0a969c2d4875ff79724b7e1
4f1b5c59d920cee12bcf6213f3e6bd4bf716f197	62cc3959b9857c0dfd56257c045c89cb215a98ac
9a5290927020b43f92726e4e714679fd8c197640	1533244d34cace1a709749d5b98753ac4f978dfc
4f3bbaaa21b19b960710b9bd3e6545c67a2cb703	890544e88b165f84d19d09a068e35161ffd509e3
ede7074e2b0ff256d9ad1e726105c145e44ab972	51531186d0e4293a0f5fc0fbd68b0d1977ead71f
951fc0be3df925e361c2cb41d109be4deda41429	513910462e3104bf146038e6b0b98d3038fa9038
189ba4e19b52c9a57b758612b0163916cca8cb2c	1f1d6d9a876951fe02b8938dc06ca1f27daeccf2
102f76d57fd80eaac28540e02021de03ab523b74	cb0051d64df55eb81e49993a63b5d6aeb77d1943
2af6ccf59bb05779d389383142e0ad06062cc626	397fb4d20a24a9573fbea1639de22df80431b97b
b8cf2092638eee138c3a2e5953b4602422654366	67a600dbfbcccc0f11d29056ef6c7d24ab603e48
11d99feb74c26e022c6ea753070f536a3e460183	9d7e9b956232ed67dc5266f12e224beebc31356f
dc744267206da15184b7b1c566eabb7cba65ed10	3c4a5a6ed3bbc6b41013f6950e140eca7f32f5cf
6fffe1f21ebfb350636dfe2fba80c1fa6e1d43fb	d72f0ec1c71c54dd63136be0393f97ffcfc51b10
ba4e67b56dc2fdee68599c185ec56aa1e670fd44	79bc79eeef8d6d58209d56edcde4390ced172021
5855821081907b14b764d27b8e5bfd425f3866a1	c8c41c203803cc2a7618ab12e9a8dd36ae67e65b
fb93949006361625b59f9ea356261dd112da7a97	4056231e5cf2ccecbf89401420c1b27797a5e20f
c3ae82aa67586cd15ffaad03385b0f12de65ccc6	ee808c46bec966b1babaa627e4fa3476e32274a3
080ec9c92e5c247501893761af53da67555b4ce4	7b9439f7618f108290873ba62a619e82abbc0458
f78af905b4f25e392ad602e511486b56ebe6452a	dcfdd8a18405641fc7dab02980095104e77b70c0
cb5d3e2fae587de06e802c7ba83691e6843ad346	dc4ca85cbb217ca762edad1c472d43f8985de672
3a23252933913161086a0cd16c5c628a7e07d0e9	61ede421b4a70a81dca203982eb3bf698ecee199
5a5c726ff5f7a973224b37aae9fde0272bdb7e8f	cb74ad78decb1520cff982e718fcfd58ceb14ee7
590e183d9b06cf12c98cba7591541cf134d4f833	b6e554e4c0461ea5eab1b2105d3c55b0af915034
41d3d8a10448ae42ec27b5f646ad8c1825acdbf5	95f2d6302f189eff59fb857249abed7617758bcd
ae5772d823c3c544c549f1a56b101c22330ca6b3	0df408d807c30ead43bdb9649b901b5a5d9b8738
93056bb6394078e24187355da8c607a7e497e559	abdaa55e1782363a4966593036a32aefd7524211
943492afb0feab756f6e0a94eba142d9ee34a826	7067276170f03034017eb1887f671b7c9f11a5fd
214b6fd7e2335a913fae6e8aab7c6c5048610f1d	0f1763877cfdec24017c1b5929723678f2d8a658
99a9e183f34376e746ad0f6dfecf1589e0082e78	25a600db24f7680ad9806ce5427bd0ab8afe1114
1d61f1f2acc9c4e72e68f9f574829a0f022207b7	ef2a012301a859af2c387ff3f4ecdae366164a41
f845924b5cbd33802735226673a485ef775f5cb5	0b7ffbaafa5f060dd8c762dfbc751d592cba1fea
adffd78ed07f7adcd49f114cc6fdde80d6816b1b	6bae28b771e392d8e87bfabf50fe92a19e21f636
95154136d8697073e3dcc1c4ab05f8c4011579fc	72a8723e13b9574664f4c78e588069fa4aca6fc9
35ee89f126b516b21bde673661fcecfeb40470f8	4e1af0600b99b59f5ff4673447acafa821e23ffa
cf68f2706fcdfab712d5889148676309b7e4d5f1	63976755745e0d0a0aa7ffc9365c34065386d289
e33004379985e83fed965cf5011db28a9cc55baa	7d847c0583582c3b659ef541faf7e8f14b88c78d
0015632c2740077a21a5282143503bce6fb6ce3e	8f006316b252912ff6a8865e0d0a3c01cecda27a
2fd0690e08f0fde6c7b12e33e7542193865f23ed	627912a7883c9af699e6feaa1a61ae3d39d525a7
355a48bf5d1d214fa0d7a0d808cb86745eb048fb	78b2e12fbdd85e6ec956647d6f79cf0bba85c6ba
bef3f28ca1a12567de4132171ba8031989b2a4a7	0f4d38bf6c8c101c888d7fd4c5c4c08ea35f5dd9
ca834880faa7b07cec51fe0119c13739060a74d3	e03346c671bfff4000741a78ea05e3e008098a8b
7391614768a067b7469fdf2cb7c8a895f9d06475	fca766704af8324621a95e9425d57f474dfadcc3
905ade0f00ec21ef952d9b7d77738eff96c12313	da0cd68115264186e69d766b53208d7239d1f82a
6633ab391e47eebedf5a530e6d7da9bef3975942	3d4616746c73983fbf25101b0526ccd81866ac29
458021424573f7050ee37a71ae162c6639a7b15a	90522ddcb9913963c5c28e834fa97963fac2f4e1
0eb0b94f1979de4274207b58c16cc0df18ba203a	761b7f4e12edcec0f51ec6346b1a25db531a323b
a1bb2419722b532efeef33b4e22c73022676461b	1086ab2563320e0da0c23b3a491d8dfa0939dff4
55d47ee4fe3ad59a8aeaf311815bb771bef751dd	2b995ea10a424cd8313cf539e19d25424b6af72d
9f95971b63fb7e51d0a8b30b2fac5047a0a92da9	5e7fd7ad783034806d4d5de8809a892f8ad44788
77afb2769c0dd0795b25ee80674db3274b122b45	338aa551d11654e5c28678d8fce6f8fb4e50cba0
7758edbf0c28a5e5738a048c72688a1844a784c3	b6f7d62bb6d5af880d14262387fd6b06ebab25ea
308255ca36764207905c4b604135285ca4496a45	76880eb46b6f3def9aa472e1302bcfc315de6a7e
9b3a39e64e915c41f4d8d32c06e82b1e616268db	b4c625543ae37f5954a78fb83a920a11307ef7dc
31ff9d79e99d989802e3462674a087e5f2d79985	2f139af2d1950a9821e0d5b8df15212e40f0a567
912befb80e59cd5757a3c81872281b11bfeefc73	383a1824c1fb14d7c3aa6e298e4b58e794e0a714
d4cb0d9330bf69f839854c8abacc3f40f95554c8	d166f0da8b3d87ae65897989e9eb5778306d4172
1f7934a3d99efba7634234b3c59b61ba8418ed4d	6475a5e0367dc53411bf02ae36ee3e614f7180d1
0d28ffdc6852a4b25555f5b52e421276b0fab2db	6548c1711032a1a9b89ad44184f81b96fa472c97
406a0361ae8109850b39b222c81a0f99411ff995	d1c53d21fe392f82d06447b70f5359665c02ef6e
b165766456dcdc6b02219f8ab62716cebe399ce9	ddb757a25c287a302e316a886a34df25b6b04ae0
3153ae825d93dff5fa5c3e93f4e87fa9e2b09852	553cfa1f9f99f4da6118f93d507294e580db00d7
3e537a5858a8256fd0ba7283505eca449812ce4f	f102ef1d948221eae802ec3627bc34c7384f2002
22cd5856ad9fa1d170a13938ef324fae9212e07e	3312b8da50fb2fc073845950eb640577838a077e
455482b32dbb8ded1f5053ebb5a2c32866c2a570	a3fc14f35f610de6d741912e80ccff925a5ff4b9
2f1b5c92ee3e55ab29f72a6732fcdedb19d04def	8947cb243e453a60beb298676887427b59a20ddf
668f0f9688075129d99ce6625b6da29dd470a006	83d3a6d4e1ee88dc6731410ce4cc18add9f71642
a620f74b50dc29e0f3f09ff987625a513cf187c7	71f6a2ab4ebc2cbf3664e35e8be1e2a07e984abc
0cbd56225c29e196f8aa89e96b85096dd558bae8	d942ecc90474c600c30bd00ecce822ac91b7643d
bb038c3b23533ea2e0c450fa5d51d1428fe24133	c3de6a25fbe1fca4d0313109e91b07af28937b75
8f20875515efaa613a00672903c0c3d00af6c1bb	b3523abad54b25347cc6bfa1db5db5eb37b38c0d
de2aa29e554e49a298798dcfffac7cda9e5a0fd5	60dd7ea5c9f9503440861af913dce0f37d4a517d
07eb36fd32745b4fcc12d381093615c0bf1c02c1	e4bc459975deb09e06c17e96df4c4c33760feb77
7080edf83976c137c7694e3a88dd4a8536892c91	3124cdd6619d0b5d3fd223efbb8170bf404eb101
c8c880743f66c6b96d200ea8c0965b42af6f8309	b3606e33a615acd88777ff415bb3d01b8587e3ee
a562a8a53e9f3b6acbf52ca13017a4e331d06629	9b72b352d59a05835315cf9c03c6874b4c339690
56da14ff558ef5193ac6680a18115302025e4d2b	fb61987d9384b391932e75cda2f20aee2db9b823
7fb8e3c8634f19bd90eb6f7d4f443f5bd19c9990	a80ef94f090cb5024b5dd74304d003b462f4a9fe
141e5a06d1546d131a5954bc9fb49dfc5fac3d0b	3a236d9c3c4530715c7b0fac0cb7f7ae2f9fb174
879f408c78e7a48b5697ebdd34a0a52ba0418d36	ca76c5637762b5efa2c8f305d3ce6b5b2f82d250
f8f1b1f383bce160ab6ad49e110a0da7222ad2bf	0bd109d7bc75a92f1247e6728508f3ca62a2d04f
ea637122ef443ce18aefc6ddf0f53a514ceae258	9b155ba467945eb91cf42426b178abbad9949e4c
e9d40d0e7ea134db301e474ee6947e281511c34d	7ed5ef6da4d095616f869627163c311e00894f9d
75f94966d87b9866b99584abb703d476d16e594d	bb3ad9c694004353cb32b320d4da9a5194eb42d9
9c3c0d2037a1c9af888506e7df0d6ec961b04f64	d5adb54bc6c6b2c21ab6f748276c4ec62d9bb650
2e47cb33b89488224ad253b2c5715f22a292a742	1cfcea769faf7364ef683f44a9cfec38a3279959
f258d8fc63ba2a44d0c6e67006118c60db4a1b99	f43fc797d459907bf79031955485af40bbd56a61
7410cd0f298f60fab47781a2dc025a7b9799943f	8e3176b789053f2a25d36ebe46bb4f6dcb1a1ed3
3adf6975e9393e20cbddc298b83abef01dbf2ae9	025b947a24cf4cba30ca3e629b2a326d1d02e93e
eff18d5c4fac1c88b85f77fc7fa5edaf99993387	76fa3c2e5e210dca9da9d490a87d2dad8e2643c2
b9e9020d42ce4cc62dd9f2d99f67dc98204cf27c	53db1f178c3024615c55c0e0154c69f6ee318db7
6500e092904460455d8495951d33bcc3dacb8e51	55ec8abf174c5aa63c44cc6832ea647369cfa7b5
f89952f8a6cf4f59627231b22c163e950ec8c224	5a957fd750b205f38cb3440522a279421f8b7bdc
6e7e29c7acf4fb61b4b04eb2c68df5e8ac9d5ab5	7c3d8cf8db1db985443fd35dd8ad48080be568b8
f0c18e62e753226f9481d17e388efc449bc6b84e	813b634d08d85cbd6f44c29118233096cbb84e36
e6afb3a35f2084ce6fb6999666f0280172d6b26b	d9b435fb62cd15f3ed48d8f8920e569ca6469509
861b8d886425e6fdb86a093f8c4db20c520b0bdf	354b4b040e163110e1464f05e628f8ab1e3dfe6d
1128bc6cba44d8c6007962dfff3a2fc95ebe3356	7ffdc48b49718d6aeee19ede523a31d1286724cf
836e2e59f84c93e56b83c03555cdad432ac422a5	e15bdf11eb4fafb5b39299d1e553e91736b98b55
1c84af7f75806859e28d197d009f2eb9093d68f7	e3bcb06c3eda1c2f43674fb367a536a80f43db9f
db79cb914ef35e300a6111fbd35fc710e1691a0e	84d2280960744117a4575240c2315947d4497b36
2d379592f8148ff2f149295af6d69398c1322a1c	4fd2532b0a05676c1a9a2c8b3446691d30dfb6f1
91ced132e4527daee75f8538fd3b2bca02da8d8a	02ccde6c7126d793496e1948afe71067a20cc2f4
a709d7fb9f4cc58d723b538009e086f330ff5551	e98b4ad449b099c58057bca84bec9c101f8bc37d
242fd27bf9ba1bd5e8c02e9f1c505cb46f9ae84a	d09182614c7778c1e0f51d990635c5d4249c437e
f7eba764d8b6cf3e7e7ac24bd377b34e362a1e3c	6381de7bab866ed28e40be6e0775a042d868902c
bff61b1aa0fe6af0b31b71e4e1143fd37b2d484d	b0c6762bc15a7175a50cb719074736c8520939b1
d816f315c9176f50c26da3affa6056e0f468a012	7425100bac48e45bb4e21caf0c758d09a7491428
6a2453611e876a6b7b576c1316b0956d86bbdff2	d454aa0fdfcce427cbbbd2348eb3a5295f26e986
2b2ca7352b6a7b7d2654c08a94bfe73c453de6a8	a3623eb41adc9cc40eb99927fd744f0c926506a2
4bd412ff44ff5100687524407a6e6fccc8bc0cac	72bc4c1f879d36600afda03974e0a47fabac2f80
33810aae35f0fdcd6f74c30f60bb8cb704a05f0c	9ac1e2ff32f2e2222289aaa1d59eef8df6e7b6f6
1f72b7c44a4bf9bf871cdc103ce4ba9ee8cd0b77	0045103d1423f24cbdecc871d3feca94b6bfb7ea
f3624eb84095dbe878f5897931956957026dc54b	d2a933784cb31ae15521e8e71dca5c1fee77a74e
d5058fc5d1e8da57057f8cafb3968ca37335910d	3f05a37f65318a155e5795bf6f6f758519409f8d
b9c4393b6bbdeb4f52ec2dcfd13f34834e83f582	b8e5a71450461fc1dcbbfe68ff0d1afa8afcf7b7
f61f8b3c3f66e764325409e9bc1ec7afa795b5b5	c13faa8e3c65e860cfaa3c98b2155087299fcaf8
677a94927db6e286145ac6476b75d58e09d6f034	7623bcd19e749b87566f900a8389fe3ef8a50f46
bc9cc705eb72996b0c3051ff76e02ed53e66439e	795d1c28927499a404588651ecf3b1f11534b811
1bc4823ab44258481baeacc01f927614c0966538	6913b11e0a95b06c904ccc099f9d744e5cb87fda
609b3af28e1ca3a9fe754fb475b7503625fbb20e	1e57c06295160f19150f2cf8b455744c04f02bba
1ea26d0838951380ca273bef3b8ca2d48421f5e4	ea464cef8d3c5b6028b04cd8737ce19396d52513
dc8ba31bc75f138ea9125e169dfeac453ba4c3d5	a8e3cd325653e4f3fb5e3dfb8bfe7a85e31d7951
b90cfe4a4ac8210cfda75b0313a955931576276c	686cf1f304b9984c890762a7953629fec7bfca64
fe2243b98cf7536063d063e7c8742bd1d7c5d22f	9fbfb877236ba4c60f56e8100fb5d043dd03083e
131aeeb3e08fa5f00fa5a6630ee2179143180f81	d2fa21d07b52fae2c0d7bbd9ac98909c6f210a14
4e9e08980d1bdd26984bbae4965fb5c0489f4973	d3768cca3602c2949417fe767c1acd88d7f67698
37cd608283a798ed68b1bd3e67ddcf869b72418d	0889ddd001188e9112555a2f1701c0b35d5ad06d
a44ded1a96c834f7febb676ce04f8579fd4d5ca9	f46fbf188ab85450f4bc446ec9f08a79f395dad7
54a761bb23eb17cfa1c12cffef9ed24cf874c8ae	f2d15139f57eb87a7cd4747189f6305846d0824c
7fc1170f5a519c2e6a8c5142e7e0a637d175debe	041646b7285e3bec837e8244dde4c1a62066d0e1
6b78f78541e991bcdcca0dda3364d9ab5ce27758	b990de2e122bcf4b8a5ee1f1d81ea0a45c00bd10
5b460cc381c1deb15cbdeb47cb3e1ed749893955	fe585157d27961725729a868f84ad8f6a892201e
22768302166973d05b786741875be269e5ce385b	eed6a36e5dbd3d4bad883d9d1477f80be797ac84
0c69ea468fcd78594d36804b5b72fd5e18e37581	eb0f38544ce1c2921890a11f9e592d5b83d7e271
9df60332f90761e3c95ef79c9e697c39fe2a7a90	54468a1a2a983372eb5663f395097f06b57cc1c9
8f342731fb0e2bc8f0ac8e26dc7b4b3b712cdd07	8289bbd846e04da8098acfd1554c17c057c1060f
055e21f9320f6e357949f1b98cbc092810303996	49c450d9428c0c10f7a005b69675d172f154e69b
c787f9163a78eff061d7d78022e2bc67ae20b857	a7ee94321681519af0eb28d898c7d579f9f16d84
ae0ec13a262a9d8546eb7c6816b1e788fa221759	8bb4c4dd32490dd8d2602b1bdbfd7c2a42e32349
40f4a4adc5bbb5c0f69a6db00cfdb29d5093b85b	67621ee6ba2e407bdc487dfa2cb15b690de0b68c
03fc97002a5dd33e6f8046ea5a9c2ae61637d9cd	a09ffe6a0f3e45014d34ba0b0e5f3cee485c5972
10e5a60b88d9c6a0fdff131ce137e2e6830ed998	e0be8743f63723fbfedb4d2bbc658932e7b46709
e6dc12fc7f74fd8b9e60555a72e098e83b99954c	0b045288033d970fe648548e724c7a3565521894
7ae02a84c1ab6d9f3a09f88d73be75639b58d07c	65875e6dac1d6380b4dc4788ff22201958d213c4
1b01d3e7336fd049c29353ae509fd6e8c665efc5	4d6fb1d38d7089bf37a0c8ed31a5bbcac1d7eda3
0c92e14ec8fa540e0bdff4b5de60d4770f7456d7	305b930d902a55320f6f84e8d8029dc3493d2b21
e3cef21b0d57dc2ee46040328f267c9c304ad424	bc3884ca919d55a505f67c43d85f0d3375b788a7
0729a7e3d1dcc752012964015d3fa2f7c8a63b2e	df0bf927e4909574061fcd136d9854f37599da68
99d363c517ab2bd85fccab9caf9cb0c2837d2973	efe20ea51ceba14d523276d54f77a52f11887866
90b6166a25f5592db792f0e75cd6b4fb74990b5e	e21a72fcd13c2a33c5fec0a9b47052783a8bed5c
1db98a8a9ce48a1722ff35ef16ffcc9353b39e61	e1477bd06532dc5cfbacfc3d97dabbce42d39e22
45acba66ea413fc5e7b98d0ebdb19ded317a0481	aa495fce384aed449844870a5316ed5b3fbc7634
ee61dc5c50653b0d6eca7d96a7412be1f208eb55	9cd60c28c0608b193b6f978eee30c75c8b99f0df
5648926b1e8127c1ae430d6536b19387d774c056	2ba896c5acd4b615a2d1f54e2e9b0fa417ce28c4
2406b73f88961b0652a852fcdffbc8b4a1357172	1d388547ee7ad30bdb04a43bca4926dfce33951b
8dfb630c7782f28eeb25b413a4b88263688e0d76	e343cec4d5fc75e1fba262fea5faca205f021e25
756a2adc09da1c269cc4877a93bc9213734f1826	d58efc5d013a775f5b97b6009dcd16069be20d70
cbf09f7d3170d11a4fdf342c62cae99f95469df2	4b26ab16fb6d85c2fb35e6ac4e0d75ac69a15509
a2f8b1a15b9383923193836015501d0c12d0a5c1	0e27312eda377c4057e996d2492fa8da2c86c524
c89812bf4a8b078a481ef99910e7c66bd373a049	4e0a953b98b98320b0d8fc0cd1f1871c6c146e81
9c2768af16e956f2fbb475c0638ca2b0e13f0528	27c5b0b1aff2cd77ac367982e7f308377eab42b5
9f5a3facfefba89cdb07525639565e69671400f9	84019b06d9b0757a02d8332bb011c353010bfb09
5356000c3dc614d747f2d519321cd39973c31a55	7fd21f8bf4592303160cc45cbd0dd38a0cdcb512
56e95e2003563f6ecffc6f7db46fe7c03cf3bef4	88695b0d1f64cf5e7a1fd17ea5fd2ccfbd600255
7be556b6194b2c9657865c9d6973111d63ccd6bd	fb269c90326deea9af13e170e962efe51417e383
5666613b7452ada66236e8835d5923564d12f897	e62dc7bfa28beda8fdd93f61102976ccf7812a2c
79aebc4ae4b626d87073b70f30025c547f6a93ac	f295e195b5ac266eba77fdbabb31f3241a349840
4a565cb3fd28c5ea6cd38a062c4ef6370cc42e97	ab76062a4141808a33c07189c46831681d891bdf
4ce4f7d6b2011917f76356576308b8e0c51a95c4	d14417d3929c1e32d22510387e8b5a5c48b40135
7826aaf70b4a3deb9b2cac90be37eee705c2b37f	96c5c276102d4be0ae828458e2a210b98d15202a
a9713b29103cb9cd464518d6b00ff76a97478d9e	91f92bee4971ca5d821014e9197039232880f5c1
8e4026f57cd325b9e10cd1ea2edbe7f1dcc363db	1803471e02e7c967da3309202ef0b85b0153f5ce
f2e8f8a8667bae0a9d1e4ff5d8348d5d2ab1d44b	3de56d344e00ca3586af8b2804500770ee76ed7a
47e11279d96087091f75528f5c8632d0f2ab02f1	c71abbdfb81bc6af3bf7e9e15234fb8f7d06b8b7
82fbc24bb90bc141a698720905f5e5e27e2ae8b3	ed15121e95a3f8a478040a952a4ef5e53b163d42
66e2674eb4a783f580c8a4f88686c6ce3c34cf2b	46c6945da51193cecf480695c1c0e05caf1ab2ed
ed721b46cf3b729e8ae73b45e552ae9ceb62958d	1beb4cb00234187019d5d64428262ed9e562e26f
54adfc6dfa2bfbaecb44604044a0978889966d4a	4c65fea1acb10854a092437c8febb3b5a437451b
8d5fde3eb2df8978ba232a556a8be1b83ab45e1b	8ae93a98e581d9a89f0019cbf3101301c2d411b5
d383a729ebdb3416a0711403541cbbc51b1d2471	6da7e538e122b77c226ce48c1a6b4ecb61fd3fc4
022c6be1f453ef19f969fd966cabf7ab9c7251b6	13e6ba4cb23147d68108652fd4f5e71009802428
4cbd5ec4b4c7af8021982f43734523d9adcdba61	93b7328c3fdbabc07f981e305f6050dca94b50f2
f8652b97a748088c8bd49567c93445e73933765e	11dc5bcbe141be2bc339c5d85e7916a41a7b8f4f
345decbe6160d5b185916d00f1228dc8581fb44c	fa3ab87b1133d4a3a8f0445a76fa9d1ff166bd92
c698064e8ed46e3f0ca18934005fdf806283cda8	9bd9e9a58b65505edbf4aa1a929a4432e7b12d28
24c8251687c1ae4da89eb393d056ffe5e3aed991	9d6dee7451e049af7905c7caf8bb9dc7ebc824f2
de0e8cf887c9a5b5f8910faabb86a1497f5bde94	9c2cdc72030e64aafd8a4d8732e61118df9fa4e8
f03a75dc19151436235bf91b08a2db5de4a638ff	65150f5cc3d5ee593e194a8536c952bb1d47642a
a2ee4319a59bb15c87b317d97940cdc856c760f0	21a1512e6c6faa141ad9a043671562e54375fda8
27cd466ae492b6cbba204be7bb961324eb45c899	cf4791f1ad90d135b68bbc3957f731690da92793
b113b0e469a7a43676bfd6f26b0931113e7257f2	0bc66e5a566a734d90dbd85a24e081b98a075704
85a51e29e74621333df6ccefdcfb55222fd92029	d48236da948f6e7def1cb9740bc158bf362e9e17
4495099eac883c867605d07d721260d1736289a5	4c05d7b888845f7a96f32332ba3a7803e2710fc9
4ffaf20beb4d9bfb2e0fe96f1ef69bc627ce686f	94ed42caf1677293d249f9fb8c82c5284fddd0a8
bf1fdd6c27ed48155f15bbbb5c17934e4d5b26e1	e0c18cc3d4e748f952403b3d2313dc241e179bc4
5c5405cfaf0081643e646d022ba96ff41b18c4ae	0817c25f4c661fd3087fc96cebec1d856af4387c
3bbd76f478246e764802a4afb1a0183c67bcc2a8	7745a97cca2ca7c37166e23b0177e5817c917f9c
e5b4b5e3152c6e5742c6bd9b7c9579f5877488b0	9bcd715d3106665e741659f81880f18d7e38821a
c2e41b83733e0679cc036044c1e1dde044adeb6f	6a95c66bc78cf1170dcecd0ddb94658f7d7eb64d
db2ed98be7075b98b27a9d5dd9c903542374c9de	b5800847aebe58eed71f083bb14faf0a062a3f46
4f4f4d88e15c3d3170da19a5cd44e33c649a0bea	aa85cbb86e99d1edb9a5ed228c71d73067d7d332
c342783b3f74fc65109fb26d4c3541cee638879e	c59991420e79b965b701e3a9e797b256c04eafdc
6f586424378247b14b9a58ceb7e088cba0d6198d	c0304b83625bbcf343b914d7253d85c2f8f4b0ef
be0d93efaf583eee543eb3dbe6e4c5113af95105	d1f1271a02aab6e41674d5c41a53fc3794e1e03c
c653861195865c32f066d898b4d3cf7963f77c95	de4fdbe5534c41cf70485174659a64e2cb7bc984
071a5a73ec73efa1aab55b464c77d501d463c22c	804606042f75e593433db76cc43d31056823bbfc
ddbb37ab70098aae6ba3a21b6b592c3f1ea7d859	53f2db3f97a56375b914fbf6cde07a7d6c62b22b
7c1ad6c539837c6c575022e6d76d3e65dfe3daba	1f2fdec89dd213873e25450e8687311d984f5df1
b41d721a5286cd246d1ccee37a9090106a762cbe	8714c157c91ceea1d37bb2a0b234049c53dffaf2
085941148bbe5135ec5179bb57ac3b14697fd7e2	657fba4ca5fae0f7341862e97972bb27b8a5b1fa
95892d2ac85816caf043710e603d7d439a7fd779	0a69621207cf44aa14554a0f60bb11c70c2bef6b
d4e5bfdf1b56ab62720dfbf3b88c899089bf36eb	58ccf82e0bfc5e724421d2ba03157fe7f0fee537
97baa1d593b711d05b7c29df168fe1d0a0b6292b	ceab24432911a49ec05334b022991b44f020aa1a
607fb83e32e7ab9f2e92b554e23f95a30e44098b	58fcdceca24f113b8c5c2c41ed26e360e81e05a4
a76d4f2a86d9fd40a31328287c0f1a27008f9f14	98af3c0ad63ec4add436d16c21554b3b8b8a70f0
3d9cd78da4499d405c4f1f9cf7bca8fa8610d999	172a9d5e4ed330e54282ff9a6e40def20e3a0ebd
b97a7097bbb6844eb18c67c2c44f486cf424b50c	aba8346bd6c533ffb144258118e1100ff31e2cb5
104402a61385850ff9ba998a877eb803cbe6808a	d8e269e0ac38d54f6f99208dab43568a7c3249c4
41c46a74c026388e358348ec4e303ac8ca7e029c	c45ea8dfac104c55e38e15dd68667217e9b14297
7cf0a8326095657063425af536598effca6c4113	a2d313c59b40fd2936b32c069d98ba3b9f8ac09e
afc6f5b0d12ffca38c66da50eb38ee4af01974e8	15722b06ddce12f2dff7d8abffc5c35ae6c4b8a0
da82d27f12f7f7180e94a939583f7a4880ca152a	d230dae0a57f4224f3ee9e65c231b7e83c3a675b
deca1bab51bb456cc7b8d31e65d1a61fb795b3ce	e11dbf3a8ee6b25c1219ee53610c534bcff451d2
b572caa8484bee153d784619baab824802b3fdcf	baa9f29f0dfa47748c80101ee9d0b1edb8433214
de6b3b323b62d2eea3795c37294d8b60d5183857	55b6e7dbfef9777ad750069b71ba95b9edf1e214
cb1e7291dc12cb9a2ec78bf7da09bc1c910d0b16	a05e05a47ccb2589d561a21eac74241879045fb3
75c76c9fc0fb904916928162630f90177cc197bb	c1dc6cb0fb428edf152c8e6cc600924b0fd6fd91
a046a60b47b53a49f21cfcfbe9e2d91a7befb1d6	432fe1b3c9038600a24f0e6c67e7ec41ae396e51
342655d0077913574e05b82e12cd5c3372b29f83	8dd8897fd8739f2d37785b8e51f64b2c2c51149f
c617c9ccb3746c2a14e890e5ee72f45eb876fca1	ff58edb1c13e0a40792e282b9ecd9a24a4ba415a
d28dc69e254b28456a431c0bc7ec41a47116bc42	79bab39502126638480028fdc85a9d7131560032
3259a69503ec2b42eeceb6df21012e24fc3063f0	a4d5d5990152cfaaa7c56674e5045a73dd36a200
6ba74813e37a5745e5947fe19bf716943ad73bd7	1af14a0237949b4ed17f2c99193087ad1a4949cf
081d4c4839fb1269d924e41089c7cffac11d36e4	944a9986d9985f3aa79c529e3b3a3263d411315e
66658c475c05782fcd67c6c006577ac266487941	60a1e4c86600385257a9c0b4f4c1899fe6edde7b
56cc0ff699dcb1e5128639eac59fcf77102235e1	5d67c131fac58cb6be86b55c0f6bc552b205e796
4993771f075906cef4ed044854f0adf518626472	b9cc87d35a19df6786e850db4d276c67715c74bc
9cca3a52d983fc9b6e80066c4f384943ee7f6a4b	490d50125742b54ffe2693d00a133e815f177379
40acd9f2426ddd8538590ec77c64357ea3c4278a	725e4adc46e11e8dd0589bdbbcd50da977732e34
836dca3c8b7441944c9da65d10b775dfd85fb026	4a14d39cad508f8c87e0b3a492aa4fa052b58ccd
f72bec92ef2d16633a1268166e4d3fbad9b6c29b	8ec58c96f552605841a6234e05c42dbb76cf424f
1d11fac743a8d08a802780592471da1a0f752245	e8450b2e61c0ae698c984e2a27fb664dcc3df4ab
601cb4c13388ffe7364cb90aa19d878b31f21d9e	30c3855e4bb1fea14acfc3e82dbab79030e7455e
8ee9f3bb4d75b684c3575a60bc62bc989edabc53	ccf90aee8a1fb697e88d637505f6a75b4a283334
779bc27c67ad82fa30c40daee25da5c3a12d890c	e6c03fd448b515ca31005d44eab49ae6f01085b5
a81526dcb3c035711ce6b8948955dbcfa7be777f	e0f1cdf464ac91778335c018bc67253c9e0ac57b
b5e693390de935a8ad012a78e70b59d01b0180a2	8d88c6532fd58fb346598afe8c71b3cf548fcd66
cacaed8520b927c66a670cd94ab5dd8f45ccd5c2	3890bd2be7028153287ceff1b22dd5960fc7f281
6fda183565611cdc893cdaa6cd64ca65528f6c2c	6cd1eb9b941975033b1881c38dcd089551a1bf53
f23bc47a7d31aa17674f6443fe9cdd9a4cdb7881	f196b7a5834bfcbe5b1efda824fc51b633495ea2
8bdfbda3538fe50a374e79938284f4cc83b05d71	bd9935eebb2ea3e415891d5c8b70f0df691ecde6
1a02ba748585d5376eda3d3b38757909e57c01b1	0e0e838ff511b92acf2b9adbd748d7a7fd657c39
fbf661d06afb3ec8a943b3bece1729f8f8338a74	0caebd3171e0ceb88cd2e91a5b40d1a7b5721e07
2ac5f6aa610cbcf10ec1a6d4e9d1fcd9c0ea9b3d	7d2944eba9f64af0b26f54491b4cc39bb41298e6
b780700b241cd111a00c6c32c3a2939874afa03d	a5db2feb5e91d45f314ad50edb23a8bcb7eea6ef
31af29d1813de79a37468fee4739d4ff09d1b0b1	708ceb3d29144d52e461bdfb5e525ca24a1bfed7
c7394cd8dbd481350dac487b046257a4f0652278	157e33f2a4656b83f359c37d6286ec676b4d295e
6e03b2f4e7eac8f664d8e7d919c521618bc0551e	1d4fb83313a68cecadfe76d9e38524dc63500f95
01afa2270ba287ee701a444623885c7adba67579	85f5f6cebbb4834a51552753f6bc03906cacdca6
6af69f41bd3ea1b00d3642079cf7518fe1b26739	6a750f4522c943fbe96f2c5ce15f5998e96fee86
da8ef0cc990304f6345dafb8a493fa9f360186c4	46c2cc37c309c62c565cc55ec626fd63c6ac2048
87eb867f762a1357391af0dd6e9a14048cc18613	aa8dd6e44fa7dd21066b7975951a106474e4f1e0
f4dd7803991462df654ea328df4e5c5c060cc2a5	4e94a64dcc675d50a76cad3cee324f350b9fe5ba
51d1ed88b3e2df8039adbd6b15be2450210b486e	494990f914a7b77ce854603e1efd4beca0cd5dd8
5b250c254ccd3c8a5ba68e0c423e0b29fd4c6251	95ccb837d3cd3cf9ec4455b6a6e5133eb8b1d8c3
ad3626688295f52290543ffd91c67ae7d5d5cd63	24b33a43fc4377f108326c86e168da744cb53f41
f9609c16e360cb2d98bb8d77f84b3dc11b26512a	8ae16aa4524f8b018d6012a85e245588124ac8ce
9d4c5011097aa631724df2c18c153e5f8b68fac2	bf4a9edc89c2d0cbbaf5e9a0f1cdfc2f0dbca14c
58312f8590127e7aded33c521a8820eab814260f	78b4eac974f0fcf0530a4b1ed206783952d6c181
5dc9d60a6d34393c10257b25c4f77451ed9fcf2d	a34868468ff169b7692a894df9170fd0241281a3
686b61fae3a5b5a371718aaee55c73a0fd5cb3d5	e392c70b6fc478883afc0f3c7751fe64f6a741ae
473b8495a8b71b4b1cdf79f1a1105ba7b19c3c51	511d1bb3fafe41c0ef35cfd531719850515ee5c6
ec5c87d108bf16117bd34071739658027dcc8844	4273ffa77ef234acb15d3fb9d302aab7fd885c43
d9b347cfdb46da0dfb7a102f75142cde91e928c9	f5ccf746eae2842832013b260bcc5e8a15c3f055
ac48792a74891d887e4a99486d8353913feedaef	b2d90b7d8683af6d1cd894284652e00ac970eda3
a436a834082468f22e0d017db8a32d980c705f6e	e0a78fde074bb59a66300783a9a78ce909a87e7a
cb721a610ab8dc40404ddd14ef896887d3dc867e	203f4134b019f13e105c96c16abdd18edb5dab04
437c13b18b4bb368aaab7d52093878977f0c8347	c2b697a778fd5a48c6ac876e0ea8c8d8af504cd6
31d7a9591289f9c06f649d2a7b044261278ec0c3	ddec2ab28254e834a6bd422465111b3431b64285
1ed9a8609a29b5bb5ec264666a68e456cfc71016	35ff7d1fb46f30a25fabec3e74f15920f020fcbd
f7d7f2af6098d7914a0e88fe6e8a8de727d37725	cba18635c8fc613dc97ca8fad68d0e18159e1fc5
cf4c58947cb1bb11087829eef1e4d0dd9f78e4cc	0d8c7a9c5d513be1ccca1eebaf1d0f166e8fa904
443ec0b7da7b2d3d10e7173bb567704eeeddd6c4	faff3174a35ae31e48ed705c5f93974066cbe3ee
a958837bac3acda124815cf4b334f010b00315c8	2fc1b672cc12caaf88cc575f578af15709725a78
c1ca6168a5eb06c14d0428a84aeb4009b3141456	143983b5851e5811b6a3e490a3481fe065246853
ac667edc621618d66020c665c3762243fb430b18	4afdf4153a447ceaa1393ffdff9f8e1137c7e700
0dfba11f2d2bd062074f0387bf09f3aba08bb4c9	750dc9c3e0903370778b1ea36aa1898f183996da
bb044ed38ebb538876e6241fb0d08ce82040342c	48b7adde7dd954391015f3710725f836f937ec47
bb05b5a832b0be717ec7c70f642fc0a547e95cc4	0585f6d06579ac546604f015ba4dfa8394816397
e51b688e3613e77a8255f379d8d2216a8e0ca3a3	8101a7b0bd633b0f9265e616b7f0b61129913df4
92b489d1e38f5893e4937c6693a35ec440dcc325	e8620587dd67650f5d5a5a1e63d88aed3323751e
f278c27259dd660b4d0a216ad86ea07c76138b5f	a89680fa2df8c24ae411bd582bd01d6cac8c5db6
4d58442fe74cbdf5a925a0e8463653023092f232	b919039c43dc46b72bdc4c4ede588d8684c9f8e1
da5c532b39b1485144a5a37482a9ae3930325b52	9b0960bb5a9e4ce9ab7e042e042e170baf207449
8c5e076313b6feba42ff830253764e49aa7a8c89	ad7b9822420a86aac55b7b13e62494b344620c52
ce3d597cac1a50c388f337455215f784afb822d9	7e68013b0587cd4dcb37c100d1d73376e15a53a3
1edeef3ad77aabd0522d712281e82b734fca6bea	ac427b98f4a15f4598181d513346c1b4e3a0c524
e770ec006d247c5482bffb5d3e6b53799f6969ef	a5fb467db2b63214274840763468502a0c088b8b
9872de35977138276b1f1373f2a8b73ebb53de07	a930356b04cbcacaa5cb9a397e0f8aea340c0f84
0d4475b95d09e390b0111a1dde25da0ddce632c3	5bc0dfa9ddc76b41f1cd4e724003cfa3c8f3a64a
bbc9e2ccab058e751ca89fe707c2d1e087dfb580	743b460e51becdcaf5a5f71be925ef0857ac65e2
63e989993f1a133b0acba3ebb3bc7157be72d2d2	8d8ca282a148f5977190d1bd59d482b369adedde
48bcb8ae8169958b72a51769f1ca8184bdde36ed	cd56eaaba219ce5bdb04cdac695cd8d62ed29a81
6dea6627dcfc055495bbc628b0e5f6b9777c0cf2	e92938364dadbd9e90df8357f5618f0b5f86ee01
34312b2f4a1121d05dc03d66b2e9074ad7fe08cd	1c4614318e2a7673844283cf1f685487c0a152cb
ea6ec1806a937fdd059bc0039478b6ed423f6c66	0f5cda4169998eb4a485b67707b77b9384406a5f
6dcabfbb6c7926b7021d2b8e97d1c92859a47060	d87c9fd24263541cac000e029062ecb4a02e0950
a90d9ed37fc42b5e31d3ed8dbf2b6fca25933cc2	fce21607bde8fb7db131016609305f93fc873d5c
a8f5bd25dd9e7ccb2eebb2ffe800a2fa02a82f6e	3dc285be8c0cb2606acfb286491988296319f86c
aaa95d833b891034da2e56f21a5f718a70dd3865	79bbce3db3e249a44bbda3b1cdd8678566c22ee6
c576ebe1fa9a2998f892806ef443bd15f01ef029	dfd95b2615d24fc9b960cd9f87f5c1fe6b3b08b2
50633d7828f0b08d1fa61b72f6eea3b4f7718590	ab0869c97293cab701ef2dff290568864ce7064e
01652516b404d54bff8f1d54d53936d1745beb74	9ac0539ffde4787bba5e2bb3fe4289d2a294b392
97929546260992e8d8c5808b5657351c813c9356	cb4deb0c2013a703c1426b5c8b7df827f6567d32
345ea9c51858da158de9e9a022d6a5dd686db80c	6b90b61358e1ca5b70805b3e26f6bf3d4816562f
82142f98434a9b6650a874117e4f02d186a561a0	ed1ee4c3a4d203d93079b10d21d224d769e5965c
afa563f22c00f48fa61c47646da343199e4f16bf	7f3ea8dbd896c967eb94886c0edb0f06b0ab1256
4c917a18b4e14d1b15dbf3ca04994c2b965efcbb	12b055989b83e325c859b950ac24b39c4ad331ad
e18e3d04a4ab383eccfba6498315aa0ca4d1f076	49056b5060925f9753fb56e35eb4f3d558e2a71d
ca4770ed1b51ed4e02ffb6409c155795cbe556a1	c530995832aed0e823c2a2af16faf1def7ff30ed
e27f892b344a8880d2bf36330336f25b0d8b6ae9	60d81a73d9f9424d0a45d74d2a8d1c39c81c9f18
673df87f634338bc5ac47ce58a91762b121a9343	e9c46cc35921d018b594e11750d7f356f6b5b44c
862c5c46286dcfeba6d89b9d9b260f1ab216bbb0	9110851af344b187631a8e58797b33301334b1dd
cd1c49cf8cae0abc7b15478a3a82e16e3e6f857b	107f92381b870217d3e0b1406b530f7af3531b02
1936ef9b1d5ddd96ed4f076f7af09681f1bcf8fd	f84129ca79c030581a97641fc15eab119acdd5d2
197e35d478ee41435923e5fcc3dbed15fe8989d0	44fafcef73b71503ba60405754ccc7efd07b6470
15f255c0e224bef79fe636d41169677091bdcb57	a5e09fcd4374d29907d4fc56507f7b72b8cc4511
6652ca4c1d9d7f785b2d14a6e2f786f9b591304e	387b42c9c262014c25c34259277599b7891aa7e4
dfff86e5a66ae2330080d6351c73953a948a3c15	044eb728cbf08ea322e0a4269034ac455b7c57a4
c8083028bbd88ed3ddc58ade55b78d40a4ba197f	2be8a45f148ed0ed730af72919de87e7d22b86a0
21500d3ec41e3edb33fe5209d5525e814261f807	1336987756704375a25158cb34f55ae984045113
797f27d83f1c23ec2d8d1b1e53f826259ec4ae38	e3473d3de09abd198eefa6163dbd13bc980a7f06
e7cce92c4d5917ba82c9d3b50b1bc22e23d2a5fb	bba92146b165249e2b424ba1782218c3bbbeca95
f8c4f81479557adbb40429d49dc89b895d39e677	48f84b31d679bff95787992cda760d8824fb28b0
ad6dbd8ce0b96045b86c3dbd23e11a8429a49b74	1c846df903c9f03d595941f01a853e51d05255bc
b9f7bd421c78975d12117c3411e7ec33d7ec0cfb	0bd98a300f6d4c20551f10e3609e445d0e263dfc
d2fdcc491b07e27495c78748acd61566150a519a	87eaf3ce6efe33d722372c94ac285bf510c81112
1a6d4026c9e91dd5a232f1f74fad3f47f8a56f33	239e6ec701ff9f3e63c7f5f61587d07c58414318
92efba3f7dc579ab0855f15c5f2783f3b8b78dab	5be1887f92a967d8b4feed332c7d8b4b3bd1e35b
2233aa943548443611b416ea825bb4ec53d14eaf	65264afdf9d220512cc2214ea40e6da6ad1e5483
aefb7b9ec7c54d22e7c64e777a195b7944964f1b	fecdbf20de67c59b34ede2ec1ab89f219accf714
53c614a645924d2adb71e3d2edbf1554f65fbcd5	1f030805407349cc2e3671834fffb0ded50702fc
adc2f4d154f0b4a5c5d3dd85365579d727fce438	737162e75aba5619ab811c959cdba13ee8bd0057
7b81a68fa5daa4a004c62165780f34a70ce5dbde	51ce402dbb14469bed8ae041afa7e14751595881
556857ae92218805716e7916cab10b32f689d125	8b404b5a4c0843b06d842e4eefdfd1647c615668
ab95e89f37925d6eace3935f58609b30dd17f54d	3ce94d50dd9bf6c28ca5be9b6869c7365bda679e
88cde95db749f1e31f1f32c81eca059f35637e58	29d56fca9c6cab7fec564d4334525150bd77959a
ae70149f367e50990afe591059c831bb93b42ebc	ab18010ee1f6ff716fa8cf14e857b4593eeaba66
b1a75863f6d12eefd7a27ff2e1e3da84b4b541b6	e69c202c79a772fa10cf7c6d7cd53d293cf3daa3
65de5ae35c6f091d8a311aa69ed8621f227cda95	0a812f2a46def6eec5214183d188f9595b991fa9
4f45b59f060ce4fb6443e3cacc8f4d8fd40212a7	fffe9fc5667aa01e8b2fc482407f50f4c49fb751
2611565a82a39ca0f00ada34d05c5783577daa66	6fdf27a701987869bdf00d75c62a2a7439b6bf9b
ddfd70cec3b81d311eab7fec1fe9e8f5d7938fc6	7fa7d4f0a9cfca39b09e5064694ce26ce14722ed
4b239adaf74eacc2b2d3503343443ce5f9c11306	f511ebc1d461d44758c6c3433691364a11eeab48
f7beecc516abd86512c6e493f861ebc659c64c89	84bbdc2eba8f523d3bdfedf9ad36d10c391ff520
f32f1341b49d087a0dbf596fd5324a9368416a1a	568612fc703a821cd670b05542a58f972da513dc
f6ef28fe4496722510bc7539d28ff4fe86401c92	d78828fd8172884038cbb441e0fef1b60ee39626
a69d859683e83f1317fe600dde7e32a0f1fed92b	f56d9ab94569d46a48bfc2bcd97eea566ad365c8
474aabc55796d7ee9997dcd6cd0ae487c5f7c8be	86fabd6a22d69a77a41d5c3342175e1fd534714e
d40fd3ee6fe6d1e13b87388ca46191e0729a51d4	24a1e7cee4628b9ae191ec10f11846ebf8640632
37dad24d65124e2b57eb60b42ba7acf1bfe17406	223dd8bb1aa53b7dd1fb32b8266c109a0a00e047
a4a5016be1be9d7a066300feb85eea069c76f4ed	68448de7d09a494cecf95dce6e200c484ce9b476
0d5958425845cea782fa103b847b8ff7fd14d255	1ebff74c21fc9d3f25bd8e933460675a6d9869fe
ddafe9a490ee71146fb614fc8aae5ccf2ed37cc4	f0cd3422c11fb44e635d72a8d18ee81c26e78bad
2626c0b2f715bf9285305a6d45fde3d46ae84550	e385a98ced2dd3d3208f9fa3f135ac3d0a789d0c
681d654a974a8bcc98a1fe34f21652e2a6c89db7	670f32baee1168ca35c854f8ecbb1d56925b35bb
e813ecbf604ea425125e568e8c6411d18176e546	2747a00ba240f4bdea02b5b83b85fc445673761f
503c2d8fef12c0ef779ff14494236d9c381a4708	48e76038d017be3fc5008ecd3736890b0faa260b
42f78ea910bef1bfd82d66916116c655de237fd8	6421252d4466033440a3efedaa18830207a7ee63
8d7d29c70adc1b69931923d010db4b8d19704b98	216c4c8bd435974ade4b1d56fb00db97a25d2357
8802d435d19093641667134734da0cd92b36108e	5841d410a198c5fa7936c0a4ab0463d4c6928cd8
726d969c1ab7a67d9d37aa4ff84055c2ef340676	63c8207d7a0c2f333ddfb65d57d4b8d0b875f82b
6c5dfb5749f7f0ecbf1fd81577e07c341d7df612	54ed58499d7063136ed52dabf87d179d252425d0
a7ec68a8d214cac55183d2a0f566929f9752a478	b1bdc18c85c7ede4acc776c97bcb46b069de5bac
7a1ff9a1d8efe0c08e19b8bbe071696e75e54557	a38030cc0b27ebb7dac95369c63b0c16ce157023
cd282dc39f828886e8982e5dc7e497706d4baa3e	4626aa2cb07db5a453f689cf348ba9d327e07820
7b39d137e53e50b23887b6582c2a7b6abbdf8cad	5a40b673a4faa213ef8264755b83b661ca9def36
bf24e28ef434b20209b346812c883cb92d3fd2e0	541f63fee47611971b7329812b155554ed1f6703
4b618ed9657253e37a342e8fe1532911b812330f	5de6f4a14f8cbe594405601482e82477ced56495
b639fb4a6b091c23b6faf15a4ce5c63383d6a441	5658830077be0607d769c2a650b56478fa491414
090f009fc15e8014de6783e31dc0bcf71783ec27	0e50edc009b26c02d3b08014e36971c3d59a4714
46aa9274e02d7b11c2f6703e47d72f5f6efd1dff	444f45481023f6e8851dbcb294f744629efd0448
6a9caf15d891b8218fd855bf4543bcbf9725cd8e	d0e1fd6c7e1ac8e834e8900e5d7e0ee4972da4da
f603d99f53fee2521b6fc96b8e041fb46da6f31d	17b4d1e010b9d91236cca9621158f80a8d73aa8b
85400ee87426017d3ae6b493e5b567324f1be83f	06791470c901d94457fb8793e4ab148c2e0cdd16
cab2ce18d0df14bdbf1b503b126b5cb1b9b7a9d9	ef14c8ca0ea5780a9b03f1b47b85b565a5b93fcf
1a2d6662d85df5e38a50510a336af2387dfc90d1	36dc883c7c288a4cc5e5b40aa2c9825da239e44f
10180ceca6c81fac665d9eb88adce5b2a886ec9b	6557bd70296f308e2585d1fa4dc4f8532b748c8f
976cf446ee89242632f6b6d383f453974431406a	41b30c91d9ea452c02ec541ef7c525fc4f4c6253
e25806e5bef61e1bacc7ae2699f532785ae242b2	0f767d5ce155bd679d5e1949304a7c0e2fc77ad6
45628fe607bcf6a2411c0deb5959960d8270a300	328a6de7976182700aaa4f7e2c134bd568b47d88
c28419f38f2f14751f19f95137f448cd15793e2d	886be6414d2da4c01c2a84793a4f6457a52b5d36
d9da3125fae12184523909c7fd2ca72ab2c7cdb8	9362d3cab3c04107ab275e0ebf95011aa204d9a1
6600106a6e2555fd91c4af4fc3fd3339a19641b4	ced2e39dbf0847e02261e8be18ddcb002867a21e
646432717069da78a57fd8aefefe197048885c2a	2159d8877bc3558ecfe1e72fef8851c81c2c4f5e
183e7418cedb8083207503c7bb2062402680f534	cb7dba3effdd3526c31860257d44c2699745bf11
313a356e325c27e9f85dbbfeda877cd98c510fab	d9d7f7880dcfc262084c4c0da270a920c913cb68
d7ed46dd1d01e9b97dbe11b978031edfbe0c8d0c	a031aaf2c0fcfde3e74a81b2b4eefc52ce0d965f
dc4118bb44ac352722c98780923fd9488ceda8cd	4bca9517733b9adb8b103303fc57f7c4196798a8
081b513a5dcced8b8f60a7ad515689b27e34bea4	140735dbde7700fd053d938399a6bee554f3b607
c027f96d6769d9c5d2098abe76ff44ce4b5cc2b3	714a68bba1c144e9e9434cbdc1f490636eb5d5b6
d8f583cc2235240ed21d9e133ba85482bef47e66	573c6179ab4fc1b9ecb8f049299bb1dfe8babc97
a0dc67263b888ff649c4be9651c6998e704662c2	510bf05e3639c47c690d26a08086cad561e9ad79
b64a1da82406dc03a249df6f086a7a0805c0193a	ae852e0be4b9f837d26f0e2702e30ca8f518851e
c0dd9360e965f386945089702e5d2efed36bc178	1955002ed8e71c5393c80e6f8f3fbbf698f2e9a5
5b2b17733deb78b2cf6b656cee6274086f4b0d2b	44559fb7b92e50bb4c45002669782cf8ef6d603d
e7d16f277b1b744ff5259602d0fe7db12b99b3de	0977c5cf73082ad73101859660ee218b1a76856a
25c77c3feb057caab34410ca40bd0f54c19adc27	07697bf931d53c2dd5cc5d0ce8785403b0199783
ce999acffd96eea88505cf9b9ca48dd41739ba90	5d1d1a14564748fdc92bea82717b4dd3f9d76fbc
67c6fcdeb9993dea3b90c52e7016b8b950643023	146383499e23d2e27b065f6577e08c634e19342a
7f116b9eeee92e53bc43db7a9802b5c9e9941ef9	e81a76fdf9835bb653f26ae54bee66d6dcfd810b
7bc165e9b52f84b30b465cb10ff6f559a2e3fab8	de13137418a7a3217a7f6f37f6d3c9e261e74da0
52fa46848d49c284e7b550774594358094d968a7	e42b818c2a5b8a27a453981f2c12073436b7da73
a1302f2d8be2b4de977b31e66d38ad56cd721a05	fcde0c94e01f990b5d67c16a2382032f784a6ed0
fcc1b9b4007fde5c378449f7420e1ef872715d74	1af83e997d500648f3c82fd3eae4e1b23ce1329c
9a0848b987d8f80b0175b8b7f294e34c22ab230a	59ee7be72a5f54df799dd2564b2563ae134fd464
08846dbe869f5c42698b2d4c25dde1fad9aca9bf	c331ee3d5cdfdba94415864e6418b1c1c0192f91
fe9166058cc18b6d4d69c72884945ad1497301b8	36babe4bef39fa46a09d1918ede9426051210110
eba09e53f0c2ad209640feecc8ac317ca58560f1	c5f2cea80200e2e997f80c77c3fff37e9e82852f
999179131359d266f82cd637818ad6acf7157907	8a200bf91307a88bb840e149d8d72ddceb4835ce
fed074f30792fe75709600cfe9fdf0d9d494f89e	f16468e74f5bbb80773344b62beed13eef31189c
0ba8860bb24b168a4fd1400ec5bf578123ce0d38	79c0b9f51d3f425c566c6a85c94b3a0472e609e3
34c1fc220bfdba564ae48ac4c858838ebf926cbb	f98a3a4f653b848516ec6344983b76a607430742
e5e2610caf6c4290903216e033567c1b39cb8054	b14cecaeb2c2d00be4670f2cdddae71ae0394e5f
21742fa9c449c154f4209cef2d8988ae8973d1cd	2594745ef873052fafed12251fc09dd5bda529fa
d93dfc49c297099158d703e3372016c39b40fbc1	cc3041322e273fee324b9027804fabce10cbd383
64dced29250aff209577f666fc389abfe758f389	f352f8448372647d5795c6af484c50165c95da30
9acb71e25bb10ef0ac25bb8184186d5067f20018	cbf48e9b8c7c88330c939ed5a30a8e6842012721
292f733be0bd36f56e78417396c6514fed2c1740	0ef7e8eca2637e63ce7b732d89e00c93ac4ef9a3
80b0b71a446dda585514d511008d5d6ab6025805	1a18e43a88a230ec636172338403e77a1b651302
12aceb34f96dcff55837d57c48c539b034316ef9	6849288d6d4dd28dffea6fbdc67e206589f59475
32658bc8b07592354bdca08f7242f916c09f2bea	2edfed7d918bce9fd94777f9c50e48e0ded52a48
ce5acb3f7921f105e7a12f19eb48f350aedb83cb	30c069f5b714a9a79049dbc488e6634ee726e810
bc270ad5089e26b0d1d38d6eb635546ec8c98237	649163cb7bed04bbcb118388da069fc3e5479fca
922c4adb6c32ba553af789de64d86b103f26e776	980e96250bf693bb8400183d6a05665da8ad9d03
cd3452a1c5714b76910c43d970996578a8666095	963bc4b6475a62269c5d65a36f139fbab2268852
3bedb30540c323d5a152b89b09fcca06a9755c24	031f25c1c108e68820fbf292a0d10d637ef7d202
e22c0fbbb07b1152de86b21f5bde0630a0497dad	b40f642fa4ae25633426f136aa2e5d25f985c991
939b0e9733358011435a25f298251b99abc02d0d	22782ca6fc26c647a4e7d09dc71a4e3bb328ec3a
5f8d8d7efa686c3781e71300f58abbece3b2edd3	1468d83895502ac468b5dca99f188a007ad1a5d8
4ebf2a6b2ba629bde8727a7f1415c970c2c13ddc	97f0dc8a6060f8993388cb36d357668731475f38
5c4238dedff99090d9c494e591b9a0318990f9ec	ee02532ab59ec4581e23b8a5e9e4330335c7d1ca
f374895207105740616e5a0327df6d7986036381	f1dd0dba7881780e11fa7d069bd9226146b34da7
5bbd4a6a66677592e9b1be26edc2a7b24a5fa24e	f4ed684146a4a1b9ad864dbb5888d4407972c3b2
824a73e1ede65a07a5c7118e4957d64003a1e4a6	83f02d0bfb16c932b7984dee870e1dcca0a582ff
2caba739a72ddbc6341ecb57aeae086a35b83a85	52fa5f20a3ba526bfbf721f7d2115088b939517b
5a6b17645d622206489319d1c6685b18506bde8e	f462ce5615acf9fc9c7f7ba02d5835a9159bb405
1dd4ed22c71e1d57bcc9baabeeac643a2a086fee	cef3e538baa3ffdb172c2c9466495a564961a032
2da80b197173668e499b5be2ab6814474f3d7c15	acda4ce985f27f87bd127c6a6ff2a66360aed649
a375180574bad8de5990e4d3e89915b347f64a8e	354ece2bdf0ad7df82386c81369463e185a18a3c
541fc20944324ff67b2494a16c7d72cab35b1394	de10bb00a9cd55e8ba41113ea1ea00364445deb8
eb52818fdeaf6d16e8f980b90304a8abb8340a1a	fdc181106de63a324b7e0cb936dc7da1079e9dd7
f17651981dfd8e4e98127a5df309103d7ced5e49	8752b631bdc40d49394cfe2eed54bfcd8b0e3be4
bfdd3d0b450019ee355f48571d374ce0ae50cfdc	378e39f70cea36033f716f85dbe4ec5cb57adbc9
5166e55be039e7c05679d8b6f7d281da0fd8789a	043a2e7a07b111ed24b020da12980021a90f88a1
b43a045eccc437c06ac750cc8de91299045dfdac	7e190e92ca9e1d3a3ca4a2f0ebd89518f9769c32
ace99186ab062ff7b863fee7bebc3b9d149105ab	5eb318ba061a2c4d2f6e822862b763eb1a9c50dc
e2f30ceb372ce4d7e44bb3d85bd3089fc90de330	4a209f1afba2a165cd649d1679024cc976a05681
d911aab1239c304fb2a029de5f86864b4848ead4	c0ac3c748ceaf09f387fed246204a1535b03e5ad
56735860f39112bdc0a085dc246674262c198cfd	a65d3e040a11582c33f5255e5e05ead97f341b7c
3ae6c5b8f05e40deb3d05c09ae876e6cbf759cb1	2358efe44a945279913271988ff86284a0c15e01
78e7c79f75315c252207c5d11370c672b7456ad2	09d3b8f2c28386326148dbe16ce0e81e87e5c7ca
46cfe6063351b90405e63932e4a8bcdea2a82a5c	531de7712402c0301c2f8109d46e3cee32119c77
f81a2ce8a12a01ad20283b5cbfdc0b18504fbb26	44981fd803f17b818f68aea1f0970ba9e100ad0e
a0661142fd4c8a395e3e4c6ebc6f6afa6604455b	4fb5ac292b5c90e0e4a15470ff982b6af76aeb67
1db268698cac3ec9048ed44e7e3d24818bd830df	0e23a3d7c25b729be14f72e17f9f5d1c1cf03a2d
45d824f6c4b8ee86b0f3c11fbab8ed2ba8dc5fc8	76ee64ae501fe9434b0c2ef03c67ada60102eeb6
47fd68249bb6b10e3609d91b76be22c7e7a91637	e1dbcccab5c4c39107127eea3eb838c7895bdb96
1d1c93a33da76032a091f48a35c54d83a219d5a0	fba802effdfd8bfb0342bea6dc47ffd6a37aadca
26b44f02711eb840f67316ff73bdf19fa8e3c6c5	9495b5677218ac118c30f23cfc25ca880a0fe08d
e564f4acf7b4b493b7824459c12b4274f5f08a96	a8434b176f65fd816083788a4b396d4bdf9f8a72
906db3bbf62d1b11d83e5c48ceff177111e9503f	ef0004400d34725ef9944b4a4a2243c7e87b0e5e
74259a5ee2a975c7a4ff458c0d4f2b895efa7cdb	0a63049845154cbb07737e76d7825bdb91c0fa0f
80b9be34519185eb0aff1b31c32d2d806ed06523	2dcb86941f5db01bbe296acae555a3b1f38c0441
0b3b4604edb8ac3ab9ea7b8d1cbd74044e940228	5c6eb89cfb2ce9731c44940df32bc02d4482ca01
266934fecd5d2ec685d6a993476d2bc43cb60769	5b92eeb3bf027aed2440a963af345acfd9590a5e
018beb3d5a7fac2bc81d54f471c518bb7f5ae860	3518ce083b1f0907d0e1f0746c4d5c6efaa371d2
ab90231ac1ca92a448ad6063aba097197cc0b998	f13c54afc12669f1530e79af54dcbe9aee3101ee
361290f58d7f895c3b60476dea08306bbb725dd8	3388efe65a01b6316186870f32f312d94fbb8198
2124784a6a6723a41560386af82e62c27bde5d42	a11384b2866129c0d1ed1160afb940ad94107785
fc5eb5be5d1fecf5e4e2521052cd9bc3c7484494	9dd9fb27cd6e6064db6de8dcfb6c12af8fd82bcc
ed18250da84ba8d75a31a3d2a57416e25b4cb45b	0f2035149cbf7eccb03887b376bbeec29832900f
12e46afaf73087e6d4f28f9bac67805b520dd033	cba364204a7d3abb099408f7b4e21415944dbf8e
7dd5474c811d7dddc619269b0c1098dd3aee774e	4e1778854988099290388a8dd5943a088cae28cd
25f5a00eb1b757365ac19e9dbb4a9323516767db	18a67198934c1c8854e5c4b52e1df7719351f3c3
bdb4172168df3629974b5290414c2f238c4f04c2	687343f6ca436bad270a1b17e6e71e5a3e4b730d
bb117e8bbc1eedee21da7b1d33c923ede63d8b1c	e061538c30dbf634de44703fdd6d36f3178260d3
46891ec036f75a890fb551ed9ba7a84fa4672fd1	a6375c753096a8385e33998509ee0d20a6526dfa
18a75355811edee3d3ca17ced112d566599c232d	45fa18a2e3b9d43f72cebff8506ec10f22a4152c
cf3f1b5ab30e79feb2137dabbc58a3f435d7947c	534cccce919b66165eef3cbaaa8e6d29263c26c7
2d6c620c6603a198cc8ac8372234c5a8f1fbfe88	72dbcd3ad4029e71360137a98480b1ef15e5c125
08e3f9f3467a8e7dcdadb46b5b2ea7507acd3351	5533094984a5c754ab8a18f6f1008dc5ec2c4be7
7c7d56210380709e2e3a89295a25f0b35e572e0d	ae2ecd600271e49b5969b78ac1e8a2339ee40f69
8e7e96b084701c6fd72463be5ce8c0b1702b95ea	0098a2adc55b95402fd97bdd053a28c6a544dedf
7b63b7a18d2cb53214c0e3611d9fa5b73df44e07	c0dd4a3f075e66e309f0c3eb32a1e0841af3af6b
ca9fa90b027e6b3d63fabecce034341759f46766	497ddb5829a1a042ed926933f9b797cd9d0e8667
51d2c34db38219e986237760d193471fadb51316	811ff93549844bff11013c333468db3f30f503e3
ab7551290ee331c1f0792fb1aa0735391ddeb543	96df69bcdcdcd0f28a52647f129bf150005bea0c
f11a0acf7a493b214ce0a89342d4ae703359df3c	6cfa2b8b8670cd99e4e45a17f38f38cca2b2a243
a668e0a9a8a962e0be3721f095589dbcbabd338d	eea1e701b7f024042ad4e500c683f52b71f6d28e
1c4350ce54a2a25645ed942504d5c817459843f5	455e5de74de2ad67b18f77e956c2988b950704a0
4806094484c1ba3338b6a9f23a94488319b47083	9533031891c08dd24ff55b47dd006049a40f1d00
def581fd0a49d7730878c517fc0da47163d65e8a	80f8ea6849141319629c57ab84d932dbd051d394
1ead0277a76f26d0234116df474ebdc42d4cf3bd	50eadb00c7b33a94b6153a8119f59af5642c3cfa
7ba13515b2362eb22d91b1d7b31d81b4acd005fc	d4012bd0b246f6ac0345e7d34f92648710e29ada
520312fd656cb59848d247883f231600d6ee7369	a902e9f9f6b617629b237b60df5d57ed2a54daa7
f081b2aa61d317eab36e10589a33422514c0ee2a	da3ba573d89fd68ae3acbcdb2ffd67ee4f12126a
506445093db0a933c11d0e062544db40ab4c0fc5	bea9048cfe7093782cb1e2689e9f964f70f00a9f
a618e9f42d4b27826561deaa7b5c2b485258aa25	fc0f5ed83a6adff5e1911bb270b04d6e054361c8
064c6abaa25e313a2cd79ea2a48dba8451650573	c0588c30d753f7b503836ae73591ea5af195bf18
1c209b03496d24b6f8258c774f208e3d814bf6ca	24c940c51c6013586bfa22eded1e59b63c381c6a
263ffea9ebdfdf3b3533445655d42680b7413e05	407ee08d8a259ef708cc092bc1cc429c3d5c53af
b8c54bb1dd7d13c3dc33a93120f1d7108b4f161f	756585fb2a0ec0b1452f741d90f8b94c42e748d5
fa30f7ff36a30d36365ae56baf32685d227606c7	5662784afb96d094db7f541de7555ede4dd7a88d
83eac235f4d618e43ccf3e627123edcf31e4f393	38019017264db8e6aa7467c96acdb1674b5d07b3
c25b9ee293448a12f15e5b4b89450be10e444845	7d58174f1ffed9db1f1b8bf88482d1765e22b337
2e911d07d6266ffc4679fc41f88b056906d8bc39	d339f850877ff80afa3c2c18c07e5609bb9a5e9f
92168cad4536c13ad5b6d9fb072df526fef44311	b6a114f7f41f30b8185527ecdc4e6561515709d3
2595879134ec6ef1fd0b33812a8ec779ef924737	e586ef070eb041452d4209b5c7d9f22fa5a0d71c
651ae672b31faa871fb470b13a72ca7a2a4d9e3e	71a76e9ecb63d617fa0019faeff838bc2c5563d7
88587b56527c35b4bc6488193ad9dbc22c389df4	1d664740225f378bd864573e5e381e1b6041c124
cd59bfa3b9c0fe53cfff8f02e6de55e2cda99403	3934e53476057ff42e0c43ee2e72b77a7099e597
3c08791bdd3910103c6e54c09d3d11ab47ec9bd5	0146fbfc408bb1a83a5b8ac03e7b7b99d2365fa2
225af2ce06337db9117f5c223904a589052b0069	6ee31177559958227254221a8644975b95ba686c
24699aced311e101bc21e5e545947aff4b95268e	e2440a569e9eecac3b8c43d9050ec2122a0e871b
3bda27272889cb7158a4dc2d54ecad120f0d4a97	7a1eee78df6bf1b856107bc373d08fc8336956cf
ad221f7ef243372c6ff6e774cac84443fa84d299	e3c8c0705ffbc8e3ccc2d88b97d44d0dd5f70f95
b0d673df8ef772154f4f16c09c2c57bdf5f7f2a4	886d4273374cf6e9e4d873fe0975cd66e365fa4d
6e66638fbe496a06628a7b6456160cc9a7b2d66f	d5432b4c2728be30b58cb6014a25516c0b45f8b2
d6f4331c5ad5382fe67f8fcda6982f151990c922	42064fe7ece2bca14eb45154414463bcbcfb5f0d
78a1423d8928c27729868415d94f5110223e0647	7cee76f9a60541fec894bd129d96bfdbb7ba13b4
7583ec19123eb346a6d31143f19f768f71c46dec	ed5b2f29971496a3b92e4bdb11151bcf2c6fe624
0ad334007be99288e049ddeb0a5c7866846cdc65	3b480de38a8305d006f81580aa98a966c0141eff
c9c60cb7e39ad727cb7205537045d97dc08daedc	f990630cccf6ad85e2990227a588431a950de66f
8afb11a9add14fc695baffd6e1bf0bf32186df02	d33614d6a0a780556f1182805964c6daccdffc3a
111f3140fbeea4dd659f867acc12684c022b71c9	b3866bcea0bb8180c0c6c054acf09408eb1d7077
85543b71529d635b778ce4fad5414651aa6e495a	26ec73c71b523335ab7788fa29b7bcf5003b7ed2
46a0a0e98b2e362d293520832fd14a076e2aa325	c3403c5413f92222d83c2fb475eef795c1329e96
d46b03d41f6404d330b55c620d173cd8a1bec964	3b6ddcae3765ae1ad866a2eadddfe5e249819a9b
7787b3f8ade0ac86a0698e4e1ab2e3a895c73e32	dbdcce20a8aa30dc66b1e229125e09bfcf8a335b
6f653be205919c38b3df49af34146b80762cb15b	e7ef1b2368ba371c17f5e4768f9412da6e5987e5
ddbeaadd731bee8ddeddce296c2ea757bc788f50	ce32d1c2c3f45b3b68ec6aadf91635c6efe7d685
2940908ef7dd35950959beb4faf1f35ad05f1914	596b66f3977e945f91c08014a609b66b1ae5ad38
7a9406a0e1fa2b1b1f468e9b65b59efd538984d7	d4fd43cf6ff5d79e5b708e3deeb430e3487079ff
140ebfa94e133c3772e6f075419cd8a17516d95d	6c377f16e761384d461533744dbe7913ab697f33
3af28dd6006f64e44b36d49ebf944877f2d9405e	349db7baecb0bd2f63b20014b51c1d40787085e9
387e68e8097d810a8c14e35659850ce612b4b969	1f3097da007c83921fb09edce18dd6703ff6d7ad
8792b9311d8b877200422fbec86454fdbd03b486	0b4b5e6f0f51671fa2ef8db1cb6237dc2eb07b08
8d899b229a368005d05ea2dc8d444bea63eec6f3	245273e6c1a1ad8c3b1b1f95d93145a49400a8a4
f8a069f346e105b4a5672ecbc20ad21c233d155e	54a0004de61351ac153cf1c5b91284231c530e5d
f3d72e314edccdeb79290aeb2c0009eadac60184	6a211f6ed6f587a06838e9cf8b27dd0cdddd05e4
534f7d099418c0d48a427cb2a69c64aedddda1ee	aadb44ebd601affc9107b54ad3ad8693c4a1fcfa
706a8218b1b038462375cb272fb02a6b54053b88	9b0db6ab15f2ca93d840751246ec32067a59279f
14578d287c2528cfed55b28584bd6bb09996152a	5b363c347f9650f5eef51495206efec829c7f951
f5b08cc732e06b9c42c801814fb6aa1c3f70bef9	cdea3f63d48194d176da0ab3619234b05dbded9e
289ee86c890cad9dbcc2cc1d6cedf4d004ec7e5a	40a6260f6e978223962bb1823c086cb047dddede
ff067773e94bbf5e14a876d542447bcd335f6b65	a5e47f4e0ff5be60ce336ffc2a19bee06b05598f
9b0aba4fdc899d938968db9928e94455af23f794	ac7bc587cbb5f110fa58759f8311326f08e51be8
9c8c3625fada81f0af150f5d6e907eff27cab107	4e11a3585a0a190ed816584d6375cfea37816af7
c1f5bbdb71ffce881ad8664d16a34026a1f0cfcc	63d3e9f6e53e597b4147b80d8a7ab4a00ab0d694
ddb8edf3f9a50cb90fcc984def5ef5a026975eca	d115e36ed8d9cff439a2f8ff99e6ca438c72948b
ddb2f47c04bdb33a8c5a09a906efa05c7e2422cd	af56b1a950518d5889c08d321243ffebfbf61680
5762c9e327fc14ad6768aa061c253c4f5d2b1727	f9999a76fedc6bf299a0f42c5a5f582f673e16fc
914125ffa27c66a7e2fb652b76b4ce003e7847b5	42eb3841a114615ead694c0c3419672bc08d982c
689f536bd6a1343e77fdfb6602a076601763d7cf	fb622ccbdf44b13b3009f8223c58698091b0bcaf
f6f156cc82ad08c37f0d18603f51936119048700	d2dc3ddf720f7946bc0773817ce81a228c49770c
7db2eab7ebc4528e6b36eee289323c7b0584fbe0	e8499452f830bd23a28fd09515aee7e574dab8ac
1afefb4e8b69c628b6c28215581cf2120e7e1cfe	e0a6b31c03a604a877d735cdc422b7ec37f7ba19
78b92e87675a3f46a9a4bf17d2f7777002b66925	7c923209ad19579dfb5c475a9140d0eb45aedb51
07e131803b67a2f27ee4f6c1133fc5b0f07f0b54	bca2bd2fa1aeda7db80fb703c4d3f45c97613ddd
bbbe89d0979d6c6cb3f25eea869b9a3372dbb042	fa99ca275795f3c77bfa2d789b5277b5471cd0fa
cbfcd4b99ab968d667bccf6b76880fa32c804318	7073f2a272cdf7d9d33e25857833bd2abcfcd77e
ffcef90a0efc7e5831201fbc98f135a9d2d05138	390e30ae7b700e01adaf728f507e9fabc5606660
80b2804d1538159197fd0bf925c5e5302f5f2a43	23cf8c49e090b9db71420717acdebc9e40a85c96
cf53f04f126b901df940cf9590b26ee742f245a4	b17a024f6ccbbb671fe01f1a6bb79833580f530c
095146af532510fe793fab6de48501e816e9cd12	1ed21085bbf1681dd6dd1056131d37133c6ed011
e3c26fe724b61ef3bb6b1c0aaa1a19c872a24ed5	56409ff2696a6ba67bab7f1ed3a5ea5a3504e9ae
3766422b16b5c3d36653623221f4735a4e6814c3	0c523980fff00e4197cd027c0864c90ef0b2b4ab
02a33a4e76103c7118b9e0a10e84bb5f654b71b4	32873d06bc275ea833a2c564dc11cd7761e3ef58
53a61551d5265b6dbe8133b1bfd8f4c8b6084491	4accaccf777eedf3d8851bdbb64a6fcfe2634756
f1fb1de1e1d35a2e260404c92e7a34333ed06f5f	ff416aacaf7ea85056451416902e6549f529c122
ba92422cd546cedd3ba3a3a434e40299851b1b25	b97947e8ac6ef2e931a4f3dfc47e9854e7b3c6b3
b7446582fad8bced4e679683231337106466226c	dfcd9fb8c36516306cb8fecaeca42b538a194f10
3e3b8ab44b379b5384d43b1079a6a0be2b076f38	803811568e8f6d71474a8dec27d5c53c93c97dd3
61c28026224177b4674d45d435f4959cf800e403	50b0bd5c399943c61843e33102f6611a10f0af46
7f7272e47fab9b5eba0442a562774ebf3388a5bb	2d02b2b1cf1253c4f7376c3f1391e23c1e1d0ee7
11f504838b49a45432ec6f9c95f8f4a75ae7e075	456fbecf16e4101767b635b877b98888da6716fd
97aabbccef66987af4ad2a519e84aa4f8148d698	668923c3925f2b467f5a27ae24d1c0ea150f8733
d7491eb1d5a745d0c312cff5d5d6952690815169	c51e9cbe062828eed03a3bdef19ac3ce64b86a47
b0fa430660e80789e4ac036bad16d336163627d9	60b451e6cfbd73793efa1b704e3e84fc413ac233
a6a1d9835d681395c55163f990801b0cb2decce3	3e35390d8fb8b29a0e4bb805ecd6e5a4cce3c10d
5cc73f83c6f9603367eea1f801b95135733c55d5	f2dad289fbe029f6d9eec532d961d60cc23fd556
f339fe26fced390dcf41863044bdf822475377f6	b4a8fa59f5ac1de57f2bbed21995990a1dd25428
5391bad9a840a1da14d685e72694de54be6858da	73de2a7d071f90b158c14b95141976d9b77ea20e
e8aca95898fadbd54fc66a7a6e3ed7b9572cb2a5	1699a7ce3371c87599441304e519b59cbe83a955
f57b7cd9cb808fcda823af78ef48d62ad5674109	7743c6e881d2fc681aafc8000b1561886ac85ec2
88b829ec0226e6dc7ef3f4aadfffbddf420fc3d5	9a5f69f4352a18d15124d6c8fcd20da681fb9942
27063a9a5a9ae0927c80414df32d02b8f086fdf5	5c4211e849eb2ac8b68b65f4585ec783379b817f
4ba1f64d9146c8320bcf0fd07db58367ee3d76f9	c1189e2a7b1f39cd341499fae536ef31d7d6561d
215f940e1063fb5b0063be2a7a77a15e0e2a7bd5	f18889369f9d47ac3a4033c2d07622bbb51a45fc
9244785520ed1ab71bac9ad146f7b81922a48a60	91c7b638e89fa32d5c84b519cc387bad0f351035
a5b009e2d2f37402b7a535c0a685b2f00e942f6a	6f793a0273cc4252ff78af597ee2234ceb36c1e5
2dead76ecd4e6e244a42c42545263dcf5851a269	0f6c417c3c4bfb70f8ea6ad26937e179e6b74f63
2d1cfe1b7e1ce8656c0f7acc949697b2a4fc06ef	c830e9a634485c3c3884a68d11dfa09fb21eaa2e
0814c0c01f8299f7b29759d114acc012e4c8209a	e809623ec9ddafb071919ded955dbe95e4c5545e
dacb1a38268bb5cf40a5525184036caf64a2f8ca	061276902b2c750be0ed8f7b55a83b5683e4c489
4fabb70878f598ec1c675be13f86b742ce2937a3	fa6f7d396efed54b636d74ef28b49ed61e5fdfbc
341eb6e7a60d6c4604cc15d7e3fbf9abc67d1fcf	23666a92306556aca3dfd8d39833f1fba91135e8
e15d865f4f97816d0c675f5494d1e5ac6eca5be1	17576e9f66794ac97950c3ae4791d0a7684e599e
e61b376ae9119fcfb5db76ed2531198c41a87903	90ec9c8bcb4aeac2061cbc80943f2fb13a62752a
3dfc1a5c430de153b9fcbc50741bc700864d21a2	988ac62a1bbd5c63296a28c472fcfccc635f618c
cdcd73765e442e0cb777a88c2bf4864d30db753c	3016338e34601dae219478796b63c2fabc8e3ffb
7735aa370c291ce517941fffefe2f682839b69d9	bc35aca01704497c179da1a03e45ad8e32f1a51b
94bac932204fd064a8d5c61a379c81758ea167e6	281d52a1eaf6365c6b9750c7a1219d3b2849ca87
3dce017fc6e5070f6223ccbaff5e339fb607faca	b8502759b5025a0bd83571401a9efe0af3b9a3b2
a2ac33932bb77cb9bbc810ec3b6ac53037f997d0	6f804adf390476c7c97cce3c5d735d2f310fd359
3582f8229df867fbe5918a93effca05e7d6f2ba2	36db31c55a7b5b9969c298ba7bae2cd713d29832
c7b90a56f1cd56a256ebb713aeaf11395a1ddbe7	4dbbf59c82e887613face99bf8480db2427b9625
af3a18e0a9a9a994b288af2d03d420f3a55277e0	832eb4458d53c4b17b07e1844ea9fb46c4e45970
37d798bfc460133c0389cf1721e31b40f75e9be8	2cf989d3064db551e70b227b38039ae74486c2fb
a0525a570549a47faab7cb4158776eb577035c6b	7d3ee29bd02c57e5b69053d21a8178f3ca7bf23f
cff412a8f94dbf3666ca0fa6ba0601bcd3a6fccb	cba0e46aba1265f1aaa8e9a7acd987c27a89ef22
c844e27e5fd11a6337c013760aa15994393ac538	9b8ab3e61e5b3a199fce5575bc6a04373f222d22
1771898f64fed4c13f1bf33acc80b8790c255ed1	47f18e823aede34f08e0365935d92740261937e3
cbbd0548be53c06a8d1309113726f464ea4b316e	2d1b824b62d622b2d40478259be98d0b33c7e2ee
32b5460b45456aed766f258ba2e147f464265dce	d511698f3f6f7d1a684e740202be202a5e65c1c4
8115f8bb7af6927bb202af97ad54b55d7f37b5d2	cb435ea232e399fb2e487b6d6dfb1ae6deb31c87
0ae87bb8571fa6e91b5262be1550cd708f6544fd	43a9016c8304a4a15d2206ac1d9a8293f000fa36
3a85f594a3a84aca458465e2649f928d3b857563	255068fd40e92ca857115322b596801173525a91
55b99a9744a1052382ff2363fec850b01ba6d317	098a00b0257cbb8721870a6f5d7d1dd990f07a12
ed01dc6bbf3e722d9198bf4e910ddeb7b98c29fd	dba0b5276bbbf70905bd7db584ea0273c2b25b86
793994fc21cb3860b01cbcb76d52511cc52d82a1	78ae935468bb395777de48642d505a97be62a29e
f70846d5e037af78da1a9221cf1c15693e2eea36	3ea5f764707897360d41f763bd0347dacf23322b
36fe73f2781fc3f3fc0c60e911fd0158f8af4ead	b4d294c05e22bfcfb9b35a7001a732adf09c29aa
5cda6c79145339bdb7857cd27b9c98789a62dc5e	83cf5f5c6abcc43877eb012bdac9ebef2c08f3b9
c24a568dcaa56049ad3cb7a66be860f42b4518f5	e7b3a8eebe15ec223ec978bef84e067efecdbc99
8c90c86b122a71ec443375b2e0c74c50329a592d	ee3a42a67ea5cceec1aca5dc9699e08f664e1746
46e8573d8e9d6522a4c4fb72d797b72c52de6f1d	50227c0f5fc8682cc27895e9eda7840234e399d6
55743277fa4b04ccb6725737075ec9f123d06e7c	bc5eb1e1a58ce4870e0ee4d583669625dc3d95aa
994195e0451b29ca0db749e0a955c6507a709c73	995267a04286ed32fe18aa6fe6b150749d1a76dd
366ef4222749639c350c785a65dc48deda4913d3	41226a60755c944486941538d2c36cab9b78bed7
78148a8fc101d63ba1e1a0dbfb32cd2a0923b89f	81d32181ce407027d844841c7c2d962ea868cb28
0787e25ad5eab854fc3d20ef4ef18a4b00ec266f	c5ecca3938d7e5dc6bd201433bcbd1e350b57701
01403ae4b279406071aab25433033bdd8414b7a8	900888731c0b3a8181106647ce993042c901db9f
5285f607105b45fecfaf4498cc5f93c934637a35	13e648e4b15b146092f02b5f98239e32e6c60873
153a92a403ada194b41147b7f88b262738822fea	aff12ff67192a7d5a79f902400c983f4bed70e67
7d781ea4d6740a4d855da802c0dad6e3e3315c83	101fb8825518604cded33f15e23df84706349d00
750aa9c586a100c827d7141b7522182270925e4d	8b489354e4f63237384c0202556d1eafec418d41
81755c53e33913565683a2d51e4e3cc7a4b61c96	7dea6eb7a63cb40c1dffb8e0c1d041767c0dc4b2
1ac4f64e5b488cdb86c6c1d792c44fdff66e48b4	af1bfe4e3eed9a00bbba55b891c22afee93773b3
6ce71383e16220f12e0cff944d2a05810a9fe111	d574e9eb5291f6b1d38e0b70594b4ebafb3ed5b1
8603022cc4febce4524abfea1897b48601ff494e	2d7df1e1f2a5427e4d8fc0fa0e0181eab5409023
fa25e16dd74928d7256c35427a05f50caa950054	1c0ffcf5b1481442f6cbb8104693c00e6a89775e
421c14584a31edb3a7aaf669650c82966d1adad5	348cc39975bc0d384c6b9d38c4ec0590d8ccf8bb
ae723b1a65b93e9b8252aed2d86d391886f2e89f	987899f94a7d32f144b23feb4d4060e404956bcc
4aee6165d369c0df7f24582d15ed3c197405efcc	d8b2d5142f922a9c7fab589b9b5083eb42116601
de0684d1e44eb1ceaf4e4fc4bdf46ceafdda479b	134802d1ee080a01dad548ab374e0ccbad99c457
e765cd7ec81266e9c6ea9d0e50287d90c1330801	e5e81b4de12d030bd61e949eb566649cd752da67
05851935e250a8698240616876405ef715e597b8	300c961efadf75d56495538e044ff4974f4b3b05
4f268e38c74bcd1784a9edbb741bcfda0bb96e02	7c7f5124058276107a881a9378cfca668fadc3a0
5a17ee4a307391c0cbb4efea067a3e239267dfdc	03e8d029c26832970e95b86c1b6e035f740a931c
cfb08cf1a3c5635880df7d2a3905f934365db5a5	787b5f193192ff749c47db523bb6b351def80b73
cf0e06a411af500ccfbe9d74af71e68306f99c8a	56a7624618a2103e5a891f346b345aa55a61a377
80bcb88eb43b79041007e96352ad62b3cb70d93c	3a84acf122f9a985c0442b873e482b443651c22d
365731f22f3e0f9d06b4c135be817697f3fbb6eb	f600e02e471b5719f01d938edd73b08f78a4ae8b
994c48b89439e8b8dad6c0eff911aeb5f1f69f5e	e6d19de58ab9cade6456c29bdede54b50ced9f59
3e55c530f65f8697507e18fb769a397ec6fef18a	f2bbf6b2aaafd10ab7a6ca52e790732a4bcf447f
a4ddf78d6d4ff571e3bc9a408ba81fa60ebb913b	c54d50fd36b786cf1f7912b14e5ded6d5ee268c9
472c118497be33432aece3662046c1c996fb923b	6a051054dba8d5d2b3367bbdf7105cc863aa809b
abb7285bda0fb64a1163d9f9966c8dd3a24d48e1	49498f643926c6f109f918f148c533298b4c8352
e25eb8cd2e43c6f6632ff0d6bbabaef865b425f6	144a890c715537c48735a89d22e895d3f84b2f08
1ea3da12ccb3bf472127501e9e51a73c63a163c8	afb499344564558dcb9612f0324628c35b949ec6
8fee4fbfc1972e3d83ab3df41d1dbccf5731e94b	4c9455b94432d879437cfaab637d31edd78e6724
64d5ffa16b07324024cf278b4d0559529fedba59	5fdc051a084401da54d33de69ccf25faf087a309
1127233be7fd565c6275c991fbba6953ab811160	cb68a40c43710e9562ce37ae8617bf89442b8857
5ec01d0bfdf5c5ef8e52bfe8d106572ad5c97539	023218e6e77d5ed67b350d991d6ffc051f5cc86e
68a623daeea5c7040108a4f61f506fdbf7aadfb0	2a24b94b8d39cd038aef06ee9e3358d9031d89e2
db6f6bc2db43cd2626c459bd80a7bbdfa07fef0e	c6531cf184ea632c5d577d7d4844a1175bd3594d
34a98b8663a2be7de5e99b024dade526c51d449d	d4fa0ed3491e58d417be5044163b00687f669781
a7854127a6080243bbb7bee8aa2447e1174cb62b	10874d2dc4eba1dcff67cd53cf0619ec25bd582a
4d542ab2443bcb3abecfe17ab9f004413f7aa01d	5adaf1ac75df426651a9079ca3f69dff5da7f6ef
1db57deb8dec3d8f6e0ea22422fc9d0885f3c42f	9668ea69b87e04c204e094593200d9a1129deb5d
03689b508a945e0d0a486bc9a8b24f4a581881a7	ae9bc7acf175cdeb9e7be9508e0538673df70e12
7b95ecf7e16eb6ecbc5b17138f59941b2501c359	594ee480a24da63652666ba6a5bddccb19405b98
63fc63e93939f5df476ef75b77efc0f5af62abfe	a15b5a2463d9e52945ff71908c2daa97e84a7011
7d0f22b4da179ad1c2f0953804aca9ba0b17b8a0	991e7557898e8fc297cc541f0b8ed50487117bf6
d0b2d468453d1223508e9bb2698e946565a8759f	97d41ffde8339eee50fcdb6245690f179f5c2297
b8c84df73abf5c90b1ad42378f2916c2c16abd50	24af0766ac2f4dc36acf90c4298ca31ab6cd7af8
01b10c4eb2ff2a1e09a3cda0808275214e22c93a	af17eaa537524a330ecc497a16c70ec213b76ff8
76d1dde8bc98a7ac8a4a4161c79a894258b34500	3adc10a7976eabb4db8a1aee885ae41ad93b8f33
cb691d13a10cc9e5e549e6d9c16d42bbe817c17b	5eeef6b28e81e4374c83378c8fe21d1553209354
6ea10d80862709f3101076a0c6bc795e041066c7	f4c29840c35041810d745de0c4bee5c47ba98204
14cc047ff60e568ba2b3cd73ab84332b8d190b2f	47fc3ebda4b370bd7ff9fdfc6b461bf5bb6ffbd9
f7ec17f65bbb12455c84f3487a10561e6090cce9	9774a659b0328095c601057e9999502b40602af3
980344ae9292ffbe5cd930c0093b94be71067e32	2e4a6de4e78f81a02913ec0a5d2a20e4ab6a1257
45b86d4d8b9917963f9f04eb05c5913d7f7a2a92	a530e424e9efcf03cd29eca95b7a4d4acf258903
b7fadaa39eb241f7cf3a47d8211bb18a307b5060	0bfd487ee9679e405ae08c6d773060136555d419
90562eefef8ad095c15384440f2b3c75474f0edc	6aae834493681dbfb449fa93ea0b52d81ee08b45
f5ee68e9259363d8dcdbeb18db19fd6e327da481	f56131f38eaa7f3610a44090dfa7a6297177cc41
a38fa75c999e8c7d2e441749eb822a0583fe02bd	273a11d5504581543a206a0d486fc6a07bc1285f
abba99a6abe6b9e7896f74c9432511329db26220	ae8ce75e4180b985bc59877436ee09e84b02d461
9ea4bb428991a31e94d8370a4255fb90292cf68e	d6d94b689f93bbbb6978b0980845daf1b0cdff9d
fc1317a555af4c29ce821b1161f7768a1fee2756	30d785f1ee7a320546a53cfba14aad05b675846c
d521caed17e7948c5b89b3cf54a5c34f35068182	db5ec3cdfc5b1b0e4c2d7551a82d480a57ae0b3a
6d727935d5c2e9c05518c89631f1e79207ceb62a	9aca54d039fb720de1d7144f3c23b0677b519cf4
58123ec8fa2d542f46676bc75d6e9f385e9f7a16	d55d5009c29d594cc5a07ec29f9f44d4a5b20605
fa124604c652960e385a1939889b8e40beb4c0da	4f3ee611042b66e55f8e1c910bd920547c8aaa4f
2fe2d4458cfc1317d5cff351f496c92defbff89a	96eb98c00a718d2caf399eb4b8ab4ec34c16e50b
47eaf5e0a6f35fd1db717ab308c8353b610adbff	68ce9577c63ec98ea0c8520800f3749ed3758734
83d46a2f68a4c65bfafc9de308fa0b76fbeeddd4	3ae036e99727a599869f9db504a2013f30ca3bd5
968939d423ef1739afa7db8d3f371bddfba61806	5da2d1d4703b908329ad085b6bbd74d17164ad85
04550b4db75f9b5d36d479429d7b8603e853d0ef	8e2baf40f11973c7eb7d34fa741f282a5cb275f3
7b42c4769df0e590748cb8ee15d9884d6a98dd50	c24c40dfee76f413a82919578534f4a4b0f0a903
049b158302b34ac9c3d5531ebd0c9d5341059a89	32e52ce1eda7ddaa24e107a2f01e7a13a7552bcf
21c76b7786305a23ec48c0d4318d44020de20ef9	ed46438359b13a24d117eb1191ef13a11e7891f8
3cf58361e81f9f21e6ae476aeb72c2e9e601ded3	0b5490d5a3b50412a84b95895e5f6c09c9a4b96d
24bcc4f9731e65d651adfd27637cf6cfce57b7c1	2d73ef511d9289068997498687dd20c5c3d0373b
41e2d0a455e0535981d092e962903d3e19d271bd	63e6c85f6f93d2e11b5857429404a4aeb2653c60
88ca8f3a4977c0a0506a376ab27fca571c7c067c	8946a6d2d03ff5daf93a1246dbd1dbc162c4ba92
2fee66a0d361a29d07122eed619542c5aa3e1320	d3132645fb21d06dcededb8c8f210912e092325f
7e5fffc26e1fb87cdf6b7d86eab9a82d8145c625	373f158fe0429539ae0b3fb664efc6e029787eb3
c704de884f010fcfad016c2c6ebb93be103c0dcd	ce36835fabcd3068ce08bd0fd0677f9a5783c86a
2cec891f1d87deacc3d3342da4fab873c1ebe05f	619fa671d7c5f8adce939a77acf1e9668afb6b95
0ff95305d7e991bc72460da664c5ad85163ea453	eb07c7a79eeca943370eafea601e87da76c0e57e
7cb47eba535f9cb732df12e8ddd4c41b02c2172f	7eb353509495c8691690cbd9ee81144871090a8e
f20086f1456e60e2a0267b859f0c147aafc6d28d	93b68312cfa1f298f32aa2db06f732e59bcc160b
9d4b54f7ede9d0a9afeacdbeeef55539f7d9e182	97ce666e43d8748b936bbac061844e8265820812
3c2a780666ab0989ddbee34b1bc3e7669073c806	4000e1e66d448d6a765c5e169442e30700378598
d3b1d98cb3db6a4511f578028775e7e72401f606	270740e8599cb8d31ddc6707761660d98b75e755
838d52d9c336a0f902c811edc916215df23676e0	6cad142cfeddfc7c936fce343f6055d1584f4bc6
f6418d7703e567270a0799cc40b42e9edd1510a9	093013687c0c66a323e22d10191d675a7e7da570
6effa8abb98990847842666cf2065127c212fce3	ff31c469a061656f17aafb29b35d3fc297a66439
cc91e9ae82fa9d76ae520b53b22510d3d8c17cb2	fbe390268c7334928f304dc63e84643d3b44df0b
0b3379ac8dfdf71e0aef9ca2aa7a7893ecdcd38a	07ac01dcb794119b5d943c6950d1402ea1f9f82d
f6417b865c187dd4177605ab63b57221262e4fc0	badfdb62cd2030430a496325d5c6ad4152ebc3ab
0c0047dabe7460c23efda7ca189e6f59fcf4f3f0	986a410b3066a6129c3deb0175476977aafcf3aa
a327de17ef4036a18912652c0e2717af10ed5b00	9db2d58545b4de9a3453b296125eed0fe823ad17
3c03a614b943a653b8f46a885740f5e4daa3694f	4eed46ac5998945b604e4d0152907f61d3b1c50c
669a3798ff0a98a6d936ac76995d05af6b8ba2e2	abc38d1dab6640bd23e93f90069f4ea9398de971
ea94831aeb636e3821cc0d54036b2df38e863a16	8d6c4f1289f31b28d955da05c59d9a297aed50bc
e7717c3616cb4541a9aead890b601876ef5ef768	a2d40eb8b8f53f9c5059223a0d415e03f0a0f0fe
c691b9f5a3712317a8bb12b9cee8011d8ee80fd6	17b502bb4bdc3c7f3966bbad49b18179b814843e
f607edb51960ff2bf36e1a798fd90ca1609e6eb4	a0d4421085b5163c2a05239e44e0c30c49250329
8e57f4ba43ca87c5e8f08e566d4c974d3ca79e06	0d443072d1c2cdb67fe6f503ce5fc85a8765a4dc
bbf8792aaf6e462178fc5a7b6773cd4194bb9004	c9fb99b79950f47616ed0a04a471c14c5417b6c0
e8ca9b345579d1b7ff08a731a4bab3849cfa2182	92d245ad040cbda2f84b21c2a847a470e532c179
55c498c33508895666061e14412202941926d886	0908627297d50cbe5259b86c563e1ead142727e2
4349294d632fa3416f46a8da8214480e0e9499a8	7f79458b4f3dd4c2fed470e2a79e5619d6c70f7c
93c30451324ed49013e76b28b3a96ad045061980	9b4c11ba9597f223d21084e75eeb32ca4b7da930
ffea77877825aa79697d6261bd7ca352f6c8d5a4	27c31eac5d8626251f61f9f6e89961285e2f3bd7
36535c2cd591cc0fcf02e4cd832c44ea9544c761	bab8dc0b820199ccc47f1bbcceb0037ee5a1fd28
013db54605503960e4253b8e6f012bf898a04f50	d09d2fb665f1a4aa0cefb1ce0298539867ba487b
fa4fd107020e30cfbb0c01677ca423c4126acd86	e64cf3b7df3a2ead890aabcab1860fd85f8b1924
be45c7b47e7976f1727a420e41858a73270414d4	9b73222314e32fbe3f797aca4525fc9b0c6166dc
adc7096b6f2f9514809c9f51e56b18ad2612a5f2	3923b57abfa6c024c4d2691ed5126a8ffde38044
be45ae22834371d36328c26860f574e543a73aa0	4807e646092dfadb8eaae23a6eb729cd77e17bfc
6e7050f34eeffa66914625c6415ea03b359b3622	eeb37d89f181f323741b9dcfaeb287c593ef176d
51e812b502aab35d7857ee9fa702df2632c4949d	08c1ec4b7e406293ab650112f3354410f8dbe53d
7783dfe6f80dd7b03f493b6f020ebab556c3145a	6b4cf67add1b36fef02b93054a5db2269e6b76c4
eaa96b13eb04c3be35b371db7648bfd63cc007fe	e65926fd0835d903481fb0aa76172b26f319fd18
92d2e49eacca4385733b674379a52c3fe64705d9	f2ec319fe18def8c5b93eaaf32a2e39eee65ed47
c4d09abde622c176e14b2d6b93c7ea8994203b17	32377a61b7d56965cf8d4f646b664ec23f257837
b941ad45fa8fa9023d264fec66cf9bea4bc0bee1	7aac801ccd4da74ea98ba19bb14664a5bea1ce76
58cb5f7cf9a984a8da728256e854ed282a5ca94c	96fdf59ee421cf13c5c24f03d96acd4739c08bc2
ab378f4828749814cbf3810b1737a8e6539e6cf8	50b8f3ab9441a383ff3cc75f93395fff37545634
8cce58f1493168af42c4312e19c5c4016db13b5e	ff7aaf977b2796ad95e8f44889f83a98e9364ea5
1d18d92c2a783704b4c7b1e47cd9b2cd0383cec1	9a1efbe54d96993fd5e8750c615f8a52a4c05e78
e0166f2f6096e285b16ef9cb3c065a20b91e5bde	906c21f45883df813dae315a98ce55c5eb91f4ac
12db776d1b8e83caff209eda778c1028471e4504	d5e7af7a7ea4f140a472c98f2ef8315ef740d538
168a6cc84ce025efba36a85fec3ceb2ee95f3f5a	4d41f03bd5016a5ae69f85923262005d80f6f07b
2ca42c7c6e00b2f2287c29728525d29f3f77fbe9	30704a15a77ee26a89ec39dec5028a6fd21525d8
99d12bb6005bcef871a3b922e567b41ebdd31b92	83889178ed3c19324cb4210edbea2fce78e5688d
5a10d92cc2f9bda4595700d664daf1bd2b4bc93f	1d2720bf5eb61d8d9885ab02577b01c04ac96598
2c3f5aa9301ca1dfd7203c574e997b37ed6a48be	c4b6d0eadb75c6e2a66bf3b81ca291eae65998dc
92151075e4d0e6f414fddcb204ae14809ef97e90	0c66888691a5a346fad6cefb4457183290d5c0d1
5ca1cd73b61ba1b291e6f0ea8d7b88f42db61b1e	68781387fe7f12e36361e841262e2ed68df7c9c7
015e7c9d02d9967ebf177d0ae7e754195d7681f7	fd299a0961a721c43c14193ccf964e43d0abab7b
0c7a2ed8db2dbfe2b0b3903663dd4827ccce23df	285a82050c7e650d79e2aeca34ef485d5cec17a6
5f0b955d5e2624031f16cb18e3462c3c91e33d6a	2dbb8c55c9e6aa6ab9388621c1d03a769e343d56
18f97ebe06c930e0617bebb672080bef85f84e27	effcf394692df5fe9e99ba73ccc7e45752c614b8
bf3d3a57b3f0a9cca4f31b670c76393e8263218b	9db9484863ff7e2dae60713241846d4fd4b4d7e4
4f979f6161b4ebb5f420200d33477dc268591322	ca813f461be1af7aeff0ddb69a4d7dd5885c12b6
333c9388b3e65b147622b232e7d167e9bc2bbc17	bb46cdb2b3f1171c2f0841ac9529aec634f840ac
16f9c4e7b4944223688544bac3a2d3998a4611e2	dcb10c21a10d0faa95e23a526f90682eb45cf02b
ba0ddef770ea4fa8cd4ebd3c530f524d1edd77ea	05ea0ca00effea4a8e58acdc6c239e153218acfe
dd830ef19fadce54fcfd403076dcfe046098ba8b	c098f282b1c853ec7c8c0063dfa55cad0cd71c2a
2d42985fff5625955415441199a4c9f8f7cb7bb2	ecf82d197c8669d9d64eba1ca89e4bc8533e25fe
3584ef84cd0b6fb2afd4e98c2db0a8c3af0b0a73	9afe75586a22c909b16a67edff3d0e6439163b2d
37e35cfb37a866bafdeefb245f1df954c6a0fd64	a1be4552020acdd06cc9edb64bf7b2629739ac6d
06527e1ea13bf49fb27e84a517ba669499ed230d	19fb21422651978246ae70c16ff87d9d241bbea6
f4c6eba9b84f8765c8b36e1c0eabe8b2c5d1fcc6	28ec898a8c2c86870a22f5eb2db28b53c51c9dfb
26db0011db4b775efc3c6d22b059d04b265b3757	467b1bbeeb2c6fe885490f6f9402616cb81e3953
b8d87d2a36242165c60062ee6d25c830c9ad685a	02ab8ce80667992b602fddf4355460ed4a0f5093
d326fbe3430a8dcb7189377061cec53124b420f6	ce69e620e9405983396c497c382b8bfbc1e1e15c
52fa3bb01573fc545fc19f4ac6b32207c5976817	1133cf3ef5e8834f2efaf94c091e6ad93b125570
804c514f7f972ad379e6b68068c041912b580192	59a607e303760f64f671fab3a8625a4958ea473c
6fe17518a2db18fb6b1a885ff05b4b20d7633f50	313be3d7a4ae8ed1ea07e651f235785662ff440f
380697843ee316289160dc9dbdd247f87a667372	4fe40fcee02d90ca0e94e6ab845d10aa4353caf0
149dbee65a1ae6de159d00e89081af73de8ef05c	e233fd4fe51a76b8f044982def1d269f9d618fd8
297fd91dcd731a462ebd83b765c200c74decd353	9f7683818f9ab861182bc2b35dd731506f5b01b0
92a7809c656e6422b5295c69cd8f430a3b5d64e3	179e3cb2f5255b2b4171541ddbd5a62a15266efc
fa19cf59d4577da0e599f16d122ff697770c5192	41b960552d98d21d03fed619d63351d98efb4652
f9120e4b8a8c4ae53601ebd54f7dffc8880bcce2	8304295c48feeb8b2cb685130c660207781eec6e
c171f73317d4ded93dec0646c0c70641f6114a81	253b41936ecd6ae17948d49d9c510d7100830927
12db63fc88b924e30c270db822305edadd94b83e	ce5b4b06b53d1dce14cc1eb563121865c6d17183
5bc3b73a0ef561199df1e4fbd2370fcc13e0a814	50f5006c43c0be48cbbfba00064e5840f9684ce5
0086a95011978a05075ceeda7842b674d34737a2	e42ff22c2efbe1a69152498e1945925ea858a164
954c5d00c3015f893225047028dd031503a4b9fb	578571b97291bd60e1083b006f12dfb82efb0603
859d8ade3844ecd3b4999aebc6bc9a9507545f8f	935beca45d926e6ee9b9612f6d7d09f855b002a8
0b623fb6297d5c816c30c3dfbbba2024abe89544	3e246f1173c7d9382331e35ec38041df0e575df4
33e88baf6c4911dc9f90d2bce869c494555f95c2	1bc27a32c212fd7d092bc6dbcb3a76eb7a6bf273
e332d0e422ef95b5ae8d588c12e48c4e5111123c	bc2e3960e4c90f4713efded55cc77d6a2598363c
de4f77d9ba940f169bd669d40000c832d3233447	9c4ab0bf336fe3ff41033686817015eee452e45f
906483c658f5ed775669f6feb27ece1d4ada5e43	27bdef34c7bf2753e339047b92528bbe9b69a4bf
27f70a00616aa654686ffaf3d9901c97b5ae8d83	3c00099ed423531ee8471326344812b34bf4bbe2
4160a720598dd744dd4b847fd8642c8ca3aab6e9	2babf07f9a13a24e916924bba19341530cae68a1
828e003962edafc5fbed7fea154ba3304223d1c7	4795ed712b2c70c4f131bcbd8a8d56ae4dbcf85b
64deba3a63166ce91a47f73ce5fd4e534abdbea2	d4cd564dbe808f22dac3e6c9938c4165aeae898b
2ac7593c278b12d55b6d849cf1f473f6b27302d3	1676e13d3e566c5c84dbebac560ceba7a8801d8b
6ace01039d41c589acc533cdf20479f9721026d2	50576084c613773d0ba4a826685132a245f74fe0
329519c5f7952397e59b4ddf651ea0d833fdda62	3a94e792a2d502b2b464c4736e767cc5a645379a
d283ef48a297fe034d390c801b80d016bb7148a3	9f69f41f68fda38be831a36ff339d1d0a27557ec
ad0854e7dce684c0771f936137d5379ef7fcd626	e6847ff50e70551448e63cc6018033a2b72b1143
6c3a81d450d96ed0fcae76557d08ab388f040ace	2ac2589d141e5d074b4de333bd10cc972bbe000f
0ca18484805b41d97ad521f7f53ffcaa76aa872d	64a94e8144cd1771cfda6e142693cfded3b34770
2a7136be7bf0c066f0254ae6a887a8d82ac93c15	3ed8a5c5d111759dc9cfb80b52fb67496535e5de
2c269d18d5e085403079e436eeb6d067d74c4384	0a922c6fe3ac504e8347f0a49dea633ac40df4e6
d211f77306f5a1e594626406a5e113045d8f3349	52f3a4226c8e40049493abd05477074bb6368945
3cac22a4f6653fd86aa7df9af3b169496b2c20f9	483d9fa503aa89d329951b3d8bcd22e011ce0069
1e05969507dc29e9fc1d02ab08a3ced35b4c54a4	dd9de694f81fa1c8384ca7c8b538cba932c94f2f
730549551177a21c6671c273553896066975fc75	5cdf5c1d9e3e5c57a8c36fa22f7376b02e4f0145
0fef9f1b1c40cf843df6a58e377dcf4c2551a71a	cec7e47086bb782337a7fc0f350714a6ecf6ecbe
c1042a746484ff98d57649ed3a8ffe4b343cace6	1e6a3f1f0b22a022f99dd1fcc57906df1d7dea9f
49411af220db0e8069375c58c0ecf146330d7b35	f0b6818b4c06417f83a5b4bc52b18e0040d7c40c
d3cc0773205bd5ffdd8ee54196b24dd077f55814	3032317918a21497ab21daed9fecaa1bed23a8fd
9c4f992d8f670d364d543bd0a129ace81cad5ae2	db22f61846ea81296f7b9c392204f65111050578
c46ccc05b3f390128e465d63f1a21bbc9e72faf5	8c3a98faa236d1f6e9daeb48fcb9e7f86f9fd4c6
0673da1c577821f646eab24ce59651fc2b540f37	1e787cb60723e9fe848aa6d89d5e5f1350de4fef
bab89e6aecfddd4826c348a9b75051415f405eaf	558585b01dc225b6ebd244a64d229233037d9103
5d1c3b7165f92fac6af42703d6e4f3ec4785eddf	6e7ecbd4f53fd8dbdc9d7f43a76a9ef209bef51f
a0d7c1cbbc2e35af335dab713e347b43d5825115	5a661cde678ecd51f70abb713d6291460c0468c8
1557b031f02d8ca7e09e26b586daa215cb7f6b94	3cc0e87cfbcce02362c14544ca63d378b2957482
c3dd66658c5970dbe4486055ced93d5ddeb79c06	effea5a2b3736e5d850e8ca4d97f0ea7062c5e9b
866a1c08f008d3b86e9a31cb8db163d5861cf175	7f168c5ec672512768315fe1902d9f1e243e7021
29042a7b781684f85ccc8a31c75fc531b70a500e	0e9129ee3f0ca8e08f6d59c3af4a71340c0449a3
fd3ab08605ee8769e0c19012a654442bd539420c	1086d5e6658ec524e82b9dd89143a7cbe7d1b987
2544f794e1037757feb019c266c5035efee6b81f	d9102ba5999e28b8d1f9b0b6dc3d9c9b6a24b6d7
ec5b4b3db0e06331f7c33da2b7a3168e0484cdbd	17019f172910cb32bc56826602a376874c1b9f7f
18bc0d2dfdd6331dc234ce610cf234bd4490b774	6be07ed51f4be1f51caa95d2543d379f28c480ac
2a95e2fa3e238ac1aa61f9c57d328549d7428181	af58e3bec0cb586d5ea64e9a8ebbeacd198d7607
83f2b4ccfa51523615d05edef6e5c2f64d93a4f6	e58b549d0f63a343b917f9930638a44b54e5ef1e
0af38426919ccc43c2e326e6af0898d3bc703ba9	1d81996ceb75dc072015028882d77abdfc35cd26
34af5d83f32c5f75dc26213100bda37ce0971c60	97c47e72c4dd334ee92ea6d247d3b02043644efc
7d6c2b637e11557ef0ac20e0151d9a81a7b1d218	122be275b0a62528a983fd17deb65e3ba8816b1e
de42831664f1efddf5b2fd7a7a89ea4a418a6386	0bb113203493ed4ab39b02cbabbe39f538c58651
214715ef0ada59c57f622e74837dd69689035b5e	de14337b4bcf91ab4233c8488f8c7295f4dc8ea7
530710354935705961ec8592b5bd38b5f2253f49	1e076339141a599fe41210114d9f029515933993
baf4c8f09b8dc0ba493196c2d58810dfc6c7b8b3	e3e203844e7e50ca3e7c1bab7b5b56afc1e2ebd3
22d6f6d8958a01e1e6b44472d6ea80b97e02feca	84a102a6ef40adaccd0865674024951b73c91961
88dc74529f922345e8cc2a536697614381a8ea77	f1c76c4dde81b40effe651cf895a58b3decb6be6
17fb311a73f07a21a68c17269037242261eed69f	8df0aa5719a448a64139d2b33d200b3c7978920b
35732c4cae1eb7d4ddb650c9ef3503399426bd70	21faadb9921510f294341c136c68befa12891ead
b081c74424675c1c7d530b0d73f6d622ec543eec	88099a304a4cc22c094b951df67bab6ac92a3353
1449e43a906351d7ea56e36e95841c5b9d79aaa8	f504fb0d46c527e43f4e41cded766ac6e4480c55
7142bfea291ac5e0fdd245178b7c2a00240da394	1d517b6ca50236057fff090c7803f88dd1f813d2
9765e574d132da5b4b88bbee6231f17af03732e1	b702d0b67a0881ef23df6530053b00c2bc21a7ac
939dcf7f356489092c04deb7910b2de718a7bd38	a001e30d8b9fb0fcaf123642f1c84ead0de11e11
41c001d1dc35b952f322bfb73863f21269faa25a	cdb93f0bb217a51ac15353be4aeed119533c5c76
20d1ca0e1eb657938ec75e101b4dae10c07fc33c	718cffea9a34c9f2d552728ee8b3f978aaf82c03
f5a6f969ea354fe0d5dec96b63ee569d91418176	9585c53e9fae8367c7dd759bb66202aefbdaf002
893cfc93190b37670acdb0de193ddf3d41a69b5a	d66d5cd457dab1b6ee308e131d93d06bfc1ca26e
d819b590ec0b1313f742eb7f5af196070b3703ce	8c143feec8ce11dcc280cd9fa77a827ea6dee9f7
b57edfaf779ebbc5005ae809e4c6261155406c85	419058f46639b9fabe27fede9fccd0f5df380a7c
907df0e3261f15fba20aebbd4006ded23f49a553	1a6047a61b41e7184a81f3292462ed38b79312f8
51ff29903d2cacd4ace3d4c6a06d6ba79132a86c	327bb35ddd1558f9b3d6a90f57bbd6a09bbb83cd
59c40921fa89f13fc3e84d6be99f72a3a9d1e6ee	6ed9a0639407c5820103617ec2fad9aa8b8a9ed1
ed54c02b1b15852792c43bf1797f90859dadca57	b80ec55ba0aafc60774e19c409e55ced50ddaab3
9f468e73a58711e96fb1c2a934acabb0f594e8ad	08718112ae0d9259e45d514f9154ceb4446a0b55
4b321dbd0f11056ee4f1ce406e464b4f6db4eec0	956ee361df8d4f5b4327838cfe4b69e822cece20
88d554e53bc9a99805ba848e5dcf8b0b67cb1cff	e93d0408be93513adedea4c0a493643e9f2f7d2e
bbfd5e75567fb7e302baadd9d1151082cc6938d3	137832ff3ef3ab4ba5fc7d50c227253b77a0d68b
e424c12a43e5a396fe0624978facfbba2edd00cd	3ede29fb6d8c077096fa9e7685201d6968943263
2c89015f0c5ba0e0e7b030125f0991be3caa1d2f	82ab68b542d558ae9f0553b888a3703d55f8c68f
86c172cbfc14e19fc94414a5d0e739327bf4e891	e55723d84db1d372a8edbbd47784f6536ceafda5
ceb95f93ade988898c0ee7dacf991f0462682341	2f4d2d97f97944bfc3726e9a17e38ae1d92277a0
54385cd0d0a3d1cc666e0147a696e6b3ecb10c06	926d6f769eeda74ec6988b4d7037b7ec4b8a59e6
a91974198e8a9602143079d7acb1b0e8e0e03326	846777cd0c4a44dd719e5cec092adf71c619b306
33ad4ad0c8dfbc3c84685e241a162d4a16bce8fd	06533b7a3b2fd8625d7b7d1ce3857353d80e223d
d991db4e5f2251eee4b310c871d9ac23784d8f35	4a95558c531b913d7fa4e3793320efa7de95be77
44a1626e76894c20743a59e48eca4eb814bd55ba	e39a28ed5a7c118db3d012cfcf3b908fca2c6319
d37e9b863eab39dd56175bc94e40f6e8bf15929b	b2c708a3e68e44f007ef0f039d4de45deea0f920
bf24cb3f6f1e98c6688d7e53216f600d9f8179ae	a9209bb3e5b3900e3457b25d0a2b6c693df775ab
1675380b83595822d240d0ea8d69160bad525e73	9dc3bb975a5c44fef2e5e8ee4f80e87f242070ad
5b1ae11320effc2dba85e623ecaf44df81536a61	3a7acaa92ab967ca5fade11d7703d925a73b0ae4
3d066002a45c4a0dc8c8e2c0f4db6a4c09a396b4	6bebe2483b67d0bdfd139c6c6001bc977b44c96b
69a890ec2066a5df1d6ecdd4c162513b59aece19	93cf134995df2381b17deb649eb7d4aacfac8fa1
248187cdcf1556857e538cd2b1761afb213bace8	ff7d8c9ba8da1d86609d6b6c80bb374486289881
8d1ade8612c54515409b7b1241de33fae831efd4	50f07b42f6840b4a16e659c9a12241e0285430be
5a0fec2978e13459fb1d502b37cdb27a2007f60c	db3a0c636d4652c4336d5652aeed1b2b409e5d17
760db64d1fa21314fa74c00a50461678f5188e05	fec38f85cd2a89fb2c8a270b4930fd5e97c643a1
a56a6fc05799922263e3ee26ffe07c16372708e0	dcb0141646563a55a01871909de260bf260df949
281c742a43bb0e62fb44509776de51fcc69dc411	f4f5a3c925d4fb05e9a1dd33b7740e82d96ca545
c5ee08fa4b5e2e3ea636d883cf24f0a4797decd4	9b8d6c1b73330287cdd83603ba9256000df0d140
659832aadbb469f43fd040bdb8ac1fb29152ce0c	2f776168ded508cc423e2afca5e145ade3e2f978
0d58c7db0fa1ec73c3f0a8e98a7038779097c56d	923d3222b013af5174569a83843f324770f6ea4c
aa8ce9be153eb7f2029cd08a01d16de88b450783	bda93d516bc93248b568140b26c8b445dd833aa1
fcb0c46160ea35aa9b8897f16f0fc657e0b80baf	7eec3fb57a4b2e743020a65e4c12cbb3ef941d37
b0fe3ebb1e2626d408e7272e5d434e5d3a4e8e59	b1d75812c545e21691e17c78ee8de7ae8ae79a18
2c8623cd8587787f266a3b650e8458adec63a97b	d44e7d98342d24ee25b1f0d70a81a046aa4c9d2a
139e71a9283b1ad167cff19e78ab3f0aaf004e81	369bc7cea3dc91cc3c680575211769cd23ee3909
7f7278d992bb4ac8dc8c95953e27e16ae9c40bf3	4b7a83da168c5f2ae9b999580517083ef1b10f4b
74a8fdcb72419193b41e09fc118b1a3c908af3a5	0f7154afbd7d88f501664d1d2c5516ad5b638661
92ab8365dc38b8ed1bbe950af5c1fdb60c8870db	a06d10c3bcc26d690d12e30f86a458bdbd12f441
8a41259d42fb5bde3b9caaa64060506487fdfca8	63cc6cc76c4e91968145117d87060f5cbf537f8c
f3f0992c066a0806999ed9bc803a85ce43dd5ef0	d55c5b5caba4484aeb8644d08765167ea2163276
3619f53715cfd3e0044fce33f3da959b2d85a11a	b624c2dcc7db614ca28a23c242d781291352ec11
2cd1c5769b8819f531c9ac6037c23bc2a74a995f	9415444ebdb454c6bb8ab0adf457118c90f34a47
6460f6dfc1cded03b105a4b10719b5de93838bb2	95606191d8be5c878ddac784aa88848808c90c6c
4fdd469fdbb1ab67d2f33eb2a67e67499791fc5f	e586d9e9bc88427e1b1de9013d531597c9900ef3
1d2650f2549435b9a7766770f77acde3c091a372	8c7eaa4477fbff8b4c24178646d1821395f35045
7d518c4196d9c8ea38ce7b716b8eb739f437ec7d	8464c8cb7cf49b6086de3651c63cd7c68d03496b
47e8eb1d18708f54d8b96dca20c41a4be12ed997	39d712765115d979e55057ebd12a55986939ff45
ae6015320ab1c70c31e7fb783e4b8ee9e09ac738	e2077009c4d3400b6982c6782798cd01e14db8fb
69c7ff5d6c9870395004b9fbee0f3f80c625ca29	700a8eb4253c55e7335fbecec92636c33c37d481
4a0aa447a31166b506e01496d21ad901e24671d4	3b0cba0852a1238222e1e1b470a88abe07b9dfce
4387436669d8fec6962887b6e6f30fff9568b2c6	f5554dd8b819d21711f5a07554e66e595fa39066
d3211f8e2fccb022f5600006aae90b2ee89ff239	4d0362d5305718638ae1390b61e8d02310949199
46343647244e55d2c0837d243b4eacfe29e15721	97ccd2ca047928e9d6075095b6952734cb341d19
cf422311afb153dff070d7897ec450f6629536cd	1ed6654ad4e3fcd74481f781a470d2b117d0e259
61cfac1564ab68d5408ef45e66bceca0bdea3682	5385f75f5308dd2146119658058a9a10e25940be
a667911478608ccbb0e557d3539109d62357e1b1	ad97d4e11fd029ffc016ed7c388b5d48eb9d5368
44e1e2b3fa2e44a391081b75b21198d3cd70d3f6	09d4e91b770b4fe6b1252a79bc64f880e39c3398
5e577debf71415cf9e4b7375d55f1226df5f9145	3dbdda9555a5472f271eb7d4ec31701d1a55df69
8dde7900217bbbf262ec806b00c20e9c89179fbb	1f4ed6ff8f42877820350ca47844dff8d942b7f9
7b7ebd375a59a37b65c258481144211ed039f6a8	6ddbe19bc022a2cd9b78bcd0e7b43d3b29f310dc
cefbfe6e8e1e3772b344f6a71875fbeefd278879	d7205ecc6026122c6fbc910ae928c7d899ac1ce0
64af513a88663ff0f4bd9dd6fa5956e4b4b92669	9e243e0ff90b56b7c23fed31d9c0de51411634b8
a0254c15668918d0c0b81ad17aa0598bcf8b501c	02bc3e0a0a3c323c518cb2634f80483dbdce8f47
672282dcf95e22ec4cd009159e473eb235e3eea0	87be6dc235cf23209225086bf2676dc82cc53ac6
9825fb344bf0a81568b1edad6aaedb9d250f9932	c1c30976dcd97d15c736bcfc0aecd3e9d4deab38
130a5808a58646da3aefa955908d1ffca61e5a8c	9bac18bcd1c921dd6f82ae8e4333eae71f40c176
119b19cbf43b8ac4f123d9d3fb7cf6456d3bdf55	ceda5cc95d02e4d4213ad938654a35a7962cf501
3322af9930aa157ff478e52355854b9ed25425e5	27d6b63e71cae71f8b8b5c8ba27f2aceb8ebbc3e
e01d47e8540ef13d0436d63406ad7052eb042745	b57abcc73c110520b7cd355aa14b30feaa86824b
bf6ac7da4623bfc5c9542195ae1a9952a80edc92	f1147965ddf7120c166f61302dce239bd17123c5
1fa6ba8f6befdf232ebf177ddd86797fb791f708	45f3234c730baca3e36914f8016e54c7943b0df9
a828aff6c1325b07f1540e8cfc7d6cfcef9bf5d8	aae3fded3209b7ba8f23123ab016e11be61e3a30
f25e34ab2f529708754d798d82a5fbe75fa2da74	090494faf5adea84b4d81bbe65c29a70c82a2ee3
388b5d9b19dfe9d754fc5ebb1cef4642daa87129	db5719e22fac3ec80d5aabf3647b76f89e48703a
28dc19523cca15087783a5c92b3c91fda056af47	064fb9b873170595ace70b57b61914f1ff4e15f3
28a5ee095c0483ecb41b8a195a8ebc15f8167443	f6a1e123fc646f4d804cf3d5039b3d36f25cef3a
a12b7deabede1c2c1ce570fd6108559efc6d55b3	3066dfe3b31c0d436766047ab6c363be5c60ff53
306ad2583b0ea1aadc60a33a6c09436260971424	1128fdd8c74c3e7d51d6119fd0d3ec8e4d5347dc
8d606a4b133f546da48040d5baec0aa040fb3df4	cfd9879b174d2b330f3610016e7d85e56a15dcf5
6f1fce00c1e2cffb349cb724a7356dd720529c41	9ceb660c57e1e34e6c922d0fc123244524832842
ca8c9063643a54ae00b752d119a68c48c8f154ae	7d00d7df281523f29b37fb352f66cef1f224ea58
1bcae20bfe386ac89fe5e032699c760d8e10300b	21b1ac26b9edf47f72b13c7838dbd07281edbfd3
074e02ce4f27c9964c57ddae48711a27680f8d66	7fec8d842e68c58454fdad0de7d4fe4cab1d793a
5b3ff4369b03bdc28dade886f4fdbf37db41be20	07c678fb850f574f63c409c6ac6c5ceeefd32d3b
5a7cb3742f0bd31b0e9ba1e4c53561f96dca57a8	baecfc77789b30afa7e7f38b08cbcb085e6845fc
9a69427ea9cee4c6b109513b3a6be00379f10b9e	07de36ecdb22f6f8870c1c98e5f7c385883f5170
13eac998893c131da62172aae00b139fd6a42912	2c8a8303cde1e4f7501436a16a954998944dcdb8
c9cac274b288bf49eafd0220a9a89973125854ac	e5991cae0b39709515fb07da23d6b32dbabdcebb
abba8d2a267b990fdeecd6a7203895e92a4fcaec	1349acfd5ace04baa351d5faf975ea401812c43a
91f9e5e2261ab223c09cb962f7851aa9cc63c101	98ff897f353b6456fea6b65c8edfc5712b6b59a4
cad0192c8552d4c1b99113e666b2021e4d2895e7	6144c8e3405b7c13ce76f5ae8db5494169b52e86
baaa77a2c7cc672eac10b968f4a274fb82de47b4	c8caac9f67bb3cca373f21473dec35123a3b2f81
0818d3f32d73c65f71efad38bafc3111e13069d5	81e9eda357ed7eca606f6b1a96aa7691b59d2818
8b8dea5256d11e46332145c7822bbf94af077d14	7cba3da108c0ad9a64bbce5db909c96233eae8a2
532b4f138d277046c412ee979fb266ebc2396b49	82d06b43e7175e05f2d987b49eb34b3f2ff59aa2
d819b4d3ea59facd45958b17d8b5ba90de8beebe	a7ac91f5736f25d8e017c7d8aa8907d01544e88a
83362a181a4935f7a75bda8962e6e14e415fdf6b	0540a95a43fa8a953d7c112ea67cc73e2794e028
ced1a07e4bc0f170a4f4a0faa8d011d2c8dc82ad	94707dfcdd5b10b30b2989ae13eec460db0a792e
de8a6c9f927f20da903264c821d6c3e627f19ee1	8a170435028c43cdf5aa39d01c7642cd16186b65
d4ead2621dbf0034967853fbfaf4463b345e8a32	b0aaa8680619d31100c45d6aa8b87b15eae406db
2035b0e888c540b94d0fe70c1d993962ae7dc271	8a2d3fbb28bff2eb9e0948c9afc4cc522638d3ae
9687a7e15a85138ac5a43dbb0571c63b52e1d466	46520196089aca34770b08420afaa464943ecbbd
6efa061be2d118834c6971f95ba3eca0e31ac238	06fa5abf6331532df1d04e6680cfc05c12ffca73
8bddf1b26b9ce7e5dccfc71efd429cd9ed166386	996fbbf0c3a7e2d679bfe41b97d7331f592d2fa7
7203fff5c1003cd210d0fa87144fe0a36e16cb97	142ff1b455daea3c13d9aee0967f41da72ee7fa1
e4148ac30637d878e3dbd6bb872911273f008141	74d662f7a375ae65c9c3440195325fd25c6d1418
094e64ee0bdad551af6f891edadd2208a28a94ba	085f60337799afc906069b540a38368968c123e4
4ceb899c7d5d7f2916bd5ffb364a653f1b8fba26	460fae83dcc1a7e4078e07f1b7f77ae329912b60
02cc1e58ec3ba48834c9eca7b21c90c9c5de2db5	bb9bd9bff6325ab15dd7fa672f534fc17790c357
3327b2828f18611b187e59de0e8628cb759a0f0e	c2354ebf25bdc5bd9acd0f24cad0da4d276c9d83
4f5b4fe0d604a3f92ecab51694b5425e0b3e2e78	c1f4755c4ef4aa1009affb96c93a98d3baf26886
4c69c8c8ecbfd782e7994dddee667639d12b3749	0ca5909b06edd5475ce4c45b0823f6d9397b6c95
feeff5679b424ba7da39ca80ff9a1544d376c532	e77a8114c51d7adc4b4ada1b0e344c03f9e460ff
cccd4dae19572ea2e8e480f1571122be6f898cfe	f1393235ff8a9490c1931199ad026adb24406ff8
5605f353facaaef03e82e810bebb95b80299d539	bdba2365deaf443edb1168d9e279601d2006a009
83d1f94603f508146ba6c45668dee4bac344fb2c	ce0da5b557d5ad8fa95f904be529e431c0a47ff9
5df91cce6f5b2f630a2bae82d8017347a008ba87	3853201412a90bd71243cfe685f95fe8812473b2
84129d18e31d88a886a8cf742271ead8a974e4c7	7003ef40a3cbabdf44420dd84ced36551a52296b
94b2ec88ef7cb983f00de5b9506811da50e1c922	59ec92228c15e94cfa602f83eabe86a05e1940e8
cc3959eb6584c020e19eacec5b63cdea898ba9c5	0eeb2da3233c8ccbb9a3a6810fce8975f346f0a5
ad1a15b62ac41120d0a539faeb0f5cf18a9e9508	977b0fac02791db1654ae192aea17d9075378e1b
3cd0a1d04cef2fe8d687264f07fd147064c4b97b	51964801ffbe1288097f0091fba6f9d39054b4b9
8aafdd1e0f68810602a1b7c35280068d9c56a18d	e08c052fc910b9aeb6f54d667a870a27eaaaef7c
e9098d18cbf4a8d1d79dc595a4a8c9eeed6cecdd	53927d8bbd289b32332e81fb9ed182f86810ff3a
4f1bcc95591a28fea745f691ea476d646320936c	968b9bc217e795d26b3c0f4a5b67f91a10339b92
859df330930dc74b0174c849ef73b5e181d19d64	69dc87aa6d27a24ace82d4d786f882544e093b27
83e929239a183353401ec96eba11ba352630b772	4193df375f69899cf24fe13892b7d963f7d88c1c
9956ef645d36be2ed9faa190c015c9ae78006ff8	5ff7006326e8a876d33d92b26ebd2671cdd48b9f
5b4b83a6b43c9f1e3378091665cf71bb434e046a	a89107ea9dc9863acfdf8e5a560e8d26332a8fdf
75cf5a416429b14bd4b1f31394be9ce94a2fb658	9ffdbba2ed65b7badf882075b521bdc827b2a9ab
dae41cc76460af1d8185abe15846e0b25f032356	65c71049eaae69de253e939681148f3521cd6b17
acef19924c3ea063a89ec58dc7746c99042b9c25	7d4e6a7f4edec653688dd33db12fbda93aa716ed
99b63c99c28da964365f93195865cbdb6c2da30f	d612620c5d4302623e7a5228cbc89c4b049a01c4
129cd9bdcace12e88d7baf9bd2686c7683f54623	8a9a77a4382e5eb1a628d2d66a85afb072babafb
abcc757e71f0d54e47ee869da1d18bc0b44adb13	a2098c18e1bfdd5197a534eb596c36685cee57cb
710f76a6699486b0453708d6d5b80c26a5537dd0	cf2181dd3a1878c456b2f156addd6cd02bdea6ce
d81f279f1196fe245fbbbfa72c6a21f521eba569	5899e95ff15dd51ba0b29462e5be285c4db76e53
b62da56a98b11b5d3b0d61889aca920013a28e69	d7160c19cf44a97d6395dec343018e06b79ec0a7
1467263fdf1941041f8ccda01c75f7a1fb0e5dd9	da9e22b4e6d822e4d425664ba2c1535f3b12a916
97931719274f91f759e8510c2cca1f6dc8a7d69c	0e120f8a444cab6e788c340e854aeb8be096f982
6307e8807c35c7beb966070ca139d2ec072879e9	d918863ac5c45d73e64a92a74a577383041aac02
2bad0037de9189f42c4e5a27778e4c62b94f5aaf	2ae192305caa9f2301c5ad7de4ce264c6ae6e611
8b86bf3b6efd841a5ba5b7091403a21d72b38b09	71d1879bd6c4c1868a25e4be6d6897febc23861d
03557e5417463e1be837ea557a1e78187f5f18bd	917514e09f1b18c09ea486fe331203c5cf8f2223
3b646f522ad932835e3b3b56d718df51c8ce76db	5327aeaea4fdc6d42c5aa6574c5b795e9f7cc8b9
cad5dba60c7cb216207a2de2696cc70e7b001a4d	93ae3f7a1e110a1aabe717b9941eec7b41e0ecf6
79f2d79b19ca15397c00e996988c9bc2acbf316e	f24a2aed7dac1dc94e18f6e8d8c1161a221aeb7c
b503a1e9748aa43b8dca4952b9e71fc7d4550295	0517ceef767b0e47cfc9bd6e68a8f47a928cb6a7
be9bab46d1d59e301547419928259918d950d8bf	830ea46932132fda2e29fccbbb56f56ab3ad08bb
9cb1be1bce61421ee9845b7d0d550c57dfe83243	cd0fcd5ddcf4cfd5e5677567f0b6ca23b862d59b
754deb31cc24918c5868cb2c7a65c95163254763	003176f069f70117584a5f378cbfffb8637e0133
2a8295c8e2dbdc0f71d5bc64cabd365173c856fb	71d92518c12996e25ea951adafe4ea4958449f98
9eafb4c01e4d4f9ff6f505dee5cd24ed4325f32e	b5dcd6bf593b61f25292a25b29471364b8be61cb
51b750186f46818a3ba3b7f8859679ee6cf3024a	11c7b4a86664fb5867bb76ae901ed264a7096436
5355b037123fd9a74486ff4abebe3d948b0775da	ee14135298cbfb7d1c59d7e1f469c40555796e64
6158290cd5a02febf4ff9721cbb30c0e22ad89c4	cbcf005f37af6c45f3bca0025718bdccd4f63e06
543447b1d63d8ca351e4d066a034b855d590e626	daee0b154e618f4b6c7490cbfa6c919f68b60b0d
2345c04ea0166770d2aa0b376088cb15d0a0e410	d530c724c029dee40b427ba1f0eba5d8eab4ca13
3da2a9117f99142e0d324efdecc981e19c5031cd	7f698c1104fa8923ea94286a87e0680baeb68b96
2588774bfa35e98606e1f7167acf1cf22a379fcd	7a4a44c6d29e39e350341e1eeffe0f2faeba178f
a64de29dc9f127163e165d54acc8e84d12de9e1a	44277e5dd2a095c68b5e18cfced67a195fdb79f4
d7c6880a2b97beb58fb651f9c155324e83ea4353	1f470c69c407f33cee0babb39d212731bacd03ce
489b6c03bc35dc963728f0d7c0ccfbd5f19daed3	742adacce77f5cdb9eeb0efd67e7fbf44c966a12
8bbd221de55eb87ea01535490edd03bce7c64f31	32e1d5a5e2e716375bc797899473dc0efbe70024
fc6a10c0a1a4b1db985fca2c7d370349c60a1bff	cb9f4ce597970357ac861bfd06862fb9cc3e35c8
695e4441775bce3611a003c8224b4e60da365f2c	4b1a6185ba64dda971ebf8d3f0a44866e155abdf
b6e9fa54e2663e5db386cda4e4bdba2984e71940	8d85c92356aab3d640551e86554314e741b599a7
e8e11be79124edb4fcca735a0f2125e19e9c0b3c	c6164c9ecae5906f2fdc5c82a966bef4634000ee
8d7c48b6fdc3c4cfb567f7f9b82af978ab3203dc	3c85b8bc488231c9190aeba5b523fe2778f79271
a1750dc4db7f0341a9ae6740517b8491c5412f20	8b8fb4344c17356eed7b721a57ae367fa5910bd2
c0b8f7034f193627d31d272cea17884a15842407	e85a38e05971fb7918e3798ff4b679a46e280a22
cba32f4cd82e1162187afd040b44da53ed157a7c	f3ac91673a6df6b53f9100a69cf3ba283839e4b8
bcbc238fe31492ccc38ccde8170e480498b10f88	0f1e58b9170c2c7a1e6bec301cb598f783f5eb5d
a946233cc18db179faf2ef753c16cff6870599e3	c4cfe24aef7cca24b09647655ed8fea44452e40b
961e20af2eb0aa2c0936b7c70d7835ae40dad5a1	3d73b159ba55054f930ed4d6850436469d4fdd15
e06491826a951412b607a6765b017966eafc1566	0ae1afef449778e57e2d597d49ec7052c89b4964
fee9413e0a0ba7c2123809a76b0715eddc729788	a5e2a4073bba6213b1bc88fbc72469fed35565cb
abca4f1f07634f179e89836bdf404ad943a567a8	b6cb3948a305f5c2b41ff259035cda28f8401bdf
e989ff0fceb8b0e8a0c2b802727a9078af38966d	7b0f5061dcb82db99fb3b79931b5251c9147819d
88a12cae8f449dd4344d825f3d0965f6cb5a4525	76f20482f7c1fc3bd5e6b0a2474f1a800ab99d0a
e5648552d7341209bb861a16e5bf362c4ae6e589	e735a5bdc8c8a3dc2048ccfed7fefdc139587713
e59424b9e2f3cd6ccca40cc4067df733556473ec	70381e93c824d385c931c5d6853dcf07f7d9e3ad
31ae04f742ee2e1b228ed3c0357373536810e0c7	07a40716e8f688d876ac892bf033b37280ee23ef
96659b53e02a6abbf8d3730e766b170d6b562c18	5fea5956db44af3d81909e1d34fa37ca528c0973
0ce73199a2d0f2be238db5b2abefc67d14298778	d20a389043dffe06774fc71b1fed3bba2ab22e70
cf29d0aab31c80b897d80325d06972b7bfe3dc1a	4a4180bde529d415028e06b0078e4aa36a507c65
27eac79950c7c211a4f855967e4ddfee83d96d61	7ecb6daabb84a84111953205520aee9d1c0b2741
94676f948ea9a42ec4b58cdaa1dd51f9eb101f75	712bdd9ae5dc8214e2e7f96b1396fd34f3033310
1708e19e4d974c3f3ecb5167af7a57f561bba9d6	a3b74591a7d76111d935cdea4059f5200ebef25b
1337df8b7940434995cf7382cff3323073ae6657	2f4abc652311b809b403f6e61cbe67196fe09cac
b51a869a51e5cba54b192cbb1c7c38522b8caa29	965ab075d95aee30fec9e3f748bdc3e47ed62bab
e4db47184d454ef2150f2a2d4e1971540f92fbde	ed2f8b96376616d12cb65da2e5ae60a0bdb9269e
01fc193b489d7ec20bf3804acad9a5e0301914c0	0f71ce51206a970f02439a886655898a74f90ed9
0ae63ee854daa1d2cde9489ac76c513a9290d162	f8085ab111ce0203a2160ef2f75547ece66e979b
9e59a124ce2688f47bb4620b1c7c01f2fefc5250	f61b272cbf3732ac7d8307ee787963ba78ca5945
feb282e0acbec7705c542ff98917c749296b946e	59d437b9d2458f143813135bac76685be979df10
71a9950a6d6517f7bb8899e932bff4ee081c49c5	a7338fdc2b843d9570b26aa1e7d2af936ed44dfe
dc467a634f334a2dd43a6a1b4fb60ca750037ce2	d88860928e9b321309b10ea21de64f5532b157c6
2c87b0b01b8b77241937dc51b6679f2fcde14af5	20a2e38f47512ddeded117f57964362976d06253
fb299a0660e646ac12ce83b3f550dc3e4be451ae	acd438be239ed0247c2e395dda1af41f09b0f8d1
3e5b29841af82f2febd879d1ba1265f98bc37f50	e27fb51b54ffab1a4cf0045da84133c7a4dfa976
d75d7be147669ff64e7cbfb242d947bd0570c2b4	adc38b26ebf62e5f572eb37e2ccfdebfeac08ac2
6380b4dd189aaf2ea8c47efebb5385521c0f903d	7e943e743aacad52412a98a343993e44e031de44
24e41474a4cf2acb3f7ea41e307d4bde0370ab04	ceffcc0ad2126bf2a18257cffcbd823d73412c3a
ee5edff8ebdff9839c654382160e0a1befe0325b	fdc451f7c6d74b2f59c9d2cdbdc880af6cfe5fca
6a3ae08c7e9bfbe87645ffcabc45ba78e0fd5351	b48c471e6a6473affd5496bc4b29fd192535fa7b
d072fd6430fd0dcef110438931b60876c4cb7fc0	4b1fabd007e4232a5d5e721753e3626f560bdb65
b28c6670d3862a10224c082d29d6cda8f96e68aa	2b5eb1c59e1ca345496f2af52b04d8d0607f63d7
d4de042a11b5dd2994e2ab93e311ede7c42449d2	e2d3862e647ac72e98886a31eeac2a87cd791564
7255b84605b2aa3450366ecdb0a3b0abfe538ebd	4f5e7b974ddf756b128298088eb498a23390a6f8
da997888f6d357ca31a1fa2e01baed43dd3dbd6a	21dedddd93624ededc2994875665a2c7af0717fc
418fda6a54131868830bb3cdcc8ab3789019cdd3	e02502bec0ac13ad346d271d81ab8e7c45073fe2
0d23057f3a71f03b0b43ac178b1cc5e2d219151a	ba67633ee830154d6fffde601893df8c010d5929
c4b9e1227b8e633ae15be461b5bf93fc26a47dbe	7fd9abe802d5e22c20b46dcfc9e1bafa71f28f63
486c84febb6edbfaeb5bb56b2b270586e739d66c	78a5f592025a2c144c5a5d414976382c7ee5fa86
66a42b36339efd4939f504387bfbdc11206530aa	8d0da685d25c510d52865e44199781f5c09dc56a
1bd8b17f542eb8a2c9971110c681ffe851338bc8	e6644f784e9a58d7b6ff1aaff8afbeb5343b09bd
12a276d87261fe2d3d6f3b6ee9d7222ca8436338	2b93b74d381362049120646172d509924b6a6c65
1371120a936b9faf567a587b773a4d4e247fccd8	dd52c26ae1bd6751b99d75d315048d71c592f033
e8bb02ee64aa6cf1671d76b7a1885f4c7f0e97f3	f288e3898b047a0287b3c2041826e03a691221f5
481a13c1e8c044d5cb7dca2e3fdacafdc037c37f	1bc893a73ad48145f26fc3cc73711ef6e9bc028f
cc4be357d54bf4431b11d3bf494fc78b61274274	7359fdf1954363c772985a95f8a6b2726cea011f
22d10fdc84c6daca4766155083cf119f66a75d07	02b7041de653efa27abf98577e76b182a74efaed
6ba17b64d60648b65b8a500e9df208a7ffaf6c26	96ac931b118a0e51cab45c3b2da563e31dcbc72f
36301d8988d8a76566995d45a36aa896310f4b55	3077a826508e1186d56d2a39930653bdf270c3b2
a68f8e7be672904eda9ac597ff87a2e80ae840d2	de998c5119061d654c99e4fa7a9da929d2bf642a
d688a4dd0bd16c5f0e35c2440306c3ae4b4e212e	d32c30c4b7eebaef62dc2b7351dd85e9140def62
7c035b434bb4ec41750692449e3f8314e30d8455	4823023806fd80aee79fc8ab818d6aafaefdcbc4
b63eb1fe341eaeaf123812c7f4d298f19ed6a81b	bb355d17b2de2fb165b3620ae0e9834b04c088b1
3abe5c471493aaf5514a3095258567a7f1b9b847	aaf30bf92bc4bf4323ee6a15906e26e4a192238f
03c46bd1ddb78c3ff94440900d575e50c39d2b26	f8c400cffcfda668d8b7dd75ae3f1c2838eed8a5
a397d4cde3eeabb48c9a9767c91237bd2a89b5de	3c24411e142ae8a0b1cbde0960facb358338d246
84e3eb8a2f63db0b52cfb51ccd388b8f0291d588	4a44aa3c2170c01ae3264a928a3d5ab184793eed
cf21c0dccc79b59ca1457e9bd995031adf90964a	8db2ae0c8357ef173bb4c8719200d3a72b1ae88e
30c5ab7d7ae89837e373aaeadc39148a9775b1f3	80d1aebcb77037258448a6fbb18c8e1a53eb5a3b
f930f1088f4fef7f160f0fc3e9289305649065aa	5583e01c990d6082cac20489c093637c113199ea
9dc7787011b863865a8c618471e64014d4419a9b	bca0b86549125bc84395188a5d6c5925d75cd415
3e7a5a5368987b7b68185bef839c9151f4fa7cdf	8332878cdce81aea5dcb297800c50965f0e7b8a0
a9c140cca5774c657ded19bbd96df3e7558112bf	d0ba69ad22151e8bfb0ce0c75a7452e767b14f8a
d09dc7aeca028b865d4658db523cb6ec02689f33	31b88344276df3e26e3248240d05f2ce1380154b
da479a8239bf149754b0d9262c4a8343eb575075	d0f7a59e9b0381ceadcf8399ca875de04fa7d9b9
1b0afff2ec85e5cae933a6b2e798d8d004e0c54f	71e7d517a8d391451198fc2e46c52855acfb1c4b
d911061744270952d2c5cd1b7a090d8bfad4ad60	e6885e9967e831fbcc72f1a6febb1be7fcef6a78
bcf08d8ce8911db58616c8887b030f56f7bd2c09	e2090923db572b412d0f5b295539aacf77fdb620
91e523703f56fa0aab1f54bf98501cbe7b749d1f	46be319976f03e349bcba1f0c0e9e56956f91761
60de2a717d613f0f4613e2e4be1522a5ef55cc11	b27bc45cf2550e00823e799a313f8226443aa58e
6a4592a3e01f3628e30521d962571ce6b2929b60	3d735281f468e2c2eb13c1148b4b71a9272ea0d9
359d8132399208c7748dac815078fdc53a38ed69	8760a0d94d2255a44475f74998746cc4f679b80c
99fd8e85d092aed9c9f945eec0fe5eac6911aec0	2239b5993339bedafc3ac5571d7d573e8814a0bb
e4a45332aaf2b76997a139c3c07757aafa8f7176	425a63f59dcba6f6c692e4eaa69927564eb62eb5
601a5c7a7518a32fe3f96ecf1a690bfbb1765602	b85725c009334979e233d1f77cabcb3ae4b21ce6
ffb079eaf9b73794f7e993004d1c4740c95c93ba	17aebc56c1b72696aa379a4806a6b73eb4fa3f85
3f4a110b872664006dcfc8c6f0634951089aad56	f76b21b02c01cff2b6fdf74b8994e8a335b75e4d
6bc349a8427654c801f2dbad63bec15355686c69	704545a2ec67e7520e62172e267cea349fafc953
123a0622c937d3e0af64247654ee7312b3af88e2	dc7b7afc06123e3509e2c91c64686f6e439f0fcd
57fa9b9125a869967b967eec4f8c5e61b9949500	e478d3c2dc3eab29c1ed73e278c1ad9dca5ec827
7d67b1d99cb768d6cfa2d488ee75a625ce7a7846	c8318058bb4a15e9d6751a71e78bdd3b68c57b32
b93be030baf2e603b73838d9b16799892dcec6b2	abca2118e77327a9d8239f1846614b2fa6149fa9
627495c37ea993804f72fb030f25b4fbb24cfc1e	a8ee41715a6973497279b83715ff79276661f300
37f09bd042f285fc2bf556eb6c41d6a088587a8c	94f76d667140518e8f610ac6b9ccca7d8e643b27
a2c74e58b64fce68b1fcf8153fa897006dc39c4b	bf6cc8903c3db1ac263c04cf266173d715e578f1
bffa7a1019c91e117eefbc2e527fa93d8d3fa431	1b15e1692aa50ffad36b5086109d3667f15433ef
5c733c2671164cbdde76108910a5a40bab0e098f	017372db257cbb4840906762583ada5dcac0513b
3894945d811bae6a17f3fef055b3e6a129b8f173	216a0380fe85a88ea1c423ade15145b38d7dbe89
57735d98966910d2838560028d2919ba7681a237	71b9e4ff176e162f4403e479cb40bf0b272462c7
aa18ed26276c4dcc7c5a662ddb1ce72e20f05c3f	9b7deb524634f20fe5e6dcc8f097d5c2195ce7cd
2afa4120b75f624fdb554ebdf053aeb0b7ddc582	a850a73e1afda12ea7efc65951d8abd9e9ffecff
9ea0a8fc6b2f6e0ec91bb51b42170566eb279c0e	c4d9be9e0d94cff5ea5e73dce9c6a2d8ed73b081
798cdf1caa7d7b280736b1df709b0386d62564cb	f31c604b3db2ee92b70c91a21acaaede8550d75f
2d0c8bd0f7d25715dacf93bc6fea5c6a2c87d5ab	4c8a50a52befbb592c07075fa4dc34594a5577f4
841b347b7c4eda908caa6c54270c8c8508acf7ac	b326e60998f683309e7d30831e7a9c21826534e6
4b18420b33ad97649e1ef0d9164425f5abb0adcc	11bec79a06268f00e7c5a7d5509245855d6dd522
1950a9db0966b249de4c05133c31f9a9e8a35a14	16eff06c37f9736fb317188c3f8751f027d120d2
d46e1e7e8c3d4cdc7d0630d8f25284bd3157af53	2911eba236bbacc95ac94111c86d993943f22421
09b32bb38e766dfe8ff9292a33c7f20427f34097	2e607118c30d13cf09c1e68afc221d5247df2b9b
6babda56a1cd327e48f9cb5e909e9c283f9b45b4	89c723e3e42c557b674062b74d376fea3d691287
12b1094d6695a75551f718cf2dd885e85e597516	35fd9de3ff97f2a910adb880d19096adf22d38cb
ca01f19f590429048aa5dd222d47912dcd74d01d	6ddcd3954d65779861ef589ae98202be1c2a85eb
29e1fc22141e660fc0fe6f949c0e9edb36955507	36b0f2e91abfe8b0bb8dec8bca157d4106b8d40a
dca5441fea5607c2975a0aecbf6751a44efd37b3	fe053e26b5cb736f8ad5baaa9f8f1e81ae90395e
86b9e5fd50fcbbf1b73f8a088b23f6bc860db9b4	269434cfe63601200127a1506088aa4a143f63c6
df586ab6c31e0749b8c37b7e111b5f76d7812f55	88495a24dcad5a151b8fae0c502eea71555d58a2
b7dd0a710881cb737e8aad26df466381ad17ca70	d131a7c10a479beb4180218b6ce9ae656ba1e6e7
85b5acabf2a6bb28188686b677a76eadda72b71f	744a5d703b38a801907c0b490cd798b7c4b91a16
c3b3b52fdd286c19ebf47a0d17c37107712514c9	09421b637869649a7b98e0b9b0a7838874a79285
eb9b326a83ac0edaa72fe66c0756a1667df8bee7	21283b554a4d7e399cbf6fc8d4f7efca9e9f8442
18814ac63ca089091f19f30e0604e5a86d7fe46e	25810b50c10a63fd2c53f22a950d3dc06fe746a9
3d9f4b947748d6e712004b6619cb789f0294380f	f1e3a59db3ee4dbf66e9f8ccc6758da4e5cdd557
9f49e8cadba1cc2648c1ba59b87d371834f3cb86	a99deb2cb580442f3468d3f661f7af3b3913bbbd
e42f0eead5f04ef27334a08f11b26fb8a70f8907	38d28e076372f29f999449c88cdeb841a522a0e7
8aec15c691b4a809a158fbe52c79ada9bae0f514	e09a94bb9e3a1ade434f1630c1cf439a0a6fcdf0
d671fbe01fe28e696fae45f9ac0989e46f499a6b	a21c5324fd6c0ffa6e068af57555420d6827245f
686e83bbe80468c884efba60e5ad5ba4c2cb9771	4b43acfec02ac95d619415fd8386d1cb0ee224b8
f4103cf252514cdcc30af5b59b5e0eda5cf991e0	7df151e8201d3995bab8870065054208c5a0f422
d1303812941bd081366c64aa96fda2c327edab84	5948ffb96500ca2c83d6601d155edf5e975674d2
9511d001f5909799871395034ca83fc4074d18f2	bf4e556f6729e33273d49fc63d4d7731c1e8a645
bbf85bade3703df2b2b81994e91456e88056e759	e3f85676904846d9186a4a3884e7ffe0bd3b9ce8
310f3b4d6d931b273a904189a73675aab84a1238	40c7f3e170c68f7b1cfb6876e1e583da80e2f845
2340e86ab60a991536ee06d011e473945cadf7a1	c506255e0fa4b6fd58b61619cc7732f6f6cd5646
fdd7aea9feabe0ce98888c0cdf3db9eb50af23d2	87c6fd4c0fd757266deafeba5a36302d30e64a00
17eefc346dc959d1b383f96ae87783c54e449532	19c445d28e27b57e305fed7aa603a74f0cab1c5f
b665b69bc1889d54fded8fdf0d5d5aeb3b31632c	9119a5209b5696a5aa471a17a1e0e2c40cd89e72
38f8bbd697f749f53c58f91da130a7f293e350a1	46c8d6e61f5e5f5f8904a55dce926b3e7028b973
eb46fb145e0c9148e14561a145502567d9f9a07f	ea17c2786d22711b3aea00d34f1c3f2e3130cbcd
276cf6b0f8fecb729e892035deeb871a3399889b	12ababd9114793e3c55323dac64a020dd8f918a2
057800f69ce45f033b73eb2a3f805ae3afe03874	0523845833ee04b235abecab8e286655efdc6c8c
167d008f6dac2823097ea61a7d3f4a0df255d396	57794919fa7722711904575cc3467c1aa9c14e31
c1b07d0dcc476575500fca2dca10c89c25438471	f5bb5cf3437ef76fd1d3d1d9aa31e40a4331b436
849798f2469607fc16a51dbb50c24e6247ee6472	3eed614dea58aa00f6eef6b5d6af883ea901a866
b9ddaf4d8e1ca7e5678ddbbb2a006dae5fa5c2e7	76a295a660d2688be7cfb24660780168fb8f5e7c
8677052e2ea3a3bde0f9f2350da4db9ae8c4eb1d	082e3fb8df9dadbdb98a41e5733afd9d301e38d1
1864b6d437e779e2a31348cc2b995cb0df2ae9a3	a0cab4f5639d22679633ace11ba259bc9123a38f
7736ae4eaae858de6e1bdc0aafedb727935416d6	aeb7308e81263bd1a4671710a1027dfc8fc6174b
9362b22148f8311fe418cb94b4cbf0dc581179c8	bb1ebfda836998938af2cc78792c3436e2a3949d
4942c62ac9cc86f4306d4a4b13d42ece941c60bd	c05c798221b7d1ba48a7f626b0efd95d74dadb88
e31be6ebff91b1de67a97b916313a1485deb1de3	55b1bcc6a543fd8e252a39977b201ba1cf0bb958
05541ed3069fb7ecf324eae287e69ad9a885382e	d6eddce4203099efde8651f0d185bc28b2ffe088
c2eeb0cbbdf54ceb39263a2f960dcb8c789ed6f3	4bf057139b454dde275f0307c0a9706f4199a2de
6cdac64d9fbae5292e4f951399b821ac3fdca8b6	a1b28b8282780d752db9f4ef3037478d425e5ccb
8436d08388aa9186533d4a351090cb7f6d0ca0b7	d0aaf71770536f2420b43acdbc495c4b3d3ca1f5
ad29943261ef665272aca65e22c2828fc54167d0	2f31202c6b769b671c6f2b757e7ffcce129eb044
fc5e6ffaa4bbd34217ea913cc1def8edb162f229	e4cc510712a436d6bf469f0a545ca6a99b82bc03
2285e8f5d37227093af3863debeaa31e84ccf243	e329bf686513db914eead60d926f23796a23f18a
1b1c99516b2abca8dcb44f1c791d299751eccb48	2badcec76547674b6ce4226a3acc6b571554d2d1
a1e1339b09eb768e9a51b6ca23db150e8defe836	e71c13b1a2295ceb411fcade59259cff75e0eae8
b2a1a32a934dc527ff6435bc1c1a0505a90434c9	a959a67ed3ca3d2869e16458754e5d8fd3532a36
ede571a1aa10bdd2abcfeac363b8ed5cf50f5510	a1044af579f9053d6e55d5ca9efee460c45a6f6a
6bf470521742be43876774c5cbcca8434752d4ca	a64b57451ac07042454bc597cbffd16af3afcc98
56b8450f70350396cf9aeec3028e921b306a3848	f0e2318cbd5d3d67b219fc98fe9f02fc040324a1
a6e680d25033fdb013a93a2005108132a2cd848a	ebec308fd8670fe433ebae610f6045ad0b555961
a946cd69abf37712d9d524c29ae306f7a6aa7ea6	ca094587beeaf72e9c73f72ca26e60dfacfb8a59
ad2d50b6d4e7701b81833fbfc42c1c9cb2146f79	ca3b86c7819715aff53b6a420f821db5b9469ab1
c4ebcf3fcd99e0ac2a8a0bca97c8f11eafff57e9	5a1d0047b9f65c4662c649d4e8758ad85ec901e3
80c8f7ea1b590fe2ae3266888c4156f055bfec88	466985403932f9ea965ff8f6f7f2d9678d430d4c
eabad869214f16e23a593de7db1173398eeab715	2eecdc38a47c76458a1f1206cdd5e969bfd88d34
10d5c5ee1fd672b591dc7d85f7ab3c0f87f63e56	83581b7c1a4fb545c5d5a8ca784b72335340e7ee
bebe9d8cf0b863a6a90a78626e5b7506147e5e7e	d346f0023d01bb4455cb9439a611ba460a3fa204
1d0eb729750af29e1e15c88382e17b9e8b53d451	47b7a29cbd60bf721625a082e0496b8a77d2468c
d98404d85f6b542cd6888f6b4b20395b44faaf00	cffc07579df9565a2a6d509b5a43885ad3af29de
977833d29dbfc1b783e1b1c1251e0259f7af9790	0ef268637e6efd801845630ed7a0f52fd8ac62c7
cec13d4d9e2eef56bd8e0c796d375eef2e6e9ee0	50f5a76380958f83ee4bed11ecff23be177eb4ef
6e137f46ec14788aca51bead94c2ee81e23d49b5	20ca05dd363d7f9982c6af84155047f53a351b8c
4ab10ec5027416c9670d29a969b3fc710e7f386c	5a792b186af96b9f148168dc508182eb6cfe7a79
ca841ac4c3e5b6305dac5b1eb035573ece596f94	3f458064a3dd8c573b953da1e76d312344d2f370
7f140a71623f8142c4c1645d15375d312545df43	5269231df0f36112c00ae12259c2a849416b37b8
0a493a440efc4df4f5745edd6742486c268e1584	fc8e49994cf774ed7f3b78047c58555900d664b5
4f9569f55347211b4c3fde1cd4b083d9704b1d70	e911d4aa4bd52cd135800ab36b3eeee55737ecf6
c062e411496af5a0d7d485623366575063496c59	01f6e70bc55ee59cec896663af02e4ff0d2cd59e
d9d4d4e1d32948abbc5f86ac784353ab79cd7fe4	5f1e39a42c344f77954e7957867ae1d862dec286
5b3b170d2dfa854c8dbd87c2339f86e54ebd4aa9	4f7770e254d0f2f3e63bd2c8984b69a4c87a48c0
fa6f22926067a620eab2fd40778726141d1d66d8	e8c4c942c052a962be23292dfb6c5790ec1d057e
87584b0a10d15343c904de7bfe9b900c2f8e9b01	253976d6c0e3e0421dbcf6763e235d30ad9d2142
41c4b583037d95fbade62dbf6e7a5160e99cf763	f0571b41220c9b632f693ee44d7b36b91da6d36f
4eafb9e2577bb48d2ef39ba6fc0052eeaf46aa76	1b71e52e9005f2a800300c3710380ff4c51db7f9
f8e2b737953775d4acca180d185bdc31d0e2f0d3	6d24be23da8a3d6ad3fbfa98f7dde80fd71893b9
501968730548a0510ea06902712f5c62cb559810	2a45c178fabf525af125f9349b9fe8aeedd1f978
18a7e666a812363dfe80f8bb3d40fee6cfbb9aad	81e214812fd01576f61b3f7c7b0ff055b6804904
c82de0e2c66ce93c85a87af0c57a98c1159c32cc	4d23773a25dfa084c076fbfe6e23a78a43dfdb1d
d5963c1d5601078fba1beda5fd237fcfa8baad5d	40a0b69918aee69d981ed8b70b76273ae50cec74
ac4f85d1686d6ca413d70e0a13e58b8c35c9f735	a7b37c5953f6954e6410c3dc14848e119af3ba9c
706a3a59c94e28792a63c7e6db03cc3686c53c34	03663a5093f2c4fd853976bce9044a33ea1dbb17
4f3f32eb012421980aaed0802a651874c04d9df3	b08226a8508054f97698f8e4b87cd1119bace1f4
84795eef0340b832080d2cbb372e615c37f059ce	edbae5dc4d9052536480478a6ac41fefdaff4c2a
6c1bfca36f1246841473346e9c78b936a288ea67	0f8ad0234b356c3e6608ac133db99e8f20bb4823
7c65b57e2ec6eb37e10bf2f5df3c10ca769ba497	661eadc3bdffb555941208581152a0894370b1c4
fa26854664cabfd2b7a4a9712fd44120574c07ce	50c129056745ee069129c4f8c0da36562867e8b2
d9131e6aef63ca0f65f8e6a578d47a7c9709824a	eaccc9759a16b69e14f5e95ed7388f6475ca0970
137caa1476d6c5e89984aea16d3f3491f1d474b3	925214869b9715efb435cb0eac17754551011984
a7d8fa7cfc93e5423b6d702abeefd64c87a6b63f	6a2bfd26d0826a5a1dbfb4a1f0e5f39cff36547a
5c90729f4d14932459902745b0a65d591b8ece09	72a81afb761622729f1faa299bbc2f7cf9499063
debdb4ef45feaf14c440e23a58c0b502a0e8ad9b	240abe204c145b1c3313b4a7c132ea75fefc8576
677164a25e8ee03282dab05b66804c7b81f048d3	7c49196792e2000146c9b97885e669e43fbb300c
b54e896ef8b1856fda6cea23af5e6cb35f65f3d7	3a2808cff6fd672bd9d308ff5374176715afe360
5246a09f4660d06048a7d591b242cdfa43ccddda	005d6cf4cf32b7821800237dce107a8d61fc0af6
0baa2cf956559af1c1e16967cf4a60fea969f8af	36dff630d683ca78f59efcf8bc24ccfbe2df4e85
b7c9bca526e7ab4f710783a3067faf3abe4cd376	1825869124b4822eee2a029b7409d0a87d7c5a27
de779c3e53838efa20ff5d0ea9ccddccb6b50151	3cadc9037577aa78724f53ec4916485c3feb52b7
02eb324121a7c593edc28bd0997bd51ab0ee7397	2c6967d7f9e2ecf85ea3ed6ea024fe1e81293ee0
b349f4bca0cb7161b0bbdb26e18276f92f4efc2a	fe866b123ad7969f00fd8ab3483551a0b0dee2a7
e1b70c1d4c90f4ea52a52f3fc645c3fcb60e1efd	cbef1b1e593a68ec0f3443840c67ab77e1a385c8
3e4a014c83351a3d788b4f426607b58bf92e3405	e21f84932cd9b83f18aab9b93693e5e413bfd880
7226de5c24de28595ee206d0280008b87b8f3098	7a679bc328e16b12dbe0b6c731fb5acdc89b002f
e85546be4ef755c5f5543f274f40ec444fc371e0	6635dd9abc519dde8117b0df55e338a07bdeec98
fd0d8867f2d9f3a9fd7ebcdc70e7bad70144a7b5	ce164724eacf3c4a3a1f650eefb2fd0d2da96d18
72e44607604c5ff3050e2270259b46e9efa06d7c	a3ef7a7d88cf11ef96149fe89c0c57e945becee3
3c9e287018954225cde8826d8991db932f0ad5ef	71218ef0d30820d3220fde2f7e4528661f57a736
d444d968e862940e3afc94ac83dcb6cf0a8956f0	e777b4c6dc3862625b1ea09814fa4f637d0e5358
87c278d2671e99bbefbbb9aeeb988a50b685c7d8	6815f9418020322e8cd030399449929273cfda33
6d211ec2b731f077cd143c45453a2066cd4ddac5	b013acd89d5949145d58826c18706a6799d0fd6f
efc2d81a2f799e6abd01af1f5211422b085a43b1	f7c2eb6e7646bf4741f98d995a428843baf78291
2aa85435593685919862d57e7a9b3b9a1cf52986	3ef9b1b343883d97ef51bbfb8ebfea538eda4ce1
2b164a7d3b7a9104e2cbb65e8f653753d4c3049d	2224c68959302d194838b518e53b90f2e1bc5cbd
e1e5823facf8f510992c1f706d25798323075402	bb7d03d1db68ddd73cf4669abdba2394b8fc0d7a
207f553b832462c4e2af98e051a4793ccd220b2a	50036924e8078abb8d4840148c1e08b81a161084
49b7ffda8005bd664d1565644bc71afd3eec99b1	c2c3f7284f430154599f03220cd381181e0fc126
9055896c41acb4446ad6b2a6ce04b40d14e3b927	f6fee5367695778c8fb3cd4c522b9a415f425c1d
609ebf2f358c5aaadaa8b06c4ddd2bdd948a70f4	63b8e8ed23a71275f331f24d6f6524115580b095
728965dc0727cfdd68427b8c4464411be024007e	6ae86eda9826b7c93521c520beeccb190e75a8ab
ec653796946397d9f92657a14a72bdfb988c2e99	267d9617b7d1eab97400684bfed99bce3ba1caa0
e541c09c7fdd2fcbe0aa12777ee96956b795027d	0a06ccae50d66b6fda9a272d85773cc629a7fb51
70145a96798bd982b79e4746a2f06b08776e0bee	8de0fad9f5ec914ea7c35e005b25e7333f4cc3c6
a30444b68b25b5c13aee0546532ce22cb9fd1043	e05bf6308e823bf44823cbfe3b5f7a46147deb72
c9e87210caf5898212206b003b7ba9a5679dd092	a20a0cb4557ae4dbdb0da6c6335ad44d5917772d
68e62fa65a5314af925d1e4d912a242e062ad632	d29f7475d200672c90b0118d612a8b04614329a7
2cac56e535f4c7ed64e6cc1bd9cbe7cfd00a3b1a	aaa67028637f8cd1055ac8ccc56b44d08dc4c546
136fbfb7822f3a1ee75fa4cab0ce4ecdd945d484	bb928f096ad15eba7e8df812587d64281b9703ff
65bd40d8dad05d109189d61c56fd9a3f89ef74cb	9f01d5c5b43d95e210eb442cba63b3a20ddacfe6
65f4e8e5fbf002f163ea9d131422e8eec40611e5	11629a931bd38d7ad97ff2b24d1878bf09854b7f
8ab55a19e122a7099cdbaa5a2c238fc0297573ee	126f825241ff164a9536916fe32269979c7a64cd
8bdc6830ff82a7c792e1a498f78e67ccaf6d14fe	998cc7bd224b78bbc007aa929ff56a8d628893d0
03b9614336b5828853efff710d4b51083b1a50d1	3efccaa8f5022c0531be15ba513e1cdd3200978e
562c086360fa982307cf6189232711f7bfbcbe5a	d57b35ec3075e67904c38f0cd584b12a942075da
b5c3a1cd4588407044320a6cfec70c0ed5e47cfd	e82dab027df19a3c1fbfb6d47d4acc1a9cccd9c6
d8d1838d39e57194c8d43e60b18272d673f7ebcc	9350f3983b014470101ccb9d8704e25e575aa6b1
28d1532a4c16fdb69d2b6bbc240fa3262b99a7fe	53b123241f4366c01098a61ab28d783ecfa7c3ce
10ae27b28f729d52ece5937c529e3ce57b676fe1	97286eea1e53ea7dff0fe1feb386abc6557f8d36
88e766a19940f3e0be0a46129ed32958254f20aa	343e24969d680a5dbfbff87c3b4561f824c94da4
f13858c7d56da2ba34ded26524bbbe93b505f369	31c294d998081318b752bc8b884751cf22a2238d
1df471db8f9d24368f72cbf6627f378db665e577	3b161ab30c933d3f2448a9c24a5be6151654b76a
9ed6bc2744cdef21b3bb861c57900859f9349f1f	41fd1778a72ecf9c22561d7690873d413eb2123a
84605efc8286a3a596aa4a786d7c679854737bee	ac930cf1aa6c39233183bea8d25b84b7df2acdf4
8eeb9999be6e9bdeefbe22b67cbc824b9631293c	e143fc510d0640cd100b1208e3e2c1244b8b406d
74bbc55ae5aa09494d090bb17be624d360ad57e8	bea177a4cd46174f0f260430e264afab6df086ed
4ffb247abd8309f5c79759854de88b477e441b93	aa05a4d05095ac64ef6da3c57e6cff41f5db9dc6
bc9acfe8f272d2c9d9e895d0a7478f213d27d989	a8112ff8244c20869947dfa7c7b55b2e38daac0b
2e51114f90d7ecfeb6d7315371f5044ad4b04e45	a7710c3845fc1b70c5b390fb5b303d6a776435e4
01341371c6c8df2bab6859dc6098643630b2e04f	cb2e15f8a7cf804f70fe21263306afea6dc83d92
177f649384f34e675eabb56da09e108f612ac319	23aa8a0543de5b81ad19b28a264756e61b99fb11
443e162a589fd662120214e94a9504b8a2d74169	edf7d046eb49f0cade4efdec537646c625fce310
7de4eaa2b90f903915754a50393b06597cb6023f	de0b5cc1c2912890f4e4ec13b15c08f0c927e84c
306f5d79dff7e952683af8d2edb2c5f5ba01c4bd	2686e8afea903b85bf862f5bcc3c83b3f73f8a97
87ef383357d7069c920a610261e2592b8501b9c0	d9853ca2be05a2817d808f7aaf7019f60e342cd9
02ff81508d6e3fcd6c2d65dc545863a68f448446	b617eb5adf71b7ad6044159678c9cb232e891037
b6b69664e4b3114c57ace86a1eea762a7bfd24b7	ddf38799e269a4380d05d2f406a892de100fa882
29f3d93bb8faa51509abef58bde6ab6887c37f3c	5291d43dc859a195466fdb99a0e760c74fdb5748
0864b35288cd271ad023d64c2a424cfd0e43f68f	a634830d85b884b73cd754aef93b73374479b7ff
ef6119d907c1de1021c522c7631a88c3abd7a2a1	e5d191ca73eb9cd26465348b1e78679486293c3f
4cd931c304ae196e5c499ce0ba89367715836006	2371f0fd51c80a4952eadbc837b1b27aef006fd4
d185f5f0e0255c7b48eb13ccd0df90f184110d6d	cfdce7a96f64b92dd180e9cc42ebb1c0f69d6b3f
261dbde038347b057b5b9e6916791e819414c992	dc8ac01decb6ba298c6a43d7b2624ac991121a32
37fe7e6be8e87db8b58f280cd13a9ef14c1bbe83	5f18738b2b9060e8112c2123882600c524d700b8
aee8ad720a755f5d1d9dfbc9f755d733d0e3ce11	7b4e4ca2d0045a3e1c4a2850f79effebe1056cab
8f0d2468e2d1c71a317b8334a2953f8aefc368cf	01ba4668b6d26365a96fde1b75fc9be77666181c
bf630025acdc59a673be2ba61fdd01070aedfe97	e782d218066547fedf65f631d8fe5748a003c75a
72c66829e7f0fbe0fe58970ddb8fd458a83e2f22	00155d61fc854bf11783886f7516c440a508acbd
ebf85f32baf1decf42d32c88f9dfd11c6e1ce8ce	8f2273a2b44d0bc58900f7319e40416565be1cce
37da6edb288e39b5d84543d5ba16ad114a1fb819	0d0526afa2d7bcb5ad9cbfed360b6ac494173eac
6b16a70d77cd163d68d27ba513d01ec6cc7dde7b	ac2d07b61a0fb967bd030bcf60c099658d09002e
49953d9b37be268987243df1b0ca39b72b1da3f2	d35487f4228dfa3b7143687322e0ebfde7d45d89
46072f7fa6df13ee0d548e6944555888f6fe7b34	2749f4a0139153ce096ae2447b2b3451575d6087
4c8b588221a8dbbf1c5c3a5bd402f86f820c0be1	45c679648ee9e6dd02e6518ed2dfc5502a34cbf3
1e01afb0af49a7eb6a2eea4c69f9fde2542e68d6	5f2f7fc8b9e4548d6377d508a0c81261b272c48d
b39530c4e8cc126f2b136c91f742769ca50c33c7	83c79102cfa5aa67f4ebc87f254ddbfb98873905
ed0551b5285cc658fb0dbbae4b264e60469abf4b	8b95292e53f4471be8644f4ba53622554cb0650f
750355cb191731775ec07a582a5a257169ecd5de	3de7a2ddd3aaedd10d1359931b3707be055a447b
8b3f0223f3df6bc88dab63436c20c2314c82496a	8437a6cb4e922f71ca176b047d4547ae617ccb63
1f403b2c2c51f3c5aeab23093f51a025a2d6c3f9	9c4d08c6e1b57af790e7e7c42294da7439d17e17
1fb58ad2212cdcab8425257429125c3211d857fd	e26096085e73bfca1bd9bedcdd444d26b9a04a62
d448d1caec1768792d26ae457430c0b745e51b41	2f1b2199c58d52f79a1aa251e482b00b8a3e0056
e31a0a325520d91a84143793925e43a980200203	af791db01f88501c2743ee55e35d9f837a89f94b
9542d488b350d095bc296b9b41544d66a06e1830	abcf030d89c4040b4bc010d6f00215b63e329af3
0c56b34e0c510930b956d61c33e69463ca74b158	7840dc73e3ba6dfd8b8c2f80b5744d7267b4e882
e8502b15db55273f647e43de33ca24df3ed4cc85	df9050400ef932993e5396a6771019d558c98713
23169930d7ca6fd52328fb7b075fc5e2c5594014	fdd38d6cf8682e76d2f778e05cc6bbf5e4d98442
eeb8d5dc8c98851562e2f3d35c37f4552543f1dd	9891fd672f5da9f20f59a1693271a946727f49e2
9165f31fb29a61f2ad7bc4372774a9d24a163954	92a84ee1127fe5d952fc8733a41d67d5d41cdb9c
17bc6dd7b8b2ac9f2d0282f2e79069fd840ffe43	992331f17e3c5db1853b15e9e142413ecf04a9f1
59aac137073d41ea60005038fa4c45c841f5ccc1	4fb227ed865d5099c85fda7f7a2322750f86e73b
33abb37289da1b83f563c86694c9e1b9b4002058	5a1ddea10038495da73e4598e285d6aeaa0e3695
c29a5ea551043e9f494967e70742155bc9253119	fbaa2f9de95dc6c7b745dddc8ecb78d8d1a8c486
121803bc1b21d48dd6f4412c6dce6e00e31cfa76	97ab9bb194a513aac5c03efc97f1949586167084
5618affddeba3d7a30281fb05cfe61e35b828875	61ac141124a6c8c09a35ba70a14b5587371cf5e7
cce82dfc4843eff4acc3fd5fc4bbe017b9f412fc	d4d49d9df5b14267c0deea4fe46717b87dfff4e2
ab2322cc49ce440255d5eb65d747beaded8cf940	c60a944aacad8ce0a5c2a43213eae58b33ce0ed6
f62fa8db7cb9152621033e410b12a2ab2e149289	17584c245f5ddfe05de85f65d7bb9d4d59226257
1185164d6b8b46896809a007325a5c7d998f7412	6e84b694a415cdce39ea147961dfef6d86f90357
88f6356cf53ce7c5f3bd05105c8c3ccbcef69915	34a93171f0ffff51591c0fc05fa377bb4ff59615
9d94822740c3aade70b6f7bf02f61fdb391dade4	678f6ef72f73ac053127adb491c116a71e019a85
3a8f4561d8cb160abcd1c965478b9c05b5cdfdff	ae8187ed15a8693ed8d3e49790aaf6be57d7503f
e915c2bfca0173b7d2b4f08eb6c4b58424a4b228	12dd1ac87f7ef74e0a24be348c30c59057c02b9b
6565b41bed6011c8b88bde36912c9e717fa1644a	85c8f008850080363cade99e3fee01733cba3d6d
ab6b55ff674bf8220b5ae48b8ccdbbc8148b68c4	e7b7ae811f9bb1f33061210e1c25afb2fd79983e
a605e8811739ac9fd419a9b6127bfacbe79f404c	a9743b77f6370b627e6ae02c5a83850f9e5b28be
0b77375a197c890b9b17c25ac3bda295a31f3885	4068871d97970074c52542380994bcf3a80dc3e2
cb10093551f7953161c90672a070285dfd130206	f05afcea39361edb6126bb0dec601a69ad2efd11
162feb94c0e1ed0e41cb8ff54e30b8f21ece1657	688e9daef4fbd523d38917e70335f875092c276a
31b2b310b1f11f475a87260386a708711c443a0f	64edacffb7409e6c367a537a4a9180b5989f4ac3
58f4c2c0edcdc5fef1e6f12833c52ea68ad75ef5	743df5373b02c8e08429a7507ebe1d3e40e381d2
3df6cf508cbf5cb6657ba8c9d5154bf6c24ddb3a	e80084316df4093de5ce1c5fd8709972bb18a3a4
b6624f95b3b4e3bb6b71a6ae9acfe8eb6a03e325	9dcd4277436640acea4c0b9897450cab2eefb23f
b5d737e4a5394f76f887426b2bddc154c8e144c6	d17e93384b67f44f4f623fbb97f900c4ae127fc3
0238b5aba5b36e0434fdfed518e81ecb95edf1d1	c1ffcf365ea0ecb5abab7b25c637839ac82cdd79
0f05c424c4b0277b24f400f836d8b5943a65faca	3040e972228142606f05b68ce5b71b70f5b33ac1
e768b9757b61d0e7c26140f05c931858c96f2f25	5f063fb0b50c072356a55c9edfb46da4c34399e7
1b21b4000b3b3420bab2cd0d7f012a97151d6531	a7dadd8671739fbb0af5615b3d39a810e4bd2e14
7f475c13fc5cc213ef7c356401465dece16221e7	c320be75a70a3fcacdb664ee4fb4914b0d056c66
ed0ac3bda086d2195851cd60235d02a39bbe521f	bd7adcbb7eb70bb4b8d59e3ac175d283c2fac0e0
76c4785927c17680162f679ecac0187dfd4971d4	1d6d3edec56ebaaf9caac92ac9bc4fb9b6417893
ce6a882bb1d9d81dbe2f42635cb08a25bf4c480b	46bfeb574cf02ca6e9ca777171e4fb7fbec34009
163531312f9f81d66778c55ff003132d502fcd8a	a1449ee40eed1f72fd75e6fa881ee044ed8b356d
f3677e430fee0d960b176a330d3f704cd420d932	8cb41b5fa6cbdaef532317183838b66b2e56aead
559d53424f7ed810dd6882652942bbda2c64ae6e	53475c739054edefb8082d8242d8a6e1602e6eb9
4c126ea75b4429c27dd223e2cbedd87d66ca21ec	5d8af150a77c857252196d794e709b1c998ab77d
b440519b0a780708c3f0d789a3b904cba6bfd30b	69499a51a54fb10711d918399c3fba78ac5ed1a8
cef817221cbc2e64911532c8b212a47c0f1a5740	4c050d7f4be456510131667d514c7b4799326693
0e096f5431a4fce827be35f388e3113341d21449	533fca9fa3766abc1160847c1f06cce5c27bf621
5eeb6889e8c7973dab29b91b5acaa02fb814dc30	187bf2f7bc7e470e70a722794c2fa16bbb410402
3f3f97701f85929bb91c07112cf401a05e1a16ab	983a4222ad4b9527ca50d7d0adb01a2efc99427f
6659f95ad0a91e04031d85664a28f6c3086ded6d	2ea506aeb883b90be32d9db2fec7532860508f3d
b13346ccec648ec518f4e6556f27b67af00a2bce	5b343d4c72d370e1937f72f03f038bb93f586a7f
d6a40b3d6a3542dc12e296a752a458f288826672	be61ca64d4d00248cdf08a519b88e93881f6d0e3
29acd2ab54ba677691875506607894cf5a404ca2	efe33cf48de911eccfc87c811a5a659671d2878a
20dd9e49600d8e178a23b205febfbd08fdbac2b1	fe8d46cce527964b397352ef267f1bbb0d5d8be9
0fc345ab813c9f7a760e7ef110c60dc258f1ad4b	b1f289bce5d887b02103a69049a2992482205db8
877effbec560f59fdcaece950db80327461d35c3	a8beb80876b7de2b538eddbe28ada97bb79b5084
cffbd6d68f26b02cae9eb46752cbc6f68bbeba43	ff209471d832b81c44b92f78a78bfef0b82d05a7
77b17f9fbec0b5b5e162bb4fe3d304f206a0dab6	806f7d0a2bdb92bf3db276c3120ba50e2b3c082c
00dee7351b48a14ec151eeba7132dea96d752979	6b943caf3725d34930da6353b36f1630eb3079db
9ccdc8c78858ff988b97a0c2ff702070b5c136e2	4ea2d460f440d0328be40653843584d121bb39b0
c3051e8b1bd9b6594fd49b77bda4017700ae79d4	c84c18f960104fb94ad9d2132644a18e2f05979d
9f9af8f9f32273f063dbc4692a8c57e7b64a4b6b	1402bdab414c762968ec7c44db3f8ce92390414a
dbfbffc0d3ab4381419285bf312e701cd0d2508b	7082cf277e986d42d4e2b0f35d65cf1bdae5e0bc
2f66161d3aa23a91e186a53435ad080469f587eb	b9310154a77dabe8ba9d63cd1888281b4bd4294b
22f5fbb5e0c2709ac6a7a510b2c1f83ae1998300	55c34e3fb0d544c38717efd6d0afdaf4a1ee733d
18d23a2c43a7c14f2633c7bf7727fca3370ccad0	68f2202eec905b7269da5021c6dbfce722e4c138
758326509040e08dcf582e01fd3b376819b2549e	5057e50bb80520b283c39b794c5b39b008f551fb
7ab811d8cca2083b6d26b5f727f3f363434340a1	23e1a69955a4dc36863f1a05389e67b74faad966
bae767724683fbbd8162b258d3bc293730a65d64	b83c6c9d20eff2c1556eb0d7974cd9c690a81d2c
08c4aeca4c89808f61b39e17a75af4471530c331	67deac6d444541341d4578827918a83dcfc9ef1a
ce9a8d493d7f66348efcd2792e7931421ed3dc43	ea3731162b840f5c945fcd2847a89c8a0d43a572
28c58e6bb50480707d34ffc3516e32758d301422	c75e32e7220e8021822956638fcadb6054b3ca8d
1c717af989a735ec3c9228cdbbdc82d305d3fb2b	e7b35be5f67a2e02a27e3e25ad528ed66c6ed2ba
a7db7f188524b9defd966dcd52d4aecdb53ab6af	5a309266f0934a83ef70abbe09e2b81ce459adbc
8d01ec4aad9a9ed0a6e09638489d51376c37891c	05669eaaadf46b9c2d4f09e58c09ecb473c97b01
40dfacced4548bbbddfc1009c4f8c3883363b3f6	e91a6e5439ee2395a4e222996be219d6c0b64b08
cbd1e39b2eafc8b030e82a8b6265fa745044d6de	43f72a6419f10f7501e041b087522aab59c90355
0cdf6df6f9f697ee6bd6c67aa876ad27a54d5967	6dcacf3b5e651af7e62e9c100baa383c791b9aae
312135933bdc7adbc326942aa5e6cc47ee1639ab	edad4d1ce76c66adbcbdce10fcb05f25973849b2
e60d0f4638d27a13bfaf3cb70f8e5742a982fbcc	262842c87d9051be33e033398a1f6ce98897b1fc
0e7e66261fbf974a615d118e8387cf14bb99305b	376f5277429e74edb1a50c0e4cc747c21b1f7706
37741fff5aa0b39064facc915602a2774b4f0b3f	c0bbb3849d0698f0e31eab6915645c869bdf9482
c1a0b11769a9c9e09d69976d8818acb9c4de0ab9	738c25d818c93eeb61c42473de4a7210852224b2
4c2811da440ad16c5b47e1120b5579ec1007e262	027af4d4ee1c02009590447badb8ba89a221169f
a1e32f540c515689710bb8c7847c64b181b3dfce	6011f4483a21381b4cc44e4b864cf018c839c739
3abfb4c2f4b2aafa118b14d4317f7379546cc49c	fc22466e3b81097007296970418f5f7b4eeeee05
e2ad33c0f35649c9a146d5081defb1d2d3fc7628	975e13a3133e16bd3882c1be642ddfcc41e750b5
d5524bf1746aac3a662cc63fc22076cdc0f02d96	f46732bc0e43a07ebf7baa9e2e1be19ab670e995
1b283a26fabe55a75b322588b5fe5da003279440	5c5c25e3ad6f33209e7121bb66f5bfa8c54e0d96
05b4e450b9a98e246dec5d29cf31cd43dd4f8351	53a0bf2d11d6307da72e4cebf48dd0ec67364e61
e8a4ea3cf92275d2f9c54adc11c0f4eab43a3194	7b79d98f59832b90231fd920ef21f16a1bf2ef30
f89c4cdb7814e5420f1ceb1a2e8cd80bfa19117d	1dd2c26f3100a819dc4b9d2effbf5ccec2f8c9de
dfa5f7f38d7a8e3aef44f987c21fd5dc76b3eccb	d14170348ddd0d09f2e7345a30a445878b7aac51
384cf1da15ba5d67925db3bb78b9ca34d107426b	9f94b21687bea056a5bdd308e74a7648275f22c2
cbcb7c5b3478bd6da60e6b96d735c40285e98810	cf57e46d692730815937cde93a8e4d0fdc77fd9f
7bd49e881b346bb2e62f83a53d12737148fa647d	b459001600e90af9d864a560e913fa4f7da49e31
0643480107124985982b8c0a3ef7be40d39f07a3	73267fd6ad1f78894eef688b12a439020d59d5a1
8c01ea8516c78a8becfcd0ed9ca4c0ccc66650cd	1019ecfdcfb7c2e93f76654e1dc885a07717b483
2daa1d35728abc7d36746c825ca12b86e6196f75	81b847faca7632471e0f40193aaad7fe72a4422b
3affb528e1ea46b558e2ebde271deea4536ffe10	ce4c76cdd29bfe8accea56be16de9859395595c7
36b6754fd3c23eb0007a824961c54431402eeca0	917420e79aa119025069a7033fc74406cdff02cb
31424a30100bb801729c47b6653b9481d33f2eec	0b14dc3228baee85d19a751a7f701e1548cdba13
ccfe835ecb54944f98c2e040a5a283b5037aeae2	cbdaf3272b49765e1ac0360e64d13f4bd76c0bb9
edec24cef1bbfe79735d5062f2e3971b40b4e4c1	d51ab2b0a7bc481f307934ae7614aaccd9ebf12b
c061c4f5b7aa230386fc11343e51d648d1c59b13	1363e16312f89f3fc43c05a810e26b0aa2982f20
8a0d6832fbd274bb4760f2edb590fb162f248bb3	f43d0141f3775052d52e264034dd4eec9bef72b0
8026310a1df5a34c1964b76129ec102b0678dedc	90b3aad83a183c93f57a7d4685094fe73a2e7308
eba9249e2547e9deb9e38b2653de6edc2f2734bc	2675aff98afb2ba46e15339d400915c20e599d8b
c1db32eff1f1f1bd8ff4e6b7029ef33133d28354	09ffa2c66e6276fda5fcf3c16da142444a984458
18e61553b07f642f5a7f4b80b7be62043b305a2f	9fba4f02b680330f254fccd419ff400568cf9ae3
692e7d0450ee138cd931a880a244cc7f255c12bf	59987747e52918315d57e2f4b40b61e9cb4c21fb
d97ba907b5b24ab7ee5658d1ac59dfc695e20ff4	c40140bbae2f2bbb3fd33161e60c5c118ff9eaec
8a21f26decaf8de3b6682cb49eac798ee152ebd9	2123b216c04c651b7cb37d22a8e226434eaa476c
b68d1cdfaf556506724e2402046722d1042770b4	1983f549076d5764844389d219d323cf266716f5
a6bdd6fbee62080b2fbbca17e0eb98fe24d8fd03	8d629ef323b1b9bd50d339b9de02c12b56c5b965
d918428206cb856cdb803f55203c4e0412a038c8	f57bee2f4b9289feb92b267f722950aa9274c6f8
c2cf09722d859ad3a58e62b629a177c1437157ee	679739683e327a9a173a9b4e687517e5c674b873
c70c9900e46b8c2b79d776b77746d64a18dfb7aa	4fcce1f073bc90b66edc71dd3e3936f672c3fbca
810e6be5dc90bd6b16448059592e8b66397ec2d7	ff14220e08da9b2ed38231ec589e15b6f6c45dd6
94c7d5334127336c334295269d0eb61ff22f7e25	a7b7a5c3c5b921e1bb4008ac16481a53e4d44863
c8c67c773c92b86c1d0cefe5b048b1d3608b1a8d	b054441f348735c460e6cfae068f725894361847
1f69799b5bd1b4ddde10cfafa91a957e5b368c57	1e31d26e038b93e4906d08ee362bb04741039605
2a85512bf366fc6f509bbd59aa9acf5d029bef42	ffe515d0e06af362a67178134bc83827bbe0c403
30d6e3a9c1e42ca173e1be7baa7045f022092929	aad021f52104c840e46c0375f37b8e5dca8f184f
e9834067a178291ecc4c939b0a09b72aa43e5076	4a986459ee6a112a219ad456b79ae00148996db8
8e2f6c1767a1af6dc9f69b072a5b3e4a07e3ac69	9532d0cba4f061b39ee6783dfb82c205f6df5834
41a2397622a58f61cf03b63c057348eda32f087c	cadc34f3ad06a87eb272a6053a9d0f4ba9fec637
37b153be0d0e7aeff5894b53913b0e0419a5913e	db23a48b368b554a8997f785036c4300a7461a6f
c9aab476b61f3c97173fab6f7ba2b89bc3a52de5	407cf68e593b50670219f767c4e3ece79368d74b
2f8a6d49b7cd9f9d276b4780a6f1f2288b69f2f7	e0058ca9c57e3a0bde871df3a33c05242160850b
0b1259cf08742477ba034d5fc99d0abc016479cc	8140af01aa64de7c74ac9dfd3a0a1ddd71423921
7d5fdc4fdc7ddc0e0e0b820c8172764b43019574	98bf696d019d5dfef178392b40f386b6de84c3de
a93112936175cb4b70d4c762d665aa3e9a1b53f8	e075bb5c8dd563931f86e2e43b3662f2b9c87f26
48ab8aa69833c60947b5625f4a5b5a064263a1b6	c6baabedef3ab9ed0d9e63b64b9ca4bc94cd23f6
073a90635de850cf2bfa52c27dbc0dd8a058fe96	6e6998dab7f99211be01f8949183a1ebf5489c38
72480c7d9c36e2c8addf95c0864c0a3490fe2096	1a29c2326380330206c9810206f125f7b33dd1df
cf89bd7cdabbcd9e5584d24e8e8c435f05877630	0f87396ab6d2390c2b4bcac6536f8659c7c93867
2e856da910dcbe14f72f2696590b98d773d45c0f	ffde948860ac3a9125c3019241d0a9eaddfe5592
032b69b94bb3ddc897e0ad2d8718c4e10d821f35	69b5dbdcc3e46adaeda013d8af06ec0de7320947
ee24e1f9d204323cad9eb83cb2152605c61ec2c3	1121517755233202ba1c0741f9e007a642669019
e7a17672efa65fdd62f4540c149a0b9097741f57	6879def619d83ac7931df887874be40f8799086e
c259998581429905c59c5e4ec586c5f83140a97a	5c0f6d0a6f3a60d9d99f94209918f124a73207b6
7203b2336b4553dc2069690e4932ac5e87d4491c	d74abbd20e0e19bdd611242bc1414fde74aca067
84d632e99bfa8929a3c0c241352648490b5ee61d	120dae4eed704106f49ad1d63024608579680af6
3b54243141c124d899fa4ee27ed2f75ae506a835	bb651db2d2d6fa40f5131959bab519f783e83abd
68b86fe2f99f18f0609fc6a8bf4a86561ce1671f	e929dde13e50c4112ec017e6e230f2821ec62545
e7799e419b1537bc74f594990d0713028878a90d	9d75385bbb8e9a51eea5673d22bd0d98062ae2e7
74ed1c0b8078027e57e7ee9c405d9d1b1628421c	1c526feec16d2fc1030c2c6c736eaca641431792
32e267b127ea4a9cbcf9242cb6e27893633abad2	7df26986dea2a42ec12bf636597948bec3c59c56
e61fc256be54f8543ef9338259b1825e1c3d6800	5f2d23a12dd6922b29799c22ca0ff88303eeb271
c393558cc8d589e0b7040555bd094cbbd6d4e20d	d9e65c096977165f136aa70a5c520bfb405c67e4
e055374f1e5cff06d80ba55310e7f71d3a4f2638	ec1160924f51cc39b2ef268f5e71acd279492bb9
3cfe8a7f9a187e292f8a4915e140c4a33cfee9e2	230e8f895d041091217a831d370c2375650c3d79
0109f86b3420c53bb2bb562bb324073779900a98	af79378734ffdc7ef9ba7f361464bb3104728b9e
1e1ca34384371ee0fd8afd524836d451e297693d	07ce5e0d228bea9bab51214de13ec95365f0d27b
a7332f614ad43d4f0a5f465c96acaf9993836b74	9c8565cf213fbe7e906f60699294600dabb29a5b
34a78733fd04f2708063ea283da10102b9c2a550	5ad0ea2b5a2205d7ceb4171bdabda71c170d7c86
597c18d2d6c33d7fb0fadb1bf83bdb8e2a1751d4	e482053c8a01fe1d3f64ea4599d1896ca3c73298
d68439e2ebabd7e9d1f8ed3cc6d3d05994f39861	945713d886b5942098f3559f7415db598e766350
96a0bd9330e159febd7d1164085844160f9f1a54	9bb62ad6b5ffb13fc4e067bea1c2ed13526a9781
30e97670fcfaf667d9374add5335de878ae077c0	c2bda9fbdefff9dc753e341cd3c3381e8823f8a2
6c4b4966820fd81316a463edeb94ad18347d19fe	1d1db62a442916ff6241c197e3ac055787f8c9cb
43c53544e081dc0327e6d4d2be98b167ca4cbd84	39405373f8479c7f481cab35162df2729c26e5b4
cfc4bb74667aaf510c9c35244a20911b7f6cf88c	22a7988d3fe841392888f7fca7b8d0e7ca20dbe9
01cc250f0efc42bee4870068837bd186bab1f9fc	b2092fafb7f934f4e2f8b47c83aa366779c6f6e9
afeecdd6c30f71c152ff1270364f66aeec100208	cc7b5d82805571588ee836be92820fc5037ff81f
849fc715fa0f84dcb77e504d37fb1cfffa3d743f	702d96a738ff01061ac807a52c85be916bf4c3a1
db2b94df27cc9fa230f7581468410cf2b73e9c93	b9f34f1309a76ce9a5676d7eded80dbf406e92e5
be5621842ff867c0a4aadc01185b319cf0f08e43	07724a0ddd2d85e030ea4ec2fed9e1c19a6e33f3
3458f313b82645b352989eaf47cbd3cc3cfa610b	83c3454685d6d3d139a61088fc46690ccaafc978
a638ef9f9b3c82001d70df6317bc54c559a3a42e	7d263eb733bd9794b7cc8781f62463d53251ef54
7497ce12d135e857becb14f7a9248c75449b5623	222687d9c53e51835ff7d69dda2427f0cacfbf8a
daa922ddc7e68275eec799e8241b571ef8f9245a	07d3652e302c69be1363ae35638cb3a2796eafa8
9ba46eb535695391718fb5f183bc87fbdc241190	8d5b9d240aff6037bd2113d52dc5244d099f27e4
5c615c42f370cd1ae791760b807417529fee7f92	4f12eba9448be3e406f42a9500d0b4e10f590b71
3866ad9702d14171c7b40e7cb1670ed2bec1435e	a7f77d59c112ff352d140c9d394dde6e9022475d
3ff88d6abce5153f1992e2f3460f0ab374bc6295	597248130f9f541b96f1a60cabe66a2d003c324e
a3700371f9195fabd6c4421426ba37372d2d6dca	3c2c9cf317d4c24bf4f88c02121286628099bbc3
91cd2c87a5d6a52c464f4f863ee8db558bceb312	e572b9d0cdbc62f72e023ab46238161fb68d8a5f
36c97961130f1ffd3ee201a77273e31b1f760231	52e9059a8d8b63b834feeac092286b78cac10689
bf180a8325de54277e7ca4ea31c149878e5b1ce0	0cb9cff690573c76817ab16827149bfc13975dee
5ef6f2da3aacc44d32de2b8680be24e263d5c10e	c0669cb2a5cd8bd1f442c87180fb70ee63ee2532
6d8628b7d5ac20d5cd14128685eecdb76e1e24b2	c5902f24733525405978e21967b5b3a9c2a6fffd
08e22e03db2d0afb2b6bb655c1bd7981c2f4a590	22028602e8292e4929ca9df1fc6e11792c43b7e1
e33b8f60cea141915869bcbd9cdb8d195b0cf470	bd546084738abe65cb980b737958f60f651831ad
3e720f78ed58bf7b6bac32893d1a13693ce88848	374139426934b6b95af9c1f895ebd699928a9bc2
51385bc962763d27e06ec37075f245aee7add877	6266d2df7ec939fae75391d3e2ff6c4a0d4e5204
5fcd2fec8ee772a292ec614ef4a17a722f39b4f0	01dfba722aeefde4208d1eb276eccfba882c1d2d
26b06d6a9b867edacadd6ef0826af60a702b9352	f8d5f01665eacdaf62937e7cabcd427ab988b693
e4a2d0f8181130153fb7d8c9ef113b45bb0da676	ad999d479140d62af79cfc81c524305ea4a1710f
4749a4b5b3bfec37885d0a1419ae4c43598e4423	6f1b25850140b620795eabe768980311a56f619e
19cf00d206a9dc7bfa29e5731de0954ba14a68b8	f949ddc0ab9b5c118582b96fa1b9dbe5fc6d881c
ad9d5e03592a76456d54c204f7dc6504ea5715b6	f53007cbf3614e76cb0af5bc58d54eabc46968bb
40f6c6128de582c108fba21fa0c9f92a569bed38	c287731df97eea5667a3c30393cbef124ef63295
649491f0330bf634ac27b222c801dd9627913f92	bc32c78d03120f77b966d4d0268e6f82ba1c8c82
bcbe4bd2c28a2543f936238f043f03e80bf3eb87	daee0db7bb24ffb94d5ee1d56da6260931e3547d
ba493bc4f930af25ed9f154108271e5cb7a8844e	91fbf4c79b2abea3357df19de17eaf03943b2974
6a74faef895eeb7ae65547432a9d54fde0921d77	54d9ef2f2ac59748be9cad626676821da89f3990
247d2bd8824e4976e2316285e086e98f2b684a5a	e056d4502b6c90d61c9404e0a24ee087d037f8be
03e717551ab664681cdbf3f42640a9157b509e94	98c2c439aa1b132374464a8f239fbe17a0d94176
408561a4d93d65862e72a5d9089dcc7e8130a9bf	b6068cea6b2351454927d4d08e44aa1af630dd3d
82d0ec5092aff3f6c3a2796a5a1ed9204563ed91	9c9affa7199b03904a82af68bf266382f7b66990
48fb5e627c6c32d799d6b50b437980c85a3159cc	8eb7dd0059dd13128c335d9b8f42e231254f18b8
dcb1d1b278069c6c2c00527b478e99a397bd5adc	a62ad44883ee271c2cd57ba665566285e4436aaf
c99f97f52c003741f1ab4fe7366841a65ab40a89	28503540702350eeaccb47c7fb38633817af95f0
3e1d36fa6313af73b7cadbd6454d9347f8c29fd5	0a4abcbbc8cfbbfa1460786dfcdd071f815f74f2
70f3ff96de3a02512536f150f3aed96bb5c1e784	b491c350ae2f6b7ca402bab135fde9ef64310ca7
17f72cc0f78be3f754cf65edb99c7491128af4f8	1fbe7c54bff14c40c1762cadf2d0c760238dca33
dc3fe14d08b63e88459703098986943bca67f01a	9d32fc9bd1881606d4865e19c4c23cba8030d671
77eb4f9ffc1ac3023d5593cc14449ed641a291bf	542612129d541b1ff7001933bada4cb2a8b46f1a
e0de4824479fe804dce22d43439a30a8adf56df4	750f87bb0ad5ff4cf6f87c63a153ded5c88d4789
50a6a91d715eb5d9832e145c632c11292bacfd90	e168de79c7be6e938739b3ccca6d51093b581e77
913289fe50a849788ea2904aff8726b7f19831ee	9bca5a517f7cee4ec604542aef08b937e049fdab
ae9926cf5886e3f702b18a44b9dabbe8d78579e8	aa94cfb8765ff5cebf554b99c8b6c008e9ac45d0
e3080099530a19a9e1d9789a36cc83fdef6edba6	52b776b561164bad6406af3df930a7769aee397f
d5023934dcec6f15f6ea24d8a77220f25ae92de0	c74d3a53d41b0e8586257a2a1071faf394d1ed2f
0f493dfc02951a3df2fdf2b614a7654fd18c2d15	fe7ac80a6c97179128209f60770bc52855f76a6e
096ab615e86d2774f31a82d3b083c6adde5c2d18	e50b334b9ac3e6219601e42e2b40e33332e887b8
ac482e5e227c4ea0404d28948fe9cf8a801c70a1	a0d8e374fb5d8701aa63ab4679f7467464f467f8
d98f5246f4e8a2893a69122051e2ee7ee1eb68dc	d3a67cb5ae7f031bb3040b6fee6ce710f8efe370
1f04ed9bdf870b8380a15bf7c377f5da5f19426b	e69e98b1856c934dca0506b5fd4dad830b589b69
fdeb4644b8b8a550bf703bc636ad99012c856313	5e1499d67b984b6fa1b01f24b5c41b2af29d60a3
c834124e7062396bff911b7275697321f2f7da87	e8dad1afeb5020353c43cc5a2bdb6e8cc81fc981
330931c1e3766354580a24b685f783e70281bd2b	6ce4e31fc89b87a2588a3051d70fadba315549f7
d4149256eeced7326a3badc73adad9a16bc8a8c3	d2d4faf5207243134d13144bd3c60872557b6b37
f5e784ca17e52361ee9f50033e3403cc3641f51a	438de36749c74f5b6d39969eebc43e8f11be5a47
ca33bf56ec3a3f2eb2068117e90d9eb7330e24e0	df0eef770e019f2f91a7974fb5aecdeef66952bc
7709fecdc3ba0f9ec670ca3b142e25b3c870a418	bbdd495ed5b3a50bc5f82d2a923dc2312df8a5bd
33fee09f7900e51b572660ca75943c1149743a0a	d6861728545104a48e29cc2b5f8b6663411dcd8f
98c5aadaabf1a36db5bb50bb84aaf680db7a5741	e1d96cb64e612a210441473191cd29be412634e0
918476740136f19cbe6a1ea0392e68102959882c	d5f94b65b7afc35a336fd0c964491f75290bc0d0
d1ca83428e81a38c35a4b0e785a401972546786c	ec2d0b6b3ce5e680e0a13214670c5bcefddf7dc3
2ed9902a3b052d913608729b7b9cfb3b51b54960	3a92bf993dab51662eb32d834ffb24ea11499c46
e4ef178e1c7054c9041bf1cf6bd9b44d79607082	ec13965fd07d1ccf23406bfc62c203ce70fbfa29
f8190ca307c6cb498ee8e4458e34deb3c66e80c8	ddf747006e3ab6171fca629a51b407234048f3cc
e7d3ab16f98a575393e63f42e0f027980e3977db	4382093868c3e08ee89e96a592723f8342d4582c
56f75d474c9decc679fcab5dce6767606691e2d7	a5322850b3cd2f1699c866f8cc529c4ccf2d8781
9a257341ff80d6e4b633946d42276136df7ce41e	407b08975c7fdb5939778b64823a02cc2bdf1966
b8cbca457608670fbd9248371214750646c87f50	c7067ff5e8e6eba2324b58a2bc68c5028e19eccc
a63a04ba3f8c6480bbae8165eaf3f6092921e6ef	9b2384b29626862a551266a23e70bad543942a7a
034906941f441df341eb9fe6f99da61f71957627	b498a22972b64ca0e9b9310551a9a2a84fecaffd
b2c67c2da12c46e573615f57e43d365a9a541f71	20e9da5c6731d271fe879d40789cb13b1f05b3f4
16b762fa39f25b0793a8c6bdfbab193a71f211fa	ec8974673b90d25d1a59675928e6e092aee2d626
1017ddef683f634df123b42df2323c0a2e076b28	5e6e7923e438efbbacfce1202950135711972b44
efdb860082dfb1c1cd068494b245338e653dcc4c	de1b5971e1929b131874a81b3e8f11b8dc3e5a25
cf245d0bc4d99761ed04012436af92c8c82f4e10	5c20d0b4d52ccd0ef561ae1493722366cca5f73c
ff04bb89455d41064bdc16f309ead0a23ec89bbc	9df96ac7f1a4332a2e9e7dfa6ccdcb9025b3a14e
f7be19fb36c6975a9166d9e0929c315b19b29d2e	87cd92514429ab9bb4ce950ad1c8fe871f759158
efe2e5c51ed47222a4eb1dcab5d68c39c156b953	fecb796000c1e549426328ede90e90386230f7a1
36827edab8ecbfa6e1b44e7c5300508fb847c634	cfb6c804aa3bb0c410adae177d76569dd3b788d9
bcc9def60791bed5084d09867220e7f1c304409b	11c50c7558f130b9e38ba1328f20a61e2fada2f7
be14e8d55ff16d1c7c6b349c9a2b3d4105efbb04	34cc7f176e9988af1d918251cbe41d74373040c3
1dcb412bb140fc198a4a018176b0a479b2abeba9	b54da9c6af2c65b26d801dd32c3c5a08a597a9e1
f903c88396fbf800c982cbd139819e747f97985c	f44f86b83240f51788675190c0f0953ef8db799a
c6d4f7e6d3fb0bd0535b94c7bde8a7c5fe0f5ab2	4ebf40f5820f4ce27a3522f5641d1d24689bdae2
df3b6c22c44fcd937a1aa80e75bb5ebbe817a6f6	53e43021432b05896fd6d08e029d397bd9b68aca
f24420b63311fcc21df01d0335a98439f34eae1d	cf778eda4f89921eabed714922201efad02ce459
4fbc94c99d82c66eca930565da7513c9ef52fd29	bb63429079e8cda5654b25f04a2ba5ee173955e3
c935c96431b6f04c272f33470452737c9e9a84b4	f7f9a7ae2018c4f16641e9a1281055ba5fa6fd8b
2afdf637ec3fbee117543bce39261bdf41c1108c	8699412a4c4f7d5f081fc6c13cfcba000f40560b
eb5d20a4d9da21c5262e83098caf9cc6e7974d69	0d7aa19cd1fba0eebe3a696047c0abad993f877f
4284b6e4bd2dd08646202c062d956c646fc3574f	50a7295360f1a5cd82c9575234a5076272946ba3
48041e2d09f3082a38ef3b691896c247c38c9bcf	e57b6ae98dfccfd992010192b5078a550b845895
0163f6305e09df6d2ef88fd7288d8950065dbf82	68439705360ef04cbdb369e3b09ec2e9be5a5c16
abd5e46309ecb0aa78780f1ad06ee0fc12010081	62425ad3e4806d361fce24957423a702e52e4fa6
d653fb0dfc48290cc7993ad95ae6793b9b2ce703	e1e217854ee43ca64918cfc4607c8a13ffa4470f
fe8f41ea1193e5afcdf5d14391f3a650550f20fa	5bf177b0216c9098b1ec3a22ed9e8de4927aca56
682d288cd51dc7a17b4be4b64aa3a9bcf79104e2	72dbf2e2b44d5aced3594da84f412937fb99e7dc
569b79b247bbdd28e88a33d07a8bf4cb41e7cf95	46c318c6fec2aa48c2ea08e1cd3ccc8da00e958e
746706de2e9f5ad32e815f3246b3b4c77894b42c	05bb1b88c3227f893de93335e29c9c31fd12a73d
2855da1bb3eb3991566eee1dc4398692d575e63f	5176ea9fe0f988b9122285fd3bdb4fc01b578f47
fc5a28b173c65694fd20c67f836432ed2c1cab2b	36d349acd247e2f70d4dfac041b28efca4a9f709
44d957bc45f5bddf316fb1f47394eb206e1ec50e	4feee983b5994e4afec5be9faf3153bb1e78fb5b
c987262efe433738c3ef79f2f8b17e4e582c97cd	9b12e3e38919605d025e3e311d56017255fed087
d0c14153b36b548d5f9b7e80ca413fe4cbd75e8d	afd3464216c10e74a2f19dec6a9af95f604a305c
f20d797f7686f155fcf861ff72393f75039cd1bb	8b644462744cdc855178ba33acf9863286af1e5b
ef3e33ff2ed630af1bf5fd3d3fa41701360491b7	28aa4c4d1f350a35dbc5191f14e8ef98b04fa692
ff1dde812f7f6535cabfb952e06c39341a1d04c2	0be3cdc8fbeb75230ab5fcb80b6a283beefe3df7
359d737aab76761db3b93178ff11a5ea4dbc9ae9	f8be484019983e00cf79a27800046e123129af20
d2b272706ea6ffa64b1f2325879dfc9471645368	35f03f092d38ba4dd766fedea3b445a388a29c1d
e60102702b47f8f7bbf7fc3fd9aaa4dd7c4bc720	c3d7401ead1e49e6ae5ffa9da7c603c2cd24ef2f
420965699fb435aa96597c802659b29287d56ea4	4db7eb9d9e78210523465a53b564c53cc97ae0a9
7aa31c3f3554f21688209877523c00a652f7dbbf	fd4efd6104a1017f19fbb1c94afd5d27cf02bc59
7ea43d134fd9b952889da765c91407d26900c5d0	19a35ec6a4815fd90abcbdc2541c8ee2e8627ddf
977e0c10d944ad0b738cc5deef5d7975c6016a20	2012c0ca1e0f3e548f44290b7fb529cd261257e6
4b28b65cdc8c36d3b78e171cd98a5cad5ba75374	187421c7547567cb98019dad44c5f2021c46ee6f
e5f6620a48ba8664b6cea09ac54d5f6872c45101	b3fb86d4150fecddc49291a59c3aa6f07b191078
9a7c6f7c1307dcab61b254a0f36fe0ded0896206	88fafd4e30e6702b0099b76b8f2e7258d2920c89
0fb3dfd5c3bafc86f8c328a5b49e7ba80a5c20cb	8056932f9ced850cc768d3ddc904e7064a6ac03e
bf753d4dae91c1a17afe5d051333c477d5726414	c8af003bfcbbcefdd6f2b1d521bad07ea2b60313
7c5aea3cd2a35e4140b893eb34085216d466f775	4999441a85dda9b121d330c92c25399171494ff8
6040d16707cc30719fe261d6b0ee50882c37ac70	09b001e7952f55314dda03a277f44cd1c4b44f87
e986677741ad258c5aedccfaf9786c942a6e966b	3b3a25100899c0bf9de688d8371454b7b0255694
aaffc1a943b0053b9944c148136164cf31212cca	2e4eb9aa3952639314ca155adad49b650bcde460
45dce8a25ba1c23eebbe388e7b88974338878147	77fd2847037e946aee79bb5f6ac7b855aef93583
4e46103dab54e2459e4ba3e5fe8727f38da54cf1	0a4517f4b7efa3165a1621e01bbce9a932aaf5a9
d2c2e231674eb90d5bed0f3503846157c960b5f3	4395db32061b0a69bf1711328053aec0c7cabd1e
c14e9305d276c54b0849752024a645bf58c2fea0	dd5b0abc67b024e767aec09d4769a08cf07b72f6
51d3a28b69c141c5d3fae13fa54c5050e99724b6	466800aa3a519eac00e5f141c1db020e96dbbabe
491d3442246028bf82180a1fbcb55e0f1d09fbbd	4328c535a9e6d765e37a907787b50dc11a3b99ce
4b1ce21d7326489bd1cc1d52956cc707ea3e924a	f9516709dada695aea270f19fd3ab99e82a07eea
0c7d38a64fbb0f8ab8e79cbd2c78ac0205269b5e	5dce72287929b8e43beb1b53bc3ab2f1e7392be7
78f5c7ef6b07c2cf28aaf2656e339d25b0f4431b	9324a39d4e19127bcc95b9155a818d291f2f3385
ab7c1690e4917feb2ec6907b4853f00698e60369	84904c52066ee42f600234913e7427e3a384db2e
2b18b98595cdbc431cea0b4f35ad1f6947992480	fe4b429fc2ce4852d0c5fd0b42999126a8e4abc5
4748d984c4830c89b8012a369827a1a4301196bd	f680d0acaf15b45d7c3230dff937eeca2af21372
c6a48acce270d6dd714e8e26a533638f298fe748	4baff5aeb15434c26cd376ca7fde2a1c1a0eff97
fbfe1e627c2e87dff56d4de45b252465129a2dd2	f25296fb239539c5f1d046aeea6ad6a900e1fa91
302aa42fcb9f487c6d24aff483cb9bdedad0aca1	e717852c73a99ec29fcbecc98051438576d53378
db9013a945d77ae75dd3cb08307c3aff9e8afd3f	13dc70f6499ffee59fe05a978c2399032a2a8a8b
a25f3a8eb8f0165516ef077b95387c0747a827f3	46040a71c3670899c6af65b627d0a4f8e8c390f4
cd9e3bad04f38767701d848b8a99cf0b6289d7c4	0558b3fc5c8edc432476cbccd3b993705acc4981
d680895e0b61a83f21fe77f7c547ff957b3c9047	99b2ab5526fb9cde7daba9cfd5802f8043d78e38
58a0144638537b9c1ab1ec63c408e99fc836b287	e5f3bb634432c8ff89fb3bd3cc1683dc7aad28d3
4955a21ce86ab47c128f00d7e9fd341db13a6b39	c7f89ad88eeb51d05a3d8cf2c370eaceab1abb96
29445f30e043616d2f9ddd199e4824b04948e6ff	e0d9f79445adf6043217cd3062c803b558c3ef0a
510dfe315c391652173effe8fa2a1d9f003e2de5	b6dbb69fc4de3af787eb558715f033f7791d51e8
eb77b5c6a06117af2a8a0a4017a591349adc4667	b76fabee6586ac0ba0fd53ef2afc048991ab7018
acfc00ae83ecca57d872794d4c371a41c85444e0	872bcfd1c07265ebcd1905056c4931ffc87b4f04
a36b55e3df7189934e1de1ddba202d7c4ced31ae	b033c13ca24017dcd1f497402177c2fcd7a57e94
b5960651ebbb68830343ec7dfc01f112e1b3c518	2db188f3a1d6a751e2f428c87ea4de68cbd561d6
3ed3ede1c9b0aa92ee4ead008487a24000f0fb69	11de271c8fdcaf914e5d35d0f90d68bd6c77c103
66fa0a2f1dbb4cebc9b89344a27e1901be7ab84b	40c800c57ccad1ead395009b37406af3d10275e9
671923866faa69b58030b5499c24f4a933c0a36f	91b0540e95fc3010b68f90a4481871d36dfd23e5
581a09eb01f34f5e3c7588721957473633ad388b	ce6d18634525e5c74cfb8d73c06d6de2dc35ad5f
a1c17670d0dc6ddf4726394ccfff4363e3f6b645	32bc4450a75ea5f9adf53569eec0108c468121a3
0677c16b263a182190d463d03dfb687d8a86e9e9	43f31b40baa1569e71c151c48b8dd5e5cbd06efa
0e1ba8602a28c3822e2b0de80c2dc79206fd2379	a3a5185b15fc61ed02dc13962f6b4d9c2146ea99
152b97662427c55ca693aff723009a12cd99355d	14a0f180c86ecd2e96218d7375a0350801fcecea
3ddfbd064db6c161ce581749cb71318f75cf5a40	cc9cb0b477e0a2b2f7f43b7efe4ec9a382d99314
f2896f788ea2cb88bda1d60b55ad6e2fe4a9b627	2cb0e37f50614ed3e56f7124291a4acaf0a96026
0f17f6830bb402bd87e1bc56be6da57045fba196	dbd5be55b0b6f5c5c7af54f6a28dfac15db693ad
dca258b978f14cb39943d8e935496f2bbbaa6673	f674b4fbd5f17fd8f6b3597caa7e137167acb022
33e00c87751caac486858f525885f641fe615606	5a4e8fea8113b38b08bd23a179bd775d33ce00e7
a3d7adeb0f2304c0f5f49039aea15a7acd24f876	78e02b52ca8feccdab1849da90cfaeaee9036186
fff79cd157a31edc88ca5bb9626db13e6c251fe5	ffdaae90d7c9ea0a7610feb910408c5d8878ac1e
0fcd624278a4b4cf866cee5fa6108cff2909eacb	c77681ea17c951c24f317b80b80a04fc251dfc7d
07fa84c57f9721433a135f93fd82f7819d9bb75e	d824390167738b875d92337cd4408f073d4d459f
9b76bc9465ca4df08ea69592c5d0f088c0f74e90	70cf681ff280bc4ced593bce7005bea60c583454
def6efb7071230afda0ebdc05ba2efd2171341ce	b004b9ec81c15ac4756b56e19c8268a8b46109d2
a9220ef4b89f8f217bbdaa48102084c41d99dd7b	657b05fd968837bed809bc1906b4602f979447bf
ab54c03677d325ffde36c3c7f07282a1d228e03c	caad60da45b9e89232dc9fd724a1902d3b90225f
31e5eeafdd73c46f15b038442ff8d2a2b224790d	7d22cf9b45d6de0c068b4b0c5b5bf6c9f037c7e3
5326bf7df2e64c59439ac241e5c7fd2cad4a393a	5cb178ca932598c41ce7856b12fba64fef2455fe
07d421138ac2f18b9e590fa92fd88cfbb41e0381	16788008b66e6f2573ff62927a1c2106dd72fe3c
7f7c857c40b65df07a880a3ad5448759e8192c44	6ec7a330461202d6bcc1dc86d775fe09584a1713
e3e57331c4cae8945ea1cd4787c4d0f8b15f5173	6af9c2b3ca16fa3d6a2c3de592ca0fb320f12582
b4f40186a866784dbe78e09cbea2600dd92989fb	bdc620dab18a6ce4973d55350a739923b2af3b9e
fa53049ba7a0452107bdd73bcecdb0697381bf6f	a88820af313905d0e967ac13e02ee75ba38fe122
849052dc3551f3b15dee0dfa4d9394b308e7a277	3688f2e114a0f4294d4f1b7953ffff79fb4f39d8
b2d4591049f0cc10fa0725993992e3830090fd89	a183958d53abbbfd427f7d9de49a9f6f930de445
b9e80fccd42ff146ab64ec529a6d1798918c7cc1	1c8a9e91b7e0f81024735d76dde60468d1393e54
31f8591aa60daa2dad20c09aaaa131f50535c2c4	325f6c71ffd7630753d0ee009a8a499442c8ef79
4b66ec2f6dc9bd27382fdc3eefd895055a344586	6c6c0792ad1ca813c3038f83a1d975f0ad9b8f2c
cd492458e8f6f05bb0167004587b1328ad9b4490	9264f2307cb53c5d41ee16fbc93d523e643d6480
0dead270bd14ba588abb726d9a68a21437c4cd53	87dd328700a35a9d2dd174561ea2fd71b67754d5
d863c9e2551d290908fe711cb0f73dc703f262a6	0cec92dd0fa21653f528ed93faf8fd17a38a3bd4
aa8922cd44fbcc9525bdb747a405f5e15a6515a1	e88afa9665e37c4404a262bb6ff1f400fac5b913
db370a65e53700e47425151eb4818e8837846d99	3883a8131511ba7affbb1e760b72689353715821
fae14a429281351f5061eea6d01fd8ffdb6378b3	c919ad079adce96de15d4afd1708364b3afd5d3f
7eb94fa9df904e81ab9de748705eb48e16c21444	83593aee707d8e1b80e0ebb6459a0ea0aa90693d
069e254b6e7e2f83e04447a43dca462c1a6a97e1	ac7cc09694f39b3f802cc56638c17e50bab41e0d
5a5263d1fe35ae6c6f68b974b80be70c2dc021ed	d032e3568b444312531b303f74b28606663148fe
2ea9f8afd63274195038b1b062e2e600b7165734	c24df037acb486c443919a0a4c3c57f56dba86e9
dd3301200f8d532f4a201641354d13e17453c733	a2d43b3746e14017f9a48a6065cc271d4c103d57
45ba7de06ad9712145015f9366fd9053893ca096	5b3b74bd0f66d20ca6288077307e2a96476431d5
df269da7efc87a2efdf10bd7ccbe1b59e8a81226	d24d3b26dc1c38007c8ba2ef3977514165745a91
35b37ddbf02e821190d89f00aa709b8943fd6196	5db3cd7781fbcd3bcb4e85e1b51448136bab86f6
b17b1f9ccde625a58fe7efc4332b2b480f83873f	c88af8b081ee5850e95e6905c0516ecdf926d1dc
a354f736b299c6d5d2cb42a9a0c0a992b8ffc6db	45852ca3e7d7a5694d5d7bccf51fdc57c9a3bae9
b4b6368ccbdb2016b629bbd400bc2b7c14a1b630	03ce555104f0f0c3c737c3e596be6d69fc82d05f
14ca2d29a96341fe566da25a8740acb440c80c22	dd0a07624edd45c8c52d196c664863214fdc0249
ede5c0f6623dfcdbfe17605e049cd05cb0f3ac8d	b9b2b7781432f779bf327ff6d7a03641e226953f
79844839d332955d023b9762ee9ab0de48b22254	23668351219d241868de4fa9b54add28da311689
5ac3352969b0674bf251789551aaa8552002ec55	42e1dea7d2d02c996b848dd6f835040294a4080a
75f9aa4ed7eb6e6d3b4ff0a7038021138a917cba	13d7716b025de8877a348863ab1c02c9793e1171
bef335537e6f76abd77975407c4f540914d38993	7ecb9fc738be799d66bb18d2b18267b3460d4f7e
c8a155ab9981d94603378f1ea79fabbebc7826aa	19b15e0d10bb98ac021f3f1ee74de995804c4911
a85fd69cc3007cda325f455388a7014210dd71dc	0b15de461b8e2792c3025b58f86e7ccd727f086e
d55d467ec94267b9ea8ce262f5fb05901463502e	27aba99e6c6c1d03dff3912bd5345cddeeaae26b
d7f1d289226f099aadd1e66186d357e3884f5956	8151bcfd6b25a960ab52956531bc3021f119cee0
3950e994414ef28b13ec16c076003d974e4ada40	e8802357e1e72c361cbe31eb1136b922ac6216a6
15e0351a13941938f76289675bcf795b0693f63e	6e22c004f61e3f4915202167908e3a8026797152
fd1633a5e36f05bf5a6b7b10e6b69b4e5fc06703	20e1caa531b7c8ca963449ee37ade4b27d7c7ff3
895ea4730e15fb4351580de085cb8a0c4df8ec7a	32ad3c3db32aee941d42ca0e1c062d2b5e342f3f
f5af7933ec280a007b7604fa09d5642acd95d13c	1f5f8a7dde7813999d19d205ba3f9e07645cb1c9
d02a214d8ab6d463e54e6e2a06533107453693c2	6da1460795a9b940a42280fcc032c621671db831
a52fd1491562f666a3cea600c90a54facea6503f	b14ae51f7130e6e367e70340c04ad6372ca6b024
fe03049993a79bee13e1afb4a0274730bfb5f90d	5af8d001ae797fdbdf069ebcc5b3060f372a14f7
dcd164db4f3d403b173bcd02c298c79adff7dfa4	0ca344df5f5ec8b863dbb856971cd01ac8261c16
56a8386ad01e3b0de33b46e57c1b8f88f16bdacc	49f568abbda1fa24a53b55f89dd491daf4f50ead
9d5d49ca52f4945fb184982e7beaf283979051e1	3b4e811907fd17aa370310524d7af12720288334
1c2ccdc2914acc6c30127587d93ea41a5cd49ea4	d0e94430315b598f251d61760686588a6a4bb505
d640f1792ab5a802e6fc2b61eb1a995f7da6936b	f7e9d9ab1fecc7e00b51c5dd569632c3d6e6c737
02496eac9fbdef03bd89d3dae4de42734e15d69b	7834d6bca7a169f6e2afae9f3bdd3ca57be73242
c83d67614808d58c6ff902f6a90c01326d20b3f9	ed502577352c248f91396c10f10f4a41226d0324
df0cce5f50a740a53a19ba5068484b6d67d044da	f15f525c5c9812ffac94a84907836f8c92bf9924
af800fd3786810f189c354a1b32c3dc4281f046e	e4bff0460dd166829ea05dbe84c5131a98babd93
e01847ec5266bb73cfda864decee14db1d0b3f71	5ce3ddee9be640c309a23341951434861dc4c2e0
905f06ec4cfc9ca5d5821cf381bba6495505e8b8	22bf7a9509403f9828037e9d0152d2a965c453fe
3cc15097cd60d042d5371a78d88fbb539d2a016b	842730707c03d3477a2aa1d4a4d6d94c0b57e889
1d2af3aa129a441a0d867a63c6d164761a37d320	a8f13bd956da968bd7ba48a585e616df452d45e9
5c287fd7ec87d21fde5926d1efa758c1204c59ec	cd5c2a7999b157e3ca25b35a958a050efee9456c
3dcdb5e3d33346672b24bb507bbc20fff40f339d	fbc94b9e3e7c6f9665a343ed8f0daa05ffdd9869
647cff615e8bcb679c476e9e7edac3e0f8a0c5ed	e766f25d55626805e51d88f598dc428058efb409
71f48e4b5c369c12c5907473b1c8ab10af053210	140ed9a4cb3890f7dc8653cded5de567bb15dc8c
a17806f91f76091df2958d22ff2b9400cb0b2b75	60094884cdd84956cd94b537ea21113a749d7294
c4d5b6723511cc35d6e0b60011afbec09e54c0ef	0e8a4d141ae98b5972daaa9ae9adb37965911d9c
09d6f515aef794571f77c9875dde238576b14e1f	17b78a63390a8aa3b32492c76fff68d094375c72
d9492f06a9a37b4682e5094b94f7283681930414	e99741159bcc3e863534219835286b5d534585e5
e470b5ca2c0b6ea503b7cfc9a4d10aff7dbab92c	6b9603227b411079e3b9f521ccaec1064967a4f9
e27c343deb6caa0d3c8daaefa29656af4c69ebf1	23e8d282a3f31ef3a38b4d40c921c664946278f1
4c258e4999900bd8762de0a437894aebe524caf0	611d6bbfc541501f65b86e72bd28a2f0ea727a5c
372fd5786ec32a16ebf39d2684228cbadaa196d5	f26785c0bacf2c1e2a26873dfd0fa4843d0c39e3
9a4f20256f8342e610224ff044b1607591a07bb3	5bcfb717378bd9b0b783620089ccce2c373b59f5
a26846c808b68336014c04967afc66cfff9fa03c	4135c4974f2433145c412917a8758056398aaf4c
03f78730e96d0f758ec58cbe01eafde8cce1beb6	222196b1821c15049c6c536bc5d1dd22f0ffbb94
67666cd0ea099b030048a7aee94706147bd8accd	86e55c5c1c4f6b32032bd3bf5a3309e7450e19ed
563bef899020e8998bb003a86490ad76f8bac026	73c068b96fb7e2b0fbf9c45fbdeba7cd700168f7
54fbf370c0f6fbf8453bb2ae615a11ec2ba96830	f51602654002c11b896ca570aad0bb9ba3c49377
7620a1e1e14f691b53c1603a96dad70d84a33e14	3c5bc842ed9a991b2db4ae9de2c85135f60b63a7
06d4c3ed2006ac9e5453e09b7918cf25cf9d5b58	d8270a66f4463010a4e797f08b06acacbd3bbe87
b0cdbffa4f6b9de459be14116b4be275187c76ea	123c383eaed40662e0815f4bf8564e2ca3bf2e9a
21ef44ba36d0b318914f7d424d1e2f28d5c929a2	67814faf92fa9f26ec28d863860552458f21be0e
971bff88f10c2e0898ce0473de61aad469fadd3a	ec4a0c849703aa185f12285f5db50f03dfe40a2b
3e46ee192898a768dbb72dbf5c9f925afea30c06	21cb227bc208df672fd5569e435df1e10a6b79e5
eccd86fe6e39858a174ffcfc1e3d7a7003ecdf4e	1610bdc5dd5752afb5c1158cd31b3e164435ea13
12dc997cf3e9186a2db037cb5c3c958584a7cedf	3296a2f7b25590ad1a28a861857794df9a5bf5ab
b74d5eb3134defac85e9fd396a656a6cc7ed8502	2bd91baad0b297561d962fb4b315f8139eba678f
ea4f6d4de45feb31b191361bc226a6454f27b91f	a624cd9b49005eac7ddba2caff8a08073d70b318
884bf42146474a4f3ff0b46cd92fbfcfdfb13904	02afba132f12d3bb2a1570a78c98abd2507febbf
6087eb5625c4a5868eb02314bdbaab1817f5886b	99890a1af0db9246b9e5356ba6b7c5207c544d7b
41277d728d056dd9afe6406d3ef9367f70f3ff19	437f1f819c9c5eb9fe3611d20b47ee864ff2f13a
5100bd6e3207292e081cf72195e73951aa955a2f	92a79e6158dbdd3d780df1300a61401084acb5d9
1a4130b3120d3fab8f5eb5b868cf06ef295be014	c9efd0a74f2ddb2218c1cbfa6133e18cc79cf677
d3946e29ff20d2db59e7ea2cfe291747dfc0dd58	9da349748a8e6f57286790df91ca7af9ee001269
97f5a0dbab5f0acbb3f4f080e7d2e82b60896e1d	2423cbbbfeb89043c8576c524e7528e6d645a2f2
ecc7a54c12ab1ca2427dc55c9467495cd1f1a1dc	4833f6d5db987c5976ac66715d35b5d767d4b486
ba5dfafa295d558c73de8cd35841f8ffef6ac654	9db3cb5cb7fdfe10a0447a5fb27c6eadccdc9267
1a8c7eb8b8abdebf27addc861f8fa8201ea2415c	c14b353a29c292a53f228a87c0d57cd18940e8e7
c90b79e016772164993a945d4572c1b0f9e3fdde	19d08b55c8f62ced9f32382dc22f746e987d5fd8
eef1907dc6653fe540bcff15a92072ccee50dc56	39514b3ca0575e1f859d298bd9041174ed4d00b9
5b8c6e30ef5c816cb251eb6e7913219e714f00c4	7ea9d48987c98df200774c1cf7052eb5e6875511
84e69b2b8d5df383323aa8e9cbd7f0eb538e3f28	df3a98214148db0f499ae4ab32bc81cbac716a25
784b4da83079f2ffe5c1eed00b104605ce7a0847	687b4509df90261dac6f1a3c66b6d7f18826c399
fa7d70c23186143f43cbe532cc09aebc2a362ecc	41ec2e7944c7e46a50363e59208239903adce5d5
bb27fe8c1cbcdae354ca73dba7e0612a66b9d228	1bd3a9144d1d40b1e40b1d17aa9710b3b3f608aa
c59921b87d35bda73c881032e5c5f9065a56d4c4	6e852cc99b07e4fd69c401b5546b19e4d3b834e1
4e047efe87af39d5c82822af7ee6cc7553b6c64c	8320dd0b51e28bebf5eb1bbd1f8fc8e01b71ee96
a5703affdd3adf9f709d7331c8c91a5e6cb6172e	960d04d172c38da512a3a7f355a3bdf4f5b35ccc
1f6750687075f0ee7435765d6a0f278d51a66750	86ea035bddb91c3d810c8787b69cb55c3061c0a0
a25ba63d1f562c4a1a969566ed8aaa33325d221f	9b6449dcf4ead36f3aefacc76a75dc8c7ec9c320
65058e8e32afaea9b4bc17c31b36d991a8f9e478	4e22ac1a350f16cfc2f98e5289d232cb838d8bfc
ef5b2b27023bcf55f36cef853b1a0ffde63d10bd	8a779f6e9482fa990b9c0ab3d3b90d4d456fe718
cac838d4e86cdf540c5e6933820a1f5e687ff55c	d461768ffb6505b1600a17c2c2dcebf625c77829
e7e2c2c94a446391f859e04052e5fd7ef9cee8d5	5d41e328d4a9f7549dd27f11b4ccc43710a73664
b3ea65da65645be0841235208080b274c7a4fefc	fe492904e9a5d217fc5fa748d5b53a476f0e67cb
7b08850d80597686aca7862b4001b86ffa8080cf	168253b8519572fc583de382603f11103b4f333a
92731e948d720899d48442e90f28ab256eb57d21	05620a369eddd93b95d96ce47eaf3fd69dab5e1d
a67435054d3c8de72827a32f34c522cc65d87255	8e0fe553635f38da36d7c252025937ceeefba1d3
284b17b9168031e21703140f866a095360b37cd4	59e521c1db89072142f39e98bc440f2f9bf99401
bf2aed3841eee334ba6ee2dcee5f0754d24f35e7	f32c1497388af7adc2eac2e9c83213c3ee831a8a
e7240573c51b72e6daec3c8d6192d226b0063858	23a35b3c06304bd0d884f1b24260858afbbae2a5
deffdc30d0115bc7ce6ef20416dc65a7db2e5726	044f9c5d4f34eee7ea961707a0cea66fdd545642
336e57b456baf5d3e867ad4a543dd7671203c085	54f9625bdcf677775793c3e1274e29103cb186dd
de8d27ce2d1085d8d0751b6446d595ee7b2d8924	ff0693be3210e6434eb1d6be7eb21c5bc1ffde88
3db1f690b8015d6277d9c4320297d455ea1ecf35	53d9ad93e33c6da126e4be32a92f57c8deef74c2
f091b22a497f5b5fa1b5e823c7f4aeb35dd80af1	f5c5570becc26f03a0b509cc3078821daccb7352
f357f398a63f255662f32bad12f871dc97bd397b	53f19a6eade49cf774d181ae015640cd18e6cd48
9593d762661d2192eb5ac858790d751eec0fb365	cfaf15f4299fc76d361f401f321710a967713ff5
b676d22ebecdb0eadb760374060eb005b537b1df	9e67f3b4a59f6310f1a7df452e6659b148915848
db39dd7d1866a1780f31fa7c5b631aefcfc35b91	4d2185a2d43bee8cdc042c7330055d2a433f3ccb
056808c753ffbf85f9d7c3106eeafc03b1d12fcc	33f22263cadb73ba0758249516a4afd58410b0a3
be93eeb3f2b0f39885ad06c4ef9a3d4394d41919	d09aa07d21fabbb3c4f98cd0f45a8ce10be24736
3b99970a44dad62413cd12b6f0e97ad38d8eb5d4	8afb8ca7eb8aa52e7a3b44253be0f3df9474fa64
75a19212de3cf87f42598cce489fdc220a30f425	80ed5bf8fb48d3e232f7ed2d20ea46959c9dc0f9
5d6161577d2f947a731b74fec3c84f782d05075c	81e7b0b3200d423b5d32a2f8304f143b4cc1044f
e5f402f081aca763be280e085cacb11a4e1ab10e	a828c3b5da030365d9b327d9eef64a38d7697e6a
9b2caf96a03ba08779a976f9b0186baf2e4764bc	c95e4a13a17588a1853a076917f24d27b360dd2b
5864debe70b227438b339619b02c11998c10822e	726a7e19ebd6331e0a89d5cc0e510135b097904d
4c86b9a61bea4a0a9d1756ed551c41e989922e43	8953ddc6e0fb8dc3a041a1ce3cc7d6ff51cf2913
3b4ee7e0987c556ed2fa12e1d7fd3445330cecea	7ebbd58b00f6dd98fa0a4155858c2e1681c7d6be
fc7d9ef11ccacc27a7975062780764a410de9f9b	d0095fd0f48f2b0fbe245beb2b4743c0ab28ee13
5913f38462ee650766cd5d6f8cb3865132d1e1f2	66d8d563eba3914280b5b4283603c20f3c5d0889
cc4a7c0647e1a070d8dde784375289b8ad13a4f4	4bf96c7eb57759fdcc3304b2767500b5e3109b95
6af90c3d9a8d7abba92266e57ca8e02381977ee8	f687c25fa9e604750e3e97ce7cdfba732f4d4dbf
40a66148b7e6dd8bf352d233e9d90ffd993a0035	a92412ecac46164eed74b69351d0aa931bcd4a56
a41720ca7fc1d669bb6065273e63c2a71b73d823	8dcafa5b33c1fe09121063e213c1f6d7cb6592b9
84f505b38123f610906affe698baced292b38f40	7a02cb83a71bb8efd09ae18eb6a1d581ab381f25
4fa581a141bc1384eda7e51cc3134227990dc12a	51ce6720763eebdf21fca73b27d13a975a61e5f0
f0229758a0dc983579f94b6d79fe0b959931d23d	7734afc40c98f3659a99845bc29378fe2ebb956f
201c9c3e1fa48d9ac38e77f7cbf32aedfb4ddd86	ee3cd49aa56dd8078fdbc91a1a0ad6dfc2bd349b
9f6d954140e5f74afb2edf3460653c1dadc7f3ae	bf20ff84b5d1011be760558fc27546f3deb0f67e
a72032fb4e1f3fef971b167bdba0cda5d46473e7	c58302554c93df5cfcc5ef52a3ad44050134851e
975f75b4afe62fe62f4a35f912f9c1a374cc6571	05ed88aba88be7c4313cdd050ac0f8392d80b157
1946c8982fb319c8a17c11508c59a553c721927d	9f5cc0442b6baa5c55d78f39968ba4da31e61ee6
e30d44467ffaf2e2639ccdddbfefc1e2a6952db7	2641a43ad8dec41c4ecc8dc4af18b705735a8a47
ef8a0ed214f6d00cbc81ffe80d392e2e6957d04e	4a6ab5e9fdbd6b6da38d8efc7379e38e17898135
147e6e49acfe06ee8876e4ee79e2d63b1f7ac318	d1fe17a4db1e444485fede62499135d95ce8c661
c7a8800055861709fe762f73f38baf22439edc7c	7c910165efabf5cceff5ae72b42d54b5604e2088
e31c5aabcc41c0100396487d2e0149057b34574e	8c1fddcf8d560e5c0aa276cd3a0f1a7fbe1d932f
3916a86163dc72340968f27063a571886dc030ce	01b4769852c7204ae2864e10b4c99d4ac6dfdd91
980758a4c2f19a81e03603c458d9bc8709579eda	a401828ed5e51cf9e83f3922ca09900cd8eb46e8
b6cb7d6ff1bcefd42b8e92a2ea9517b6f3769996	ffd54eef6c71a4e847d53fb38d3622d689ea026d
148f920b46c63d2f551645c417dbb9909b617f13	c16e4316d60913f30cccd1f48fce7b8017923488
8931ea118222ed17d97d415063e44ec6bdedb700	8b7fe20b7fafbaff170fa6fb466fe0b025ccdf55
e5fc0b0dfdb2e56b86b3f38a9d0f0791ab4bb4b1	696c1065b60a484ba7f965526cb8e1c08cb3f195
a98af9b99063afcd38215861892d3a378a497dbe	5d690f4147e49313a4a249e99d38640b4ae7ee4e
aa447010535a89f556dcc76a1f00a1720299d54d	f906641a826232a7213f63f4eaee91568061c773
7ab293046431eca4384393388d98e27f9c55bce4	89913dfa8cb520b2f417cbf69ed27ff81de479ee
e4021cda43b765598d7230c16c78a052172763ee	468778f67fe56db3b74469ceebf9a7f05e5b79c6
ab805b9bbd18537176ddcc454dc9ccaff90e3cb6	22a22aebe284fa5a1368f0e160d4736f839f991e
86035646e9e46138ed1a1fd8903a1bd4c30571f0	a2d2ec9b45dc5d70f49ba189d621ce68b7272f90
dab2a8ce29cb1d6f1baacf997c92d9eb9705a7c7	2695b3516ec1c767b3ca53ccc667ef9cc9308046
2b3587e4fe11d1477f27b233e39dfd08eb637b07	3a9ef8fac02525756251d6a45bc8380335a65b35
957fb23c594875fe08da7538313cc228e37a6fe6	ebad3632019af23cd47e52b49c51065d9d7272dd
536af6050d325bdaebe65c3cbcd3a01752dbdf83	11076d52cd9f0f6b9a606b399b69082a6a75ce49
b6bf07d17af87859ccf2f307edfb67c2be32614d	5eb132063e03697ad682918bf5f203d86359e320
35161795cadbd327d544c1510e7b2c1e694cd1b0	13ab5d33483ce0222921dbfd2c65e640dd5442f3
3807efb7d11673cae2360fd380fd976fda46e936	ce1ddc400f88eb7cd0668715657254d7aec12c0f
e113469e83709db9a1bc8b4287f37afaf4af9e1c	2c9d25e8531eb737da8c6cf39f4ab42107400eb3
32ac0bf82b38ffe83735cbdea556399d2a0e0c20	3d767777607e67eefce6b4a974bec750bc5a7aae
8176398c99b94be7d98770a69cc8846d5943b437	24f4dfea0491091a91d93eee8b63428346563059
3d27c27b4c9ac995d64b2b07d242f8d3b9d0f915	2fc1a0a9dddde96f7087155f6f02c513bf2c42ad
d5e4a859685c9701584ebc5810d4ca6c081a2557	617aba84e437df0a42aa1c5502361b2be8c5bde5
f6c1b5b25345af8274783a7500d95e017828717f	5510c474c718775e450b62c7a750e295b2df7047
2e66ce3b3afad391279f95d1b78ed1d91967dca0	eb2e8a0b402ad6324876ad359bb309a375e06700
7b3320aa894b4b191f1de8015d7f0e22c4d24124	972491c19d6f950159620e590cc06f310e608f21
a6a53fd7885ac48803dc8d4e74c6214db8dd63d7	7358ca4a526959e9708d15609ce93835eb7c6dfd
31dd17d98822d91526685c59f8d45d7fe8f2c369	61c274045a3e00954c925fa11fb82b8cb09577bc
7d39eba4e2f49a80ee0c4d889be58a03b62aca72	f205140b04330cf9c7533dd7b105a26ffd181c9c
bccbe9a6f9c11439523af604acc0a0483772df6a	1db8e03c860f1ebc155da5364956e8c48a8b0277
7f2ad73affaf8c6d289ee10228adb2642fe8687f	2ecf86c2bcee199b00500c5fa224215fed035e96
2888ca3531d30bfdc683fee3a3178c9f5e0328c9	999a847e865b0e9554a8f61eebf8d831de79d21a
8d0685b1a3744b1c70acfe53c8625fd627e10312	1f63ce5deeb18e6a66de084778cc5276154ddf85
0dc6d348cf226bea7441ba398714ef4f7152bd12	0ad1bbea11618f138577ca3345832763cd997a05
1e7ec901f95247b0d929fce23c8a12dd13857c2e	b2cd78d279109c315b95f792bd60e434dadbb82c
eff15fc805e62ff15d21384d2528b5882e4c3348	d5bb58a0b4cc1a54a398f77d725f01057018b321
eaa59843eb5cb303199e1d9d310ba612e86b74c2	7f84936050089ae97d804de7a31fa3194343f199
b740def187bd1e0b9f4ba1743089ba564c57aa16	6adfea0a72bce328d20530b58d3ee75513b0c984
05ed5c8371d17471027b6a30c7dddd4f731649d2	10f213bf3d977b001c1a6fb307d47ce895d363ce
9946d50f6bc6999ea71a5e4fb3f6200853f289e9	6e8c4f6576c508c8dfea472aacd2922961274ba6
a1a0cb0400e3e62ab00e2a8a0c0dd9062190b3be	9779dc01542c268988ab7113591377bd89e9e442
a3da5b5012cbc5b1646a4fbaef4848597fa95357	a2abe31298d3061c4a54ec51f6ad44fc1a960308
98e06594389ba9613c248495c7e8b8feb9051210	930d177dd04e9e1838db3b8b6aea92487e8ef2e9
f21c8f75ac0ba2389bd8f929950ec758534da3b3	f3d1b591736e5c47176a184d54db456f9628690c
94fb74baf83e9fdd0d4e50e0ad62ca7870efc6ac	14452f3049b71ffcdc54911f2c63672fd88c1d60
59dd9be9bfdfc0345db91cb8c2dc5b956a0e4c80	4119c8647b4c0b56b83442b65c45a69463852855
7b65b235c0e65196894fb19c365a43a5a9f455ff	90a94a8c63c4df9df1c876cea8f95f97166bb38a
0bbb9c14f2ff7567c30bb168cd72b742b6764ffa	b0c39ac7ff15644c327a31ffa92001cb88d29f26
8592361aa2f70e07cd802b0f7c50f76185b04a62	8703e1ff980022bbfe80078946082429b68ffe1f
cbe5518a120c3313bc65c43ff515b288237fe8c6	35886b88d7ce8689a9dbd648d155de4cffc55c6a
f9fc74a5fd144f3cf92f51d11bce463a3ca8b49d	d583b35717d3aa7084b94c306b587c32c88d67eb
549542d1f72f08f8c1f72c52c045911acaa8a299	217ffb2f95fd4276581e16e42825344fc6193c79
2fb4534e0f49e37e3017432e707b37993d6c8841	22f06f582ba2eaccdbeab021114197f02d6d8b85
315ea9ea43274045d250a358455e76e639160312	f2b5098fa063cbeb351ffa34d2e3317428c3564b
2bfae942b4b53d1311ec8b5ab27038698e024f39	0ca329036414eabb40c57b48868ae811f867098a
1a9178f9c30ac60dc4f9baac93027476742a3c23	43d5b8598b47ba2d71988c2fb3da3b55b40211f2
759d00ead857b5f97ccc7c9dfacdaaa393a3f6d7	f3e1d1defc7eba991a2d34178999f63aa0433d92
17a32a4669ae9787c36350281abc79ad3f281c9c	95c03c9373d84977f2c99d60cf6b7f8a16a743a8
630020d9dc31dc4dbe5656fb4d92d50a5d356d56	7e0958b4ac57f972d0f8baf9ea1cf670bdae576f
af6d2ec68929f64183ac8483c8a5e5a528b268e7	6a26737508d3ef7e52554c4d701ee92d452dd287
0d538d0af30c85159044cf00e14a74c74987e85f	92a92f39c57dc250fefb69d55b5d32b7ee77d4f6
98f3fe01eb537561a4df294838c59e4120249cc9	fc533cd38d8468476622ed9c3c179ef94a9cda3b
55b82b64e6fcefc83cc44adbe72458503ad42bfa	68e286499d9470a4c04e2fbc20a82f5c5aec0767
d6b59de228e4b9a889494fe6a28c1897e603f6da	f5c1900aade7454a0323f8188515b824d59a11c4
7123e49384f9999de5171810c8d7b78016941158	6591dd58cad03ee91c274e80c56ac5f53c086f19
3de901f024f4df306114e4547ae2f02cb7f6592e	54af11336319955b93c6905b7c6318a6e7e50b5a
6c036f5b127aedb897bd4c1c996dc8496fbe2aed	3f1fe814ef0168e95875c647ed1b038d302b8786
06864ed3cef2e82861d47d8622cfdc0f195e8abc	5a2cebebd1eeb1ec032ddcfcd6f8b6fcb990c1d9
d6ce012ba85f452c42ad1637b3879cf634e3f430	b8009d61b2f43f1a774520248d47aa3b667ab36f
c1e669efbc3ea1a386216772e8194421db76468b	a61a64bf9ed94c71935850f711c2c9b20f7a3ee3
6838d9969ea21c597aada1f43fd71da5d072e088	7d17c52fea6d5cc3e32d281b85d6b7116c2c64e1
7052fb683f97e715e265a730d7f2a47128ad0bda	f5b15b392b0347e61a5f25bf150c314581cbec2e
e538b318cbd3a3578a1f241681382ab47289db65	8a53846efd3d9c61c63630556f18938221f4acee
3a7bb68e9c985814b29dae22969824605d5a2e3c	badc454452cf153e5713bb4384d9239cec16c8d9
2fc6f9d159172350ae3804e4c69eafb007e011f5	a01bb569d1fc635e8d740719135b81f839d97d0b
a13c31b971c1b2f6716268cf865cc240fbe725d5	89ff9f8368179fec8f62e8c0e7c68f2fbf597c45
709b4242db973c94ef74d809fe1922435acd7bb1	7f816a2ebc51478edb11274b92da9a16ae275cf4
ea9dccbec71136d805c0dc6e5c1875c74359b93f	39c141651a145ebf4406b07cafe887978022471e
5900ed5d87c773ce923f3ad41ef2b98dc3ddc101	b0ad9bb6f1df6e8277b70742331423bfb46e8a27
f6611cd19064d4fa10cc2b13675e2567d9d0011b	d135d0f2876b0bcb57141c5a0e30cd3e8f521039
37de682fd5e0f8b16a91a653b1e5f21e3e5080db	b183ccf23d230a84404717e29bcea491c7aae91e
ce3b290868ad8c1d077392eb41f19e0afbebb6fe	c2969bc186a9241e9932d0c4ff03602075b0487d
d588a714b2bb17dc922bd0c3c68fc60170614f85	bd86bfcd224b70fe837353b5a63d0eb50f3d540d
afe392ebe340704163d1af8632e60785b7b97ea2	8aec64b855cce05f3b7e8a8ec8457971ba8307cc
32797b53bc21886dfe4a15c4ede56cf96bedb10b	1445bdba37f210d946fe80171793413e489c5a97
9da30ce99219e60fb2ac0876aa69060740b7b2ae	29d08e63b54242ab8374faef3946996b00a21637
4a6a50f0dde72b2108a11447a595e5a9e6a90172	1173fdea64a415d39f545eca0779380603afc21d
1fa9097c2b541bdcb100d61f55f2c770ec3a4382	968430c3380bd7e19fa707db759579eae67a1764
3ac323b861f1dd3904e36736f12c6bc897ae3bde	3e5bee6faf7c92a112a53a9cc14bb296a14d7c5a
b819ab4a7268f2217aa62012338b916fed009ab5	aa613cba73629bdc8c028728aebaa04e94d2a20e
0e171c899715ab6f1f619f25f4a038861033c291	1e510511aec65023c8ad9dbe95d59a452760fc3b
dc4906140fa6c05d4ca55c07350e60e99a558a57	1b44faed17c9865843725c852406aa09b4614cf1
4fb21e2a8d3c97f6d2188894d0032a4b4026bd7c	c7a485815cde71efe5a3e7453047a282e6eafd34
31ab5e140f3da401b0a5343c84e7aeed3b572a24	7f9c870bbac8ade4e25356cb7a7b848675e71e4e
380afbf94bbe70d05fa747a94cd7f482f781258e	b5564ef3d3b2e879983ad3d1362cebb63a2ec483
905ff432a8dfd6a98a351a088caa49b6d3f53f1e	8ce244dd0482abc3d7c580feac12596b05fc3cfb
b6992a079970c787357a9a7579e167c0636a349f	0f57b93925d848a88d44d45923609a2aea001740
90120f43c88697d9826909c6694ec6a021b8df04	c90a77a1857a4c1f926331f14a1089429fbf14df
882f3092da03242aa347a0f38315ea27c7acaafa	c6586f19fa361d060e4c02c9ce21f3d9cd229e1b
81031e814de4c20bbac128fe519e299fa6362d0b	cbab86ae380efef08463e2e5bd23218ce5d3e9bf
5daa981d663beeb4f889bed696e80bc9296263de	17b5f031f189568ec6ece4435adaacaba8c0ce6a
fa4de9cf3b807f3c6f2734bb92a143016e21fb62	b00b6b9e256700fc55ceae7147f0efee39d734c9
4f3390b038ac87ce1acc0f59e42c92250909f17b	fb6b3b0401bac4fa53888e9b4157976df686b606
9964ea24234f2ed502ef3cefa91099ae09071157	22ea878fe99f0cbf1bc4991e4e1c529eadd36a20
786da859ee20d86603987490622e2267734099d1	abe3dc6039b11319414e352be4424ec20001a418
7ecfc60339deb3acc959a54daa566d91634a25cc	852829b9dcf3d6be12a323a3b5c4cdcedbe92642
a93fa59588270f23731e6676b8bcb810bea983ab	407509c98565d6f653439221143eaf05f4d40a60
f7eff0344cdfc7c32708aea5bf108bbfc3baeac2	9856b73cb5303729ccbb64518935172d1ff431a1
379d80b4b54e199c850fbaed90684df8a4b78c56	f42356fbcb5911cd684ef2635fc3f0bbbe9aca04
f4077aae8652cbf7fd3c2709a656f71270444793	d0b467671a454ea420f7ccf8ecf60d7eb4056d47
ba6db87e6838d8858ab5fcf85e0757fde6080e10	c18c545798c1cf2407073fff1a36b0beda00b4a5
bb7667c403afa35ef7844525d401147f073dd738	693ef293acc47cf10136c0bd590ee44bd3aca742
6f692e08d28f0c5fc8139ad5bfbc37ccee257b38	a0066277956a51fd5c800b0a5281e810e9edf7cb
1a95e693f4e192e8fc6d7996df084ea2edcaef5f	0738b184e4d22a196cab459179a04f33a0fafbcc
e7bf77cfd341cca121bfdc2c61e9b87ce73316ed	42524ba04e4851355c40e76df971abe2be2f538d
b5e7e97929737bb576930f499647012602beaae2	63fc95b96dbcb00ffd41e8b9891d51f83854fb83
8ab0d1a94f03837de17667e520050be921773677	ab436fc13760949de507d0dca29b9add5e207dc2
3f989f07b5d11192e1b924fc95ddbd6e8d2bd484	1546770bfd86213895a1da5efe48a084a8e8d129
afaff7c0c924a83864e9e005bd29c02474328d57	f4b20994880bdd609f7ae50a2b89c2d904271fef
6344eecc2e8e6e8b62289083eaf7b4004d95c377	a2c4d68031f630c6ec42e5cf4cd6601359fe99a7
36aae576594b123e32e615267870eda868a38cd3	cfe14f2817afaa92ce1415508a2edf32b2bceec0
ecd0fe05bd9dbe446c87de7f5840e8f2e4a95a6c	a5402ffb69676a4ed0090df4f3a86c0dced5b889
3a736e317000b394145968de5fdf875294c361a7	4d24cf5ec4e65e56fa1027f340d2a3416ab69af6
6ce8f295a60ec843e66d1734a2a3bec1c1fafd09	668d354771e92f20e8ed5d7684e3d578f4ba45a8
be0d0a4a73ff4acc92eb8a3d69deb0d58619d32f	ad14719b142078b6793332517efa7c5b4ed98375
a8096792a5b89dcb814fa83d9031e0e25cd4666b	d9aa0a67d610db322cedf061359a6275cee92675
639cec8b900e73aea19f00fa8923a6c68216d913	92bf784f4f6b4be8bd90618ce20887732473628d
d4aedc0922718376bbc9e74d079bcb8872ff34c2	395b13103adb03f4fb9b9fce6274ffda36f0844c
7c312eba55631bffadbc74318250c514c7b41a01	628cf56d3c9d9b1f1c8e0a2eaacfd0a778cb90bc
9456d23f600e55a6166773214228a0e6e2f783ed	ac5582537fab29deae5cafa24d9d928380886787
ad5ef283027221235739fba84a8fe5d36afc30c3	9aa7a20d9621eff5f4a35a488ce0812a317c7042
e48332daf32c62fe629521d5cdbd54a2a486c50f	189f02c802d25a02c0eadd6bd91e26b4f93feba9
d25f2c70a17ab2f09a4324b5e7b6cbdcb28ab6b9	2373281c4122726b08af6f6ece56c0319d14dd0d
fda742208c75c5d547af9db7fe0126238cb277c3	e8f4c2d36ff656b4d1b398d9e81d8db46139fd1b
9615470dca77ef8cf431b26826327a8877998838	07b6db23c1ddd821dcc3ceca8fa4cd08467dfec2
9250cc6e933ed6f4ef8db8d8899e1d7756f48427	9a3360e5d078c2e0514195ab6f8b402c989425d6
9a12e5f0705259633cd40bd6b55cbbc9b4851dac	007a278ac80a8d930e1c9c25c9e0d2cdda20c988
e12ec9cf424988bec87ea330a1d8b310e70123ce	1db7f45370c1549c6caa51789bde0dffb7125f7e
f123a5c9484c4fa001581c29fcf957029e8893c7	b271e19a23682ca6ce0a56f59a1a2eab6034468a
194f416edacda35b634bdb9973c5a10d72eb241b	79b6bdfda168b6da8bda5940e83bcfff8a9dacde
4861b3338171cd2991d38578fc0f2afe70435cfb	38088f28b0c03ef413efcb145784fbbaede6bec3
0fb15ad08f7d26cbab68babf2339d0266c817951	dfb8b5f2fa85c6e4880e4cb0a6471593c5aff752
b9646b16cfa7574c5740867bb7986dd3d92e2bcb	9913e0e02508e05c8c40c083bc667c826cd4363b
61a7f58378d2c779a2a14f5d12b4b885380044bc	ce567ffddec30bdb9123ccb8b9f4a813f6175f1e
f405554219f3ad34335d0dcae15d0b6e06db4d44	5a9913eca51fdab64a7e6e4fdaa95b7f4b2c4b02
d2a9f39211e697f298fdae8cb6c91c53b8fea8a3	eaf1ace6810639e3b509549a9312ae723d65643d
10d428ee6f40961a2bc279bedd352a58a18ee317	a2d1f89922d97902b28c89ab1c31223e0960d325
20ac7f261096be844bcc07b802929efa603f45f1	7e09beb0c327b04b1b7c9e2a32d1f4b7f2a968e2
d4a8d57afcedbf4f899e369befb6711c804cc84e	ebf5cbf1b9540e31a21e211de30b257cb82285a9
60df98e7f5cadc69820236d9609fd7d2542e7541	d727710d60f0e1278ce9af6f0949f8bd2d2e6211
9caecba16c08f5dc4f14b57b831e04d88371ded2	0e31aeea0060c213598cf9680e559da1dd021ead
d47dcf94a42e30245bd5baedbc51be5e9512fd61	2f437a0382cd62929098e5dfc067b436081488bf
1a9161e311e8326627c6b2c00a424d481c13cb17	3ad4370fa59acb859208aa7fd461e0d5dbc1ee8e
f8d9868739996e0167784b0a5df98f895c812a25	a3bb9c28775f76f316d12c823bdc1a5e8c7f8bd5
3fcbd1e67651621c773ab10d46a42e11e371cf6e	ee7e976084856a94ba2fb89a3763e10c426507e1
7ab3c9ad26f52e16eabd8b380b58a427b3a3b372	099358d3e5ceee7de2091808865c11aa00400769
2abbd1c39f9cdbae8746bcf1a82a527b8005d303	5297273937ea2e050915f2896f63e07f6ad80bed
d38b63c4ebbabb81f186b724af6c4995f5010e24	80cfc9a25b04a2f22428ee178fed3fbb9c40288e
1c8f9a3e4f07952e650f61ca7b339f2463f0d323	2ae4da524ed0cbc831e98e296db3b4f0800eee01
37ccf6545cc365acf7f253fe6fccb638d22f1fed	bbe7f2854554d5a078062113b359a1f97a61e8f7
7021311211784e46863ff8723c4f9c93e0a4fca7	78ddd497ee917e0409230801dc74a9787f15d440
dcc94a626435695f30dba513459cbfe234df8624	8d044232af34f82adbd36dbca4c29d5009d700f1
699f7b1ff1144a16418ae541ec00578aaf7fb05b	aa7e85caa7c94790be57f218cc69f806d36e7f00
83c90fe4dc0d571342643d690bc4fb602ce96a2f	46a8f244008ec63211cde023e39854f3b47af61c
1364e573ce47e211e1a7f85cfdd87eaa06de4543	87bc2922960ae75dda652c63328e09d1dfc90597
6f7effa50214849720c440e3706b3fc7d60ef50b	ac539ace70957fec2cbd3bc5a33d721c5257c19a
e150f799dbe5bca23dcd3760793e65eb9f6911d0	a15b13978f73ca180fc25e56f59b311be0b0b9a9
8fbceb576caeadce64c27a5ef241081c9067b096	0c975db0a6fc4373d5117fbbc6a4f807d7eca47b
9d32a77206091974744cc28f277dd3cfd96db2bb	cb4fea024039a460aead218bb435d25027b8ff26
63dfa34dbc145409b92bbd4241373d969b23c393	8e7957d4408efd80733089367164b7e4930089be
41cac66e2b21f473b4e785a217fd7fe9f95d5044	f7bed32c6f17cc71fa6e8077bd11a86579c18e0c
7f5a4726c086fb0cd73aef2b092394c352e3d788	ef7f2d82c0ba41ed693306b1bc7bfec3d7c9090c
07e2cf02ddc0e22dcaff07e862acfc812ec67d98	7aa97a332eaf80930895b3f2a21573f5de4e6bf3
c8e09ffb004a03883ab3b61400465ac39d38a218	7c30dde96beabb55d174845081d4f5b842de9abb
a7bf1f365f8213e93d7a90309e89b990478f0350	9cef2a0a8f0ee0219ffc0759582189d5d6ff6250
e78a2006f3ef157a1ea130a7b9a83079abf6a75e	f376683fc3b037fec889d33d39449163a7899db9
6d13fd255aab43bd408763dc01c694214824ca5b	4b61d6e875d9e9186acf277fb43510659c51454f
7bdc90268433ef6ed70f35a03ec39eb12559f63d	7d83e350fd35741d7a407e200d7ab298ae422c3a
d9be40547c405bb833276260320fef1903fcd09d	500ba695483dca5f42e1a74e0de28cdb672bcdb9
020d3d5263fcfc0666c7441949815aa60f81bf5c	9a422549b127d156a1e897ebbe736c15acc84ebb
7d91e48828fdb015fa4450c0b7b09d9d0412c73c	3b48fa455e26f6c46f93f1788e5bf2601fde3f41
2203cd4cbd9ad0909fea5a97f283b608ea6232ac	ef013e0639398cb45955cc544ecaf4a59fa80238
2f338b269fc013a50e987f85fc8aa7afc04b8a4f	8f8437a88d5c955c713a7cd4901e9490cedc02b4
ce883bf976f2cc0628a8dba3f4ef3c32f7c87111	1b091c9b07da94a46e7350e32fac115f8ad5b852
bf054779e00d756a6ee81a1fa461e396c3f3ce81	4801b6f05772f2217a913efae6c654acf9988fbc
ff9831422024474a1dcaaca58635b7453de7bb6d	9078bc2de5bbb528433a99a3f543a3e1047f35a4
7c770760891e507198b96721057b05fef735642b	b69464dfe920ae74245ecc8842e67928f85c079b
3ae7d0503b5ca262c47246f1ee74367b9f693ad8	62fa48293af3f9d07c1e7bb0b4153a352258e9d1
ab87ca56ed8965e455e4b4f5e00a83500e0bd664	b206d0889b3ee74024d0a2ac8233c6958ff881bb
49dc1d69b745d3048657195b00b1c36252105081	ee691d81bfbf149af50ca8cde579a02a6a2a94a7
f94926567363bc3e48b45d0599e00334f06e3423	56876a67ccf3603fce2e16aac5124eedde22d765
4351eda9167456a871ff3bfc11d6700507c762fd	4a0df713aa0a1fb0c6732541252ea9dfb515f1e3
dccfbd82bdd1169a3e42d366a5923fe6c4826740	ef801cbfbe314b2f28e8654aa39c7cda36246a96
d48b29678f08ac1a041e6fb31c426cf8745a22f9	9378fc88d289f2189583d1c329d68993b61b452b
8c747c1c4e111f500dd1bd089b78b403c99d9f52	f46bfcc3d83fce43b2e1d54ab971cf544defb817
97936b0193e76364fde1f22563e06de086d4c169	ccdb238843fde888d6599f4e2f172dbe8462d167
e35aa4c8abf769235c12d04813ecaba21d3e96ba	f1f61b4e2bab117228b147c79c1020a44b4ef009
1fe96bedad8ed30f4d9454685d12a9cce49ab1bb	a44cb745d9acb523441d8814a9e39a416330f0c8
4b28b82e8b9c2774cad974e70b0bf8a5bc7a7e4d	f5f5cb023ca77366fb9446921364153ce43eb5ea
4822c986d7ad7995ec81befc3fc033e33ae8c5f1	5813e0ce7a5f14f3e5fe75a7355c0dfe0622f959
12cd7bb4c0082014db68a5c6413dd165757d6efb	5a9c2b1e80d77b969a96eaa922ddad58aca85540
1e426fcbc9ad3f780deb2577086e40bed6ef6faa	bda34fdb3be6b5213e9d3f00ae58898762441571
c50227b13c872c5b3d899e302a4d470d7e585ad4	426b677eb8055290a0ba835609decb383e07987e
6584ec2270705ae3d46c46c45b35ef031b7012b8	67c7e9fd86bd542e9318fbc933b7995e81348f72
d4c28e8b3058e7ecde1d99efb3883e19c3d57d4f	d8028a8632f789a6063748c953ac9e81a8d1e296
e74d0641e35c81af36d7c7861aa5711f679fbfa5	374743d0227a8b1606b1d84452a55bb7131cc4f8
f5a41e5c368e79456c54f94b10f73f9cdaddb82f	cd98ea5008a47d08dab018b38505d5e3607ce933
e68fe9075f572daa3106fca87d77387be1b8a35d	dbda0ed98a54d8a0a22d1835386c89c74da10e5f
b0f838479674d37dedc16342a240dc502d0e0054	f5e0ead01cbcf2abb51967ea293d3f65b648986d
7d9fdfc90cadc58ccb4b6ebbec97fe7d56000112	44818701bceb66de263dbbec6ee4097634057cf6
746ea7ac65eef1976f479157b4e2bf48a6bcb784	e0f7387dffb5d1b993a365cb8e58434c5e642a4e
aa462bda86437e3883ed949145c60961979ba2cb	d440a017922924340f093c5a2ecdc4b8eda1fded
bfc6b08aaf6f43248f397daf8f84ab8149335a77	665c84ee42d6de9b91cf0252d69e77e48364cad1
c5af323f0a5596a403bb7dc59e8b1c720b0cc222	e0de96eb4c7d5349a369172803fb1e8a2c5d5413
cd57765a4da31c673362850ac1196e35154aca8a	c6ef27681189911b5ac124a68444aa8b11c0b4e0
ebae42ea4fb85f050f999460b0f55239e1608310	1701aaf78c29c8d2cbdd2fa6bf84db480066bae2
f8035c6e7162f0b8bb709b5c5caed9e6b22eb8fb	122daa4bfbc45324bf31e92619a10273957014f1
223da761cfe60004afeaac7a2bc6f74223098495	561a9e5275d4e12e3270bf2241636a517344397f
8345c0b7821b63d73818f9ceff2cb167066ce709	de2453fce9652136e8843d9328fe94022a2b1089
16d93ca75593049bcc1b4cae33b7d30a4782cb33	d59d40c11888d945b30083a6be8984ec777d2e52
1ebe80d5ad5a655f601760699a26ba46156610ba	3469df001f5d944d118129b20b7c83205e6d7522
ad6ef2e38bbd25faed88c09379ee59a86190c8e9	0d8cfa303106802bc99b26e54eecc8b7e559d72a
fc8acbeb2cb1cca804947ab07e21349d2084d0a0	0289586880a36430197721e938e59058e931df79
d6ad758c943db76e02b30c35d710e536e2fca6ac	e46427c7fc267ba32b113adfabb1aa9073add8e7
2d4e4d74fe547727ae4d714ee1c295938cd0aae6	3ea59d9a8e9936c14d40bf816484960aee0b7e05
9277b1eb539b04fa7d69ad25b8d7692dd92a7166	e85dfc6adf7dd11500a08e2d7f805a36c04fca8f
2c97bac1e021c9a816bda51480dd431ef56003b2	d0703b78fa9af1a160d05881f9b319af06c1cb9e
61c455a0ad88e2dcfbd50ac3aa24b99259e01ca0	432e6adf3e567cb8a8fa50bf1ad4f3ef8009259b
b7cb0d481ebd1b98dabd0f2dd8e225b585c588f0	a0577540353e9c8acd42774d8e7a72f5676d19e0
cb21eeeac1fde29fa530aa037b4f1f354c82c456	0348ace2535854df44930aee2db64df06bfd0757
0f1d8bad60c52a0a315d0d880d5f2e066d6f9d3d	c5e38203eb8e4a4af0e67256555381b00957d26c
2d2b4d3e15ebf018dde144f724df100c285a97e2	9ac31d0233d0cb23840291c4370092eb4952f0d2
eed84176116e58123da04ac41ecae3b2ee35517c	9d8d1cd69d73505390f850d628a142c0e9f73c5b
3697e9d290f1aa53cd4a186a6d1024d7382ccede	07a0381f8bec0f8974b5cf8c0e32b9b6fcb689ea
bc2df4a205236506ededa2d08918c88c2af18b75	f841459004cbe6b33a11c13cd1b3721d9138b7b9
413b0e685a650f58486840381bc5ed68c6e65cb2	78a26fc139bbe0c4e26b2d9b560b1e038cbf5392
695b11bc8e617c842258acf88431409c48ab117c	9f6628445ef7e41f73b410c85461367331604e73
e2270c11da5ce43f8293e73c5299a604c2bf5dd1	fa017b597708810f5027bb18232763a7f97a7b66
4d0c4eaf891b68f33de4453a0474c1a50d8fe72b	58f4a970f2dd6e470014d14d8f5f81fa3a663f8d
5991d337381ea73346d3475874ab2392cff56ec0	021aa8faed8cece262dca5864555528679b343a5
f13d74fe544c5a27c86fe91d11af50fe5358af28	83f6e037d69279d4b24c79dd264008abf4d3b6c0
f9868c80f45415c103850efb4252e6f32ecbce60	baf153434d2a247654abf2ca1bdb2ffe8df6124e
71bbf7c2d790502ce75a6378df98dc74c1a18b6b	d481bd7993d2241d456867e905265160fa4e205e
8652708c59437fd465605ece542faf3c77863bb7	e859c0a6ef4fbc3c78ace8efec33c4bb3d7a8313
39072f7877d4d6a688507b6f29b602afb0bf1881	59a39e66b156171dd4a6ccb27bbc391d6378cd23
cf53b494d78cee69a5f1d4fbe419da272eef006f	fd5ac69a3580ce60c76f63bb259c861c9ae79235
2a5b75267fd98886d1287edd11f725a4d5c166e9	a940703ae1c290b47d357e0fceef82a6e1c74f7e
c515edb93403395298e8877914fd805edcdd61ec	350729cde848aa938ecc13d7a46cf53045193624
53280a6ce9da2aef72b18c4f957c2128d4e1c8d1	2e14cd6d66b0c53bdfa3f12ae21c39b9dc9bf319
8701d90e1fdaf5d5178fe2aeccb08c4fe1a326ad	f703524f0455f423a3b40f0ff1a980d85af294c4
6caa0dde623b8693fafe2910bedf4db9bd55d9a2	aa4435c775969967406bc1e1e79247ec476f6bd3
abf75970d13e2e217ff59cc494f7870d6824edc6	31a2e368ccc699d62b6dce87a7f28ce459e5505d
8c7db9c396224582203fe7cb7d2178b2746ec7a9	97e284e65e4af429ad17fb9222a6c6da1873e045
9c3841b860fc232a52391e13665193a6ea63ef7b	a6baab92f39f82d44341f1284155cba5610780b0
d5c9f7de5b0c6215810c038dcb0734f8626dab5d	7c76e0c3ee9effbf883b9deea7885cfde8d5e517
afa0244023ba34c85bfaaa4b10dbac640a487705	591a4fcf8ebb707d51b47b4826b9a00f76cfb255
96c5ca2693a7f3c72141a9dd215cbfddefa84d44	71dac85600493431c2bad38cba7586a167856c82
99366d154e0d6003e86139e71c833a1fa954cab2	ad90ddd32701494f76dac7ac60c7ebf24a86f8b8
9fea5c8848a54b9ad2558e065961c90dd6f41422	03f457f3d0f964671668ffedf670bc74289e242b
449842231e4ccdab1b932aef7b4563a3571d8a35	a8782563674a6f7078890a5c8a9b862f7469d971
745156c189ade0e5d4cdcfe075e665fe46b08191	553f78ed55ec823f42a161d36844f5b58b783911
be08bffa6bd21de346f50193a798da4e9561728f	1bc7d2237e29603f55e833b21aa91eb6ebf83c71
e92b98138b39d8717e679ce268f295e0541f3dd1	132222013bed35164603317323316af897e06e44
4ec272ea1068c97947e6c722daa23813e4548eea	2008fb552af219013ed8f2b8784c7b752bce3986
337a6c680a9285ad4c95ff9dd2626d639dbcc420	236c034c62982d5f245914e76664078f1c18048c
d6e2ea02d6516a68533e4f3820474e541e33396a	f87baf08d3c9f91108334d988ce2df3c6895fe2d
0bf65ffb13ae27535ec1d624495292ca71bfaaed	22aa0c2f4046957faf68cf56a019fe664e2700d1
6ec7ee380a267bc9c5a6fa98e0ee8347db98adf1	88469d4aaa3eff427bd5a719a3132dbedfabcc32
e5156e64303d4915524451733273575075c22d52	1413c5022a8e4747bad82f8a01394ce3fe23f17e
f12dacfbe2a3ca6ef0e1e05dfea5316618d9915d	aa8cdaee2281bdfbd333a8be8a6bf74efa6bff4b
dd403d57d1642a8d1b29e036bda7ee06a308b71e	9f6ff54a76d5c7cc8c8605015ff67f2c916b044e
9f12f387c098529448dae6c4e159fb33c8f03850	e750c747c6286fca572f735683bfefc53db66f24
c4e8297b3e42b99a24c86e5c02aceea81fb23210	9edfe7d9d328791ab098d1c0035cccd82af3e7e3
ca47d03d76751ef8439a9d519ef4c41df5d8830c	c9b7acd22c16c863b36c05d58f435c04aaab84fd
615a41a081ac8902092e68596e57cbe2d9424295	2ba2f0298c2ae0741fc220c83a7a70d7fd41ccf8
e5d5ee04d725d3b982c6d5b26c47061cb2a5339f	a24a2b475a55fb06dcb61bda904d2b5df3a16718
4b26cc96d115205909f368a533bb0a41cc16b6e7	40054527721f50ec6475fdd05660d80af07d8de4
df37d5400630816d37ddf7eb06b441c9e68e0d73	d4b7e221f06b3ea2075d32d1bf376d40d069b64d
ad7369407534466377f2ab046cdbf71f05554edf	77c98fd0427fec28ba2c89f5c7da086a75fa9e40
fd33051f4fa2a3e21c3c07195f0a7180f059445a	082872b2f316fd9a4be1b94fd94a35b77d1d421d
260d325904b9700bc96fa7d0f81d189c16112fcb	6253e2e24c76e0abdc572b3a0d3b4dd50f9a992c
06f28e8b45f0a0de45b8d59211830a66c9e1f583	4216afe62fe73f2a9e930a7b2a7d2458b15194d8
a889b200d91c6d2d874024ca7e04fd1e6693c15a	8fec78a5cd8f513b2bc7e995548f278b1fef44d9
a346638f738602455e6483d107d4f246695a672a	7ba0a14e970a8aec7b95f9a7e87a56bea5e3356d
58d9d7e86abf07d955a0cab6e0ed60cc4083ed64	3a442347a5a8cacd0681315d4e7a5139c707c711
9bf71610c0e5bc2d9ad52f45697dcfde6ac404d9	c4f4fd97d638e3c14b57f971eb4842a16bd1f000
4b36d9c4df05bb637fa8bd83951289f9b0488d66	ac0ead14730a00c173c9142fd6ca16598bf01b69
d5b6833512c7a6b2100b94d46efa73c876f1786f	83cea9475d661e8938c7f42e9e6fde1f9f8ec2a2
68db825414ae6923e7aea6d787fd638c72a5539b	dc6bb7ab1bda5d428939832ff420919ba1328acd
60f10fc5d910e888dfcb602a000f50adf372c349	c71f6ba3771bdcceda75c2707db584ddbea1f3ad
45540f1c2ffd24be387f3e82639f2a0ccd76e66e	b1b1ab535043dc8418cbf2a02519a0192bd74873
969e1d374c1ca40ad47bb53f4f51cff856bc0c59	7613b8dbfebf160ae1576a650e10450be575d9e7
4ff6bf362881eb8dad281c9f727fb05f3421b1e0	e4cece6095610964f22afe0ce9cfe1bcb355f661
ca6912c41055801ffd155dab8e777896c6bcfb89	bcefe8716f3602b741db9688031ac3445414324c
083447777125b51aab80fe81e017e7bcc827c3dd	746b5d8be08da4973f7e6b2524f6da74d658d93b
7e5762b6529fa326abe545c9309e0c5355d0e785	f13ecbd9bbf9e3dbdce25b3a86aa138006f3b697
40a2399289bd71f03fbbdd147056d5b8390f65c6	e839beb73bef368880fc474a44d82f68e809da28
79a2a43ee85b8b568305edc232d261b90592443a	b797cdf91ed77e1b8a72fbf17857969dea2eea83
5de3af4d2975d79ebbb9870326a6fd0916ffade0	84e4677a94fdf90a543de2c132c1d48144e19730
fcb69207dcaf9ddc04e12cd20447a4155b7d989d	0377a1171945f9ba3f7afac35950bc51f88d7ef1
931f38ec5fe663862f82e07eb39db11ca0e3a5c5	d0fa79044a666e4d709db11d00d6f644f0c4e9d5
da70ac346a2a6f92a8f59e5652a00461d62b03b2	f381f8d35a4a29006e127ec3ee7684f689ee6fad
40cacf0e828ea6b98aa47dbb7ea9614a44cb06b5	92e1e5b893587ad3475a1c912e02a5078a0edd03
2f8f82cfd4ae170f33359362886d84042bf5e197	8e8b4dba225d16bafc03cdb530eb99a6bb0685b1
e6149fdc1a9e3de6f3758f7a4be4b7c0eed39422	767cd558174651cdc30a1b4bf45fcb9a62eb4168
63223b0b8c6d36533dab347a3b4871f93f24d1dc	eb0ef439d6694a93f3a7b6eb5d80b3765cb8b8ec
1722c7dece14a4ddb147dc1a050904e071664c8e	0bf78c0a8a3e684b41a1cab11409f3c9ad297a7b
b424823f2d4c87017289cfa146e382efa9878d5e	12d7e19f325a640d280eddef95bccee920d96b84
9d842bb5d50c9602074d6518d2edfdf82296a157	d1c3dd0ee14fcdc3eef5feb4ca5daf8cfae2f718
7c3c7c22a68a4fe5c44f09fcec4025069c8a00bd	3dfa99efe1fa38679149ca8bc7fa2048bc7c6395
083c7c6662db534e8f6abe5294a1480ac704ec8e	d7bd221a47755e84665e82a263d496734ca07aaf
53d194ea7c5740382a64ab753e9b28b598d74f75	1b7a3b4a74b722451bd0a6928d662bda4c669ed0
7b7389286e5c5c7bb075d8ddf8a8c4a23438a35d	c8424ed8fdc858ed92d26d00687c121d586d6659
e9c3594dfc1d245bb7cdb8f6c3706312c013f968	150df1ae8e7ee1f99d4c3677560e4effc4e0f0f9
18a33e6d41e249ac7f23d15c1c32f3f15e717ed6	5ca9d77176b0a1f287fe7afd97434377a8b704f5
346a3056f0bfc46cd6c84dd66bd4cf107c6925e6	aa89fcc29d35edf530a207703160b59d535f80d6
2b6486a4289cd02ae0bb922e937e6a494c1988f2	7ead0de26b0518079986ed58b4d8d2b0ff4ec495
6f8c1334117c5ff6918accaae794fa8ffd4effff	f22c2690ec8e152408d3e9b9ab59cfa7751c2c72
55c613a1b8e1e8b85513224015776715f5bbfa5f	738bb0eabc7792b8f1a604f901c263596a3b01d7
85c148cacdfc15b60eb56605afb5f5152f3aa78b	002a519a170a37c028cb5da334196c512456efd0
82bb95909c6ff3e857d6b485331ba3fded6a8d0d	f51128f772565bdcc43923eb522f56b1169df013
a124217f481edeaa0d7212dedd75f0e990244719	d6a0aa7ccfaef091f25321b7d89824ea35914d8b
7c191a9814a05404d4b44b4ea4f1ac343fdf699d	ca94a2ddcbd27ee190d425fb3bb86e2c96caf23d
80603514f8c083cbedf98c784f237b3133df8fbf	835ae1217beeb37977f44c45bd4f099ca90f9e57
c1471313f17885af3cea0b56ba656f4d5dda65d2	c16596939936485928e2160c8c9ae41cc366ccde
66f5b1f6496275f23585ae8b9417da545a64c0ba	88c69a06dc91731214c3f0f87d675d9f17718a81
8eb762de4574849db41b3a45d831fb377a3551b4	cd5e7055d2265d43685ac29c80b357b60687e15e
13c8eca4256cec72d2d6e47e02fcf54510848332	3157593b6bd397263e89db1b7c8e7e4da46609ed
0db56e5e8293ca4d81616776b8806adc30e86445	c8399a297e853d57302a118c4956c8ad17071af9
f937f7829be4fc0782371679bc094855e25e1ec8	529cfe2d9adaa894edb2b744f8892ccb60b82b59
7d6cd847fe38f6aa26d859793d7fb3c249b4e946	50869c6cd2bd82b3b6e83737a312d1c2707a4b63
92e2f6014b6595d764b7e96844d05edc457a49fe	44fcfab9aa31a332ae34df5ba78bdee05fc3cee6
6faf0566f2a8e372a940962f96f21ddbcdb18fba	340fce9f1cd682882ed450a8b721daddac9c3193
e0e8f5e39d271d173f96d2f1f234c0d30a636fc7	51bbf93ff21e62ceb33b0757360166132973b0bc
e3116dc199a636c191c85884727a7d9695dcbee2	f8d13d79c77d3ab51e950b1a7678c01976fe7a51
29e9e2ad72f29c0a795112bd2441e791df0bb677	b0ed1dc1066f8b79eaf7921b8281663393af892c
338fbab7d380b325414824728cff25e6948a6964	ef8dde2b705ac8d5bcfdf952676143d35ddf9aa4
144c1fc35260001ecd074748272ff84585b22055	97870c9288f3c2f50cb988043d8807341034e2cf
75bf4d27abf33a7dda1d6a277420b849c15c5d4e	c9226aeaafcc43603a2c4c499622dc6daab5afcd
36a38b145c6465b4ca903ad7c63b8ccd4980749d	7b30815938e832a8574680959c50e33af217529e
e41bf499de05df46f53397b50cac81cb0171fddf	517a89fa9c0737db535af2f718882003d36d0609
07b5f460451db4626aa6a85f7af2f6e4862f4e61	cf80073f27ebe2f9a820d3bd83ddb93411690b0e
bb8ec93657f565d322f0fe066d8c8eedf5b2c90f	43353ca5a44df6a334125c6bc569c698c6355d11
8510e2efa6d60362206c2cafbf1de4f6edfe51e7	b79b19c470d7f1d2654f6aa8c6264ed21fba4e83
d929cb61027286f75abffc2ec2c5537de6a50f93	ccdfab378af0a7949661a4c64a8611913973b4bf
3e82100924caaa78deca527e702327d87cacc535	0e6b4df8f1a63c175cade05ec2dba675862e535e
89a7fb8b8d34c20bed64bcecd195e9c96ee564f7	79a4b18ec7417f6b6dfc02b23db0858c696654e2
ef3e3e5382989940dbfee1cb542ad17ba660adb1	e05ee55545c94fa87749e098ce98989b18abed93
1125c6429df62e6391ecd8ec61a980928d13660b	ecaddd897e3229174f866241ca8ce183834583d6
2d9dbd0d405fef337eb53997a891dc167089a3bf	8ca6c246a883d4f4b5c976b3a50ffc514f056aca
d315947a86b92e89bbd1ac91d50d24fbed5bd4ef	55d9a0ef2fe03cccca079157d4a66eb066d9d4fe
096f7f5094419b28191934241fcd0ae68028b2cf	4067e0f25c8330344cf13eadedd4f724f8c73552
166e04c16ade9f5115bb9d3d3292c99236dd87ba	6d78cf6b58da7902793f1d7c2033b9cd6d7f1999
3208ccba828290ccba9ed6db02ef7f8746cdd2b6	df6635c62020088bbee6abfa6914cfdc2c51d461
4fe4ab1c835f6b92150ae17f6aa59e58a699ba19	2c6d23952518cc633fb219b29f49de6c6182c48e
237bfe2aaae286ece4903d3673b282e9dab24b2b	0f74f6cd60b3492d290fe494bd0be46243be8e72
f75af8e986c5768accd01e30942242792a039d6d	6ee10c03d10e156d057c23f94e0dd220c90e0399
6a7032c1a402565b48b0821404e94c43ffdc803e	587739e95c0ab486258a0e17c75b96ccb953f0f8
d74a9e5a88f37480a21de972410c510fe3e7e19d	01bace776918c3fca8d1b5b4fd6aa357e5bba68d
02ba67523f553d6df4b7b2193149e93c5ef62c8a	dfa10d4ebe54da4b8185c48c7c0af59b8ae3a9da
669f77f6b0fce7de7c33db5792d686de3bb93c95	f691bd5ce1be30583cc454c2df268dc208d6c5eb
32d076e9b460162b90e757fb5747b18933986ebc	64dbac813837bbadfaeec1a6e0d064875a123e5e
cbbd60c86039b288159ffb6576e5871a0eb497d4	1c3c154d6d6e163e5260feb8ddeea2ee721aaab6
e4093c4a8990c330318eda7dbefbb4d9f4d78296	32201cacda48800ed317c0d0e1b52a1aec049862
20f0066590baeb3d9153a234603ca94c58e8cd3d	5f566b140fbed0c6994f50b779f13a17cf4854a1
7c9c869aa8d4855928b3ac3a4f2877e0d39c8c73	03890151d79d4818941d742ae20c5f051b1aec3c
21fafab8a83708f89933db436f6daf2e23918095	8e4de294092e48e199a7493342ebcd7945b43a00
18be9243c53f054ae49881522e2fd4904f2c7069	f6f339049074cf0634b0b8886de52bf6c89ffecf
e326559f1782106a8b0af9935bdc0117d47ee65c	d4cce1b5b9034366b4b98ccf918ec51527ca777a
77f060431432f3729e76850081ab2e245164360d	44068500bf8842c8849068676a61ecca8f127a33
65c9ade568100e9f53ed32539dd8fe2b7e26ee3b	8ce263669e05c59a8753abbab45e67473b0351f5
3512aa7db714c7a082c8b5cd71bff4c481def805	6b4824ffbadad878076378b0ca052321c0605c01
96ebf1f0d4027260a8c9c0318aff5c15c5d11e21	9a8918cb9e65e2571627ac94b7b00822d7a2443a
7703634a27e3a001a66b43477909c31a753ebed9	b1c2440371ee4e75634175753507ab50e4beccc6
caaffd4e6eb09616dd226457897e9357c655d16b	37b11e614ce53e64cfc1a41a6551974ab05b1b0c
929d9bdb7d2170a189f387137f545719a3424a6f	14b6200fd81c41af243e4c87f0d9d4e43d717209
a5bfe630b5e84675727a16b04bf4052a05baa514	7966b80476b04ad74a459a6128319d03440209d6
8760204e83ba5477f57524f98be5910b2f7b354e	b526ab2746b42b491e736ad322a4b20dbb3c782e
dbcd80d791cb73a90ada978a4054d2e99e41947e	0e0a892b7e812985196635fd11309fb4d4e5afac
262a328389693dce4b6634d5401cee9508ca2869	fe3649cd2709c550fc329e80c112d4a0e4cb1da0
7688d9aeaa3ad6e4379215814445dd3cbce60e45	e014220508addc2f3e619305c02af1f9b8487ea9
458d30580cfac99f79eb7d861c25a7c49786af5f	d06fd03dd8046ce6bd11e22424163313de43eedc
67c7ea547dd9858438e59258366114a94a0abbc1	0eed0ca11a3a8d680c67798d0317e58d16195758
5036484232fb6ce8530c3e887298fad9e4882ee6	c57ea9e47c09c191ce183d24c59281542cf33841
d84b038f23129ad7adc59ad9a2b7cdccbcc3cbf7	70b4577dbea5f51a97ac64e32050669fa0b35079
984856c98da51073d4e579d851bd2440e4f4591b	5f1f55fbe705e4b758e59752c70b821a0551f0ce
8c1941effa1e9b21cf9a1b0e5e402a72d9ec4407	2d3d46eb34c5d6c1fe4cc14e6801a7581828db65
00b7b3ee3ae0b83264ea5547650463e691cb5e33	2ce09b6ffd5eb702be97f2f97f87d30fed88ae8b
7461f4a4760e4b0d4d1f506b6155c7278c99b804	d3378a575c69c1a4467ff57e99ac79ddeed48293
c553fa63e351285bf0ed1f4dfa3f631b2af6ff53	9b9b5ebb724e1f08e6b03d60ddedb32296512e61
39f01ae77e508560b613b59b0d229688ebee24c3	0f7f800e95b0365fd8ac45972dc201ab7f7ea4fb
4119a5ae5389109275dba83c6c51bb000c639ca2	457de868190e4189627401510dde4899eaf3f1a1
353da09dbb5645e5022d998e756534c6b856caea	83154eadd3ee4ccc8692a2838e020e9b20a6fb6c
4b46c922481fa99df697100e4b97e3ddf336d34a	c0a2f772582efe42cb355627578331e69d4bd52f
9641965ac31335cb6df14623df33615eb31b9a97	c240f1b359b908d661eb6af331596f7480636b7c
4c737e2fb777e51b0cbc7cf931e76fc0680a2a7a	aa074a2063c9f33c3cd15f7a3491fefcd92f2c20
81d196d265ac236297ae67b9816214a144efe2ed	f008d0bde30d9425920972ac718c1e7771e629de
386095764d716e6484fb90b4ee3bcc8a41cb04cf	0347a7c038a619a686ad35c254f705b66fd9fd1a
73d711f870fc5ef04ba9978fe155f9a41ec77f0d	75508bccb5934cb8152b47f7248ae4805ba2bb14
a560a0ba228ee2a2bf8eac912fd0fafff10e7eb1	593799a98825f36ae7a67f7d9ce8f62d4ce21362
36fbc59c0d7436e27e0540a03f6562f784c7b04d	816d7b734cb609abb7327464cfa101ed9b309601
a0e175aa723f7717af526ce1f6c98ae6ab9a127c	5491895a602a33c458cc33e7f5699f61e5c2c822
2e3fa77cac11029faa3df83e7bc6389d9c7b58b8	9394674b63568ec2bb1a645b2af78bbfa7a04997
d44b9d8e8476d8f0ba4350a6e38d764aab5a7064	146008a6311ca52c406d385a0b7686d1ebe31833
e9ab2307b575ff745b15403c040dadb19a1dd340	cc78f0347de3bd9469d16940d44122350e28f4bd
481230ea31b7926c4cd49304069ffb3fdca296a5	1f05420745fc7737973fa343459f9b1a0b26f670
3a4c8a16619b1d8150f75e81b47b8ce0c50f05d9	32e2730ec66ae44eb21910dd72bc4e8e7073fe31
52adcbcec494ba1099b2ffc8b23d0e92854d8a8a	29c329dc52f3c3c086ec90a4f29997cf3525db8a
64f51dcbf3ba16271051da8f84d24b0a93d982ee	7d8a7c5c7de4b515c847783ea1b2e831be041b30
4d555fa5ea8521e8506e135059eb6a6e10955606	9e9e6f7ee65364bff14a169c0df1b20c59c0947f
13a6464ed0957f0c16c8acbb28830b3681dff50e	fde33fbb3057a27e4025e57258cd2b44df85bde9
1ff4d54f2844ed0eefac5e1e721e31a45637bbd8	67edc163cb21d7b1b952fa3f6d20449fca449f0e
d54214558f78c32c8ebce476447e21c1604f51ca	fe8e9846085a7f618b3c54b0968ae37c6b9f2444
4aa751545989dacb53b90cc64bf8c513c9ab0ddd	7d340e7ef963a973d7a2fb6080ec511c09c65b42
1a9f178185c7ade2fe6ae8a6ed313632461a3fcb	af19ba6119a4d8cb5f973a789312761de0419bb4
0e4b1b895e5c5ddb5cecae2fc9c4eafaa7f2c7a6	8666631732dc9c84557fece7f4e362ed3dfa81a7
063797043d523a6b268b66ac4b9fe1be9dcd68a9	ce4b7231e28d915d675a4b4a3ea44f27bff3cc03
ca0ea858fc0ad47f788ed41eb06d40fe0c9827d7	21641be9d1d8235f074472d2627e4abf18b1276d
872b37a2199285711490fdadecf196f477477cc3	5f6f33c4645d00ed4ceb0ecb4cf26c41affbca16
59c0256485c94fbc69e96d7bbc736ac7143310cb	4abf669d09722c5a4f469488a0bc56ac1329ae0a
e2dd2c2751f709b0858683af6b4840c417d3f47b	187de6c7386e6ad134b35a0aaed663cf285ec400
760778937a513e02a3b044dfc8b97261abd19db0	884c0cf595184bb8a9a2883e44f0356aa1b5dc1c
abf8e01d9cec4c96c166c4f688b574a6479c93ad	9f8978bbcf3a7a0265a246b960fa9285d33c0357
b6165aa2d1847d19b379fc71012a39e57cd4731e	bcdf71deb321d8d9e34e9fa5a12d153063648419
1ac5328bbe38e332a9d67cfc07048314a56e2e06	7bc7b72c613a1e55b087df4df081bdd9b676b8d1
86a1834e545deb270871e439e0b152978e1cf9cb	e531e89b4b6c7461bf66b16b85b29f8b617c7625
8a3e76cfc0bc6eb59cf30fd055bf5989fdd7b139	e5e24ef51dd872cae580fe3fa3e77708cd2edc87
7c1ff6f5d2c42947206981435ee63ca9ab7ac8b0	c4e46c35b59381d0aaf969a15f085de38f0b0796
0e9c99bbcb28482a2bdc1bb7799767ed21b5c9d0	139127f1e4261090bb5dad18c53e387110624433
51d71b052aff74235ab3a8b05ff072ad103d9b28	3838d3070df593aac10fa14c50953112f9b347f2
684c6c8feb40d7dd7f9d29a3c8167d44b99645fc	8004ff51f070699ed05996c2a18be4a097240a3f
d10ee9f5d48358b4e12101a383f44d9304250bf2	385c42e6381450efd0d2e390f99659d1eac8a299
f96abefd4abb6f75e31fce3c51cd2b045fb5e6bf	6327c4b40ca0e5885d816679505429eaf289acd3
8e670b354c5b96c3e33f25318e32aeab1d90b78c	45643fbed1c92a009b16e9184064bc1c1b7dde92
ed9b4e14f86efd625ef0ccac61f868a2ff0ad13f	6ac1b395cfc59141cc6c6a7e00f33f49497b8e7e
1c17b21dcddf3ade5680d72c9c2d34bf4cbaeaba	c5b3e8b04235c86df6c35ddbc3e5de81bdde7f5c
196454c3f6f13c57e4540ee87933e360887e44f2	c7fabe40edd51646017c14003311e0bfadf333ef
36da6fb8e9eddf82b145ac313a8b7c984bbf8722	3fb011712b8bfcf203699d13fb782ef3cc51cc99
0668e387a4c7ba24eb7fdbcde44be758701aabab	6b1a68908db326ca113b2179007623f2379bae9e
85ad171290854febc3f39241357fb5fe284820ad	d1e83882e50946b986c6cd34740391920b04bf1c
496878357bf4fa5d717a09cef391ba4f28bc0c88	cf845d946e7af5bdf15c8b55e5373bcc6667d468
fe5fdfc22b845356449f47c2716d80b7f8076e33	4094c94971fa18be12cb69d3a4826444b51a42ce
782efc8404291cc8e8a10fe0d8d4a093f8c77431	ae36e35de723c1f302c2d2f68aacc186aaf84465
518afb9fc5e2abad12294c97a760620531aec74b	a4b5c61e252261eddc9b7d073d4967e061456620
048fc15bcc4e87768798e7e405654262bdcd3a82	9caa37c12a805ef0adb3e823f086eaf6b3cd4cb7
ab738b3dc4c1f8219c5f10f2146a32bca532df25	9871ed955b866271039f373131a260c7309a0472
4f2a802af31e92115e7b4ab88415c9f7e44957ef	afc2f509a466d6534fe15f98dd36f988b1ea4b3f
325b308c61c46d50e9d054f017185d0ffecae259	fe5618c35d784783493aabdd65d279169cdc97f4
bd31b9168dbf3f9a8240c42ac8b59cf74d133726	8619e07d668cc48c6dcbe26a728c20d353e28ba9
70b4d76209dc2bdbeb10493ccf6d3c1fa0b84bff	eb35d6793ef360c3988979d75d65e742736e4001
ccb87a9e816a94250c3e09e7036aac10f2bc5118	a25db09aac62de15dbb02e38cc901f5d9022499a
dee95cabc26897c4eb922c08396ff0eafbf55669	8969a15858858663c9cf6dd06e20b85ee1107808
46fd705b04d5458a72988668c482751b0a3f9c30	377f3f83a21d2dfc3d7eadc014677e0f1e0231ea
4c584494a56802db011d1426f7856442abf1e41b	5a3de62c508a21d5180f7da155715c74823c90e9
cb35f0a83afe7f89cadf6a499c036d85350df082	2c2eb31e189d1d2b9b68547ccb95439a0e04adee
876390656d53de45818fb5b26ca3d06f32fdd8e2	e13b72afca495d68063d660c72b7a03c0d8765d4
2ddc16516dea82221befe32a2233f6504b6151f7	b9086b31e641c9758d8e6b5ce829d353f4f1628f
9494bc2c10b131379bf9419d0cd36903ecc7980b	de2db7c2d20796ed4f26f722aff836c3be56ac1b
943efa4980d72a462d3f9a7bb90beca33d62b5dd	238afda9da4d968cd6dece3cdba8a8e32910ec71
13def30e1d08cc6924677397ffec859a27df6584	e7d557fd9e3f818b7f3636c7469df0f3acde5f0f
4b47134eb07d6010d162bbfaebc4c4c52b59d826	4fc763cfa28deff1654a86a45bdee4f3d2216f64
0fd5257764e34438fb08d86e05eccc28c178932e	b47f3adbb389db67fd3d487311c074893e0401c0
ea8751828cfb4a5d006f8fa3222a6a328a2c89e5	862e3c430c3d32cdaf9163d9a67a121fe062eab6
917207c43bb4eff49b605caf736c9208ef4437d3	dc127e29941666d6cb095174d9c5769061211657
161b66a5fc5b8298987fb78e53b51f63af091a09	3c1190e2c3fb200f2bd6fc013a85b7eebb34c452
7cdc48121e5daec4a371e2a63628e0d43440994a	a104d18277c7590c823e31dbb9f1d5d07b7068a3
1ff834b1372f37bdf11599661675ae46d8532521	6048b1e27081ac6d1e30f588c21470cf7015aafb
f7ef6fb3e00d174af23bb3a01143ec45f2af3386	0ef2e330e31e0deb9e057e4c27fecb329137628c
5ae6a0ece89cdce3f69015ef35e94bc824e6e09e	b417bd5be42008cce750a97f373a16f7dbfc820e
0a92d8eb47ebcdd35fe247bcc020b0ae60173177	7f841917483e21132f28dcb257d8fa219f51c64f
054687a78c00e288860864b7682abad8bb4bbb86	29f78248dc5e88270c9406d8bca800c7691fee02
d5f03b4f80ac3d96969ddffc3fa6da989c733700	638f8a52d1e874189251cfc1e9d9afb4e563e505
6c43a2f1b490018215f1de8179c47c20920f4233	4432cc2253eef3d8645c7d2ee8f9527a5237c94c
ffdfb57f082e2da51600dd354dd8689005a2612f	730144cc26b286a95e56ceab3562ce53d827c787
f62f3a017b743523facf1117e5f76869c1d8a0d2	c463d0cf8024d0cccf2c97eadfcaba079a413163
907017497d59226f5a68c34de39d586931fc238c	8eecae92b2e58f639bb14ee8805a5a7a63c6efa1
4186624505135ae86d8275bbc110c7cd31bc8d36	683245156164c57a9b769b36f192a20a79acceb6
bbf562abf6078623b3cd07ab0901f59078d451fc	41925b6606babb27ffe9443b8c13388414eaec9d
85335c5f301f42fec2a1e75b69d80f082b8925fc	211d97ff8a508cd56808fbd1f9de25b66bd52d2b
dac4be8c6bfed7a756b8b5ba58585a1fb433716f	8fa953a516c0c233ef6e6bef534787129934669b
4b66b60cdef7f1ed2fd96f0166f1f11eaeec7816	7f8c9ffa30111a133090a470d706a4c78bc850d5
af1ae69f36715a5b9a428a451ba3d5e305c8a1bd	f448b6b97741f59c4672497f89d4eca0e0f99eff
b2abaabc57ffd9fbde8594db4b2385af5552a507	e0cfc33fe2b748f7014286d06e7af2fcc06a998f
c4fd2be4258992efab57b27e9d686559ba83a576	76236a0b75b0c394434d87a2d57d3cf1da32f835
f8d34c825ff5a752fea0ccc644298207aa369c3b	0cb9d790445aa98826471598e79255cbba6b6dbf
583b735410d0e4458fd08b6d548c051e5a436065	eeaee94e5e354a2696ff3366653f33b7e1a06f03
7a24f908ab50ff7a94e5a3a8fcb621810c76264d	ddbdac7d9731226f8b63960995be2589788550bc
45b549cd7ee880392643bbe302ceab7a49cbb62b	b44a1cd823ceb15be0f1f336e6d602fe7d2b1101
93960b3a7f64e68c15d25ca4396fa75b11431753	d6d02b9924a665966cadb75b14a40ef7bf8ff800
8125e598d919a3cfcfd931e3dd2e070f7c36e4e7	3699a57847666d66646798598e15a4a5081fb39e
78aade7fa0949961eba850abe21c82c50c213a8c	d45007b501050632de0e235b27c532d0d63addfd
695027fd1410e7ae8dd28e15e0c5e165dcff1049	9c256afc1ab9f7964808690827df749114abb03c
521c514c4064d476ca48f1800bf4eecc91d53ee9	538a1f59094ed25e71c0dc1ec916fa5d552c6723
f08dfdc57382dfed6fc2f118ed4597dd9d2a6b8c	ecac3834770d59569effe30644dd34ccc130ee20
c1ce66ad32cefe798b441bc6b65f8fb67a428cc7	8a761d7e3b9514736d578ec505a6936f0102a9b0
71a1eb80d4f91717197995cc64106fc2057b9f5e	651c4b539a8627287e92f6781dc37b65c4da1bb0
07d38d26d0f614dcd8cbbb53e19afe56d86452a9	81330d32e06c2d5ce260d7be432b697abc57f3b7
312b9382bc73c5405731c7bfc02fff55b9b7b966	3696e81eb45867f296706638d6ab25a1aeb86754
f1033a8ce8bd5bf40df74413d798522b7f557b78	46f28a9de971f41b3afc3ae49701d0715a17b2b4
ad6e319740cbb217fc4b5470fb805fa198272aab	dcd7ca78fca74e870a2e1edc0b03fa808fca96b2
f962a44c9e6d30a2f3392a0b64964e96c3093158	86a38a1c7e4f7f6cdd7d03e891919c596e86bf09
502b215a1be81802e1ef779ce8edcec14c37f488	2d9203ee746babc3ccac4302813ac57bc7678149
bd3300fac27bcea912d732010a8c48ce618f007d	8392567962ac759b5415e688afd8a1a2c3e59d48
ea670acb985bd3335bc51b2201295621ebd55e73	f76102dab51234be69a69511ea85a57a2fb12db3
fb10424c6b5bc3253a43f52d58a16e7e02d5ef6a	43cf0441db89ad2cc70c30144f81f944b74267dd
51b2109caa046d9dd14931bdf753b0561d1c8dc1	792dc83778aaf3829d481576dbc88bbed3d2ae26
551bad3f54a8afca7650c564cfad425ce07bb624	718b4afbf3ad211dd6200387d0b721af2ef68940
d61c7a97fb9cde8cfb7ca0019936f81d83b18789	13f41f59d64c68fbaed88fa909552453c41f0f21
0cd378718a225c9a301120f8beda7f72f76007d4	ca5b782106d7e4e287b5d0a344db5f3631f9ab6c
3bf7fcadee571421ae6f6aeb6e100c137229185a	8e7f215514cd023731da5d5f2dc31592d138506d
d581e970bf12551ba1800f6791e2b803d9e07746	4fc4eb09b047a954719e6f1cba1c47c282811347
c277685943d9be5d8a53c82e019463371995c13d	18e3f43df31befd2a4f04a361f865a6d85a55c93
04ec7be66d268250b4e404ca51dca665fa203388	28b865acf0537aaab0b83f9be9afd400a9819a3c
e6ddea813531c776514d6c45809d31b30ade8411	dd56b2584b8f91d8daa8d529b5fbaa7c3d4f7edb
5aee91c1be17cdcebd8d5bb49af4f5c4e1a28a85	70c081260691b8aee021be6c2cd019b224af67f8
3f25137b141dbed92ed42ee67b46a65888f229a8	ef5cfd59d4425ea59493ac93aff9a30a5afa1429
0250ce481709e3261961844cd89ce03874a7e2af	85a695caa1c0c4b868130e36560cde71fd5d3f3e
be8006c2c9af0c17586d18f7f10b8a60eb7858f3	30444057bdfa24690867fcefdec2e5c724821db1
35678ba089792f6986f0162aee57dd06dd87807e	6eae8e361fa851d5f415f3b87f5179c3f16fb550
ad2097723cd834b79704b5ec0e999d221b28c6d7	7c57eb70e8cae9b29cdb06bbc590d0f03fd57b70
39dca9edb791cc73f5d305a5c6c50456ea8353ca	9f4c0ff6245730c31bfbf96279f411a2afef55f5
8df6e8e848018113bf5b27de7c1100b5e819f042	60691819b1b59742d685f75f51aefa371cb31b02
